# Name: age
# Variable_type: age
# Unit: ky
6.0,0.00026767740697707874
6.001,0.00026982687514319156
6.002,0.00027199251571570124
6.003,0.0002741744411003332
6.004,0.0002763727644085498
6.005,0.00027858759946141075
6.006,0.00028081906079341953
6.007,0.00028306726365640814
6.008,0.00028533232402343635
6.009,0.00028761435859269124
6.01,0.00028991348479142097
6.011,0.0002922298207798853
6.012,0.0002945634854553026
6.013,0.00029691459845584495
6.014,0.0002992832801646185
6.015,0.0003016696517136812
6.016,0.0003040738349880795
6.017,0.0003064959526298804
6.018,0.00030893612804224185
6.019,0.000311394485393499
6.02,0.0003138711496212459
6.021,0.00031636624643646905
6.022,0.0003188799023276617
6.023,0.00032141224456498115
6.024,0.0003239634012044198
6.025,0.00032653350109197786
6.026,0.0003291226738678681
6.027,0.00033173104997074275
6.028,0.00033435876064191354
6.029,0.0003370059379296215
6.03,0.0003396727146932925
6.031,0.00034235922460783334
6.032,0.0003450656021679419
6.033,0.0003477919826924199
6.034,0.0003505385023285174
6.035,0.00035330529805630137
6.036,0.00035609250769301373
6.037,0.00035890026989748587
6.038,0.0003617287241745322
6.039,0.00036457801087938903
6.04,0.00036744827122216727
6.041,0.00037033964727230457
6.042,0.0003732522819630561
6.043,0.00037618631909600296
6.044,0.000379141903345553
6.045,0.00038211918026350035
6.046,0.00038511829628356094
6.047,0.00038813939872595424
6.048,0.0003911826358020032
6.049,0.00039424815661872763
6.05,0.00039733611118347874
6.051,0.0004004466504085958
6.052,0.00040357992611604886
6.053,0.00040673609104214484
6.054,0.0004099152988422082
6.055,0.0004131177040953076
6.056,0.0004163434623090039
6.057,0.0004195927299240871
6.058,0.00042286566431935915
6.059,0.00042616242381643686
6.06,0.0004294831676845405
6.061,0.0004328280561453493
6.062,0.00043619725037782675
6.063,0.00043959091252309676
6.064,0.00044300920568933906
6.065,0.00044645229395667336
6.066,0.0004499203423820915
6.067,0.00045341351700440874
6.068,0.00045693198484920045
6.069,0.0004604759139338062
6.07,0.00046404547327230525
6.071,0.0004676408328805426
6.072,0.00047126216378117104
6.073,0.000474909638008688
6.074,0.00047858342861451707
6.075,0.0004822837096721072
6.076,0.0004860106562820234
6.077,0.0004897644445770985
6.078,0.0004935452517275606
6.079,0.0004973532559462077
6.08,0.0005011886364936066
6.081,0.0005050515736832747
6.082,0.0005089422488869148
6.083,0.00051286084453967
6.084,0.0005168075441453591
6.085,0.0005207825322817866
6.086,0.0005247859946060185
6.087,0.0005288181178597113
6.088,0.0005328790898744624
6.089,0.0005369690995771444
6.09,0.0005410883369952932
6.091,0.000545236993262515
6.092,0.0005494152606238768
6.093,0.0005536233324413672
6.094,0.0005578614031993269
6.095,0.0005621296685099304
6.096,0.0005664283251186909
6.097,0.0005707575709099475
6.098,0.0005751176049124092
6.099,0.0005795086273047134
6.1,0.0005839308394209705
6.101,0.0005883844437563821
6.102,0.0005928696439728225
6.103,0.0005973866449044764
6.104,0.0006019356525634995
6.105,0.0006065168741456582
6.106,0.0006111305180360282
6.107,0.0006157767938147109
6.108,0.0006204559122625307
6.109,0.0006251680853668097
6.11,0.0006299135263271008
6.111,0.0006346924495609868
6.112,0.0006395050707098903
6.113,0.0006443516066448728
6.114,0.0006492322754724867
6.115,0.0006541472965406492
6.116,0.0006590968904444928
6.117,0.0006640812790322982
6.118,0.0006691006854113807
6.119,0.0006741553339540467
6.12,0.0006792454503035599
6.121,0.0006843712613800949
6.122,0.0006895329953867453
6.123,0.0006947308818155551
6.124,0.0006999651514535225
6.125,0.0007052360363886912
6.126,0.0007105437700161947
6.127,0.0007158885870443613
6.128,0.0007212707235008456
6.129,0.0007266904167387269
6.13,0.0007321479054427007
6.131,0.0007376434296352184
6.132,0.0007431772306826917
6.133,0.0007487495513017211
6.134,0.0007543606355652943
6.135,0.0007600107289090563
6.136,0.0007657000781375903
6.137,0.0007714289314306714
6.138,0.0007771975383496205
6.139,0.0007830061498435941
6.14,0.0007888550182559465
6.141,0.0007947443973306164
6.142,0.0008006745422184771
6.143,0.0008066457094837653
6.144,0.0008126581571105173
6.145,0.0008187121445089777
6.146,0.0008248079325221098
6.147,0.0008309457834320393
6.148,0.0008371259609665755
6.149,0.0008433487303057468
6.15,0.000849614358088316
6.151,0.0008559231124183535
6.152,0.0008622752628718367
6.153,0.0008686710805032108
6.154,0.0008751108378520548
6.155,0.0008815948089496763
6.156,0.0008881232693257923
6.157,0.0008946964960152204
6.158,0.0009013147675645416
6.159,0.0009079783640388333
6.16,0.0009146875670284232
6.161,0.0009214426596555987
6.162,0.0009282439265814328
6.163,0.0009350916540125327
6.164,0.0009419861297078684
6.165,0.0009489276429856209
6.166,0.0009559164847300002
6.167,0.0009629529473981275
6.168,0.0009700373250269447
6.169,0.0009771699132400768
6.17,0.000984351009254807
6.171,0.0009915809118889807
6.172,0.0009988599215679846
6.173,0.0010061883403317496
6.174,0.0010135664718417161
6.175,0.0010209946213878707
6.176,0.0010284730958958076
6.177,0.001036002203933737
6.178,0.0010435822557196203
6.179,0.001051213563128213
6.18,0.0010588964396982025
6.181,0.0010666312006393616
6.182,0.0010744181628396553
6.183,0.0010822576448724346
6.184,0.001090149967003645
6.185,0.0010980954511989843
6.186,0.0011060944211311826
6.187,0.0011141472021872008
6.188,0.0011222541214755098
6.189,0.0011304155078333928
6.19,0.0011386316918342051
6.191,0.0011469030057947081
6.192,0.0011552297837824272
6.193,0.0011636123616229576
6.194,0.0011720510769073886
6.195,0.001180546268999648
6.196,0.0011890982790439277
6.197,0.0011977074499721304
6.198,0.0012063741265112733
6.199,0.0012150986551909683
6.2,0.0012238813843509224
6.201,0.0012327226641483874
6.202,0.001241622846565728
6.203,0.0012505822854179081
6.204,0.0012596013363600578
6.205,0.0012686803568950663
6.206,0.0012778197063811215
6.207,0.0012870197460393344
6.208,0.0012962808389613823
6.209,0.0013056033501170916
6.21,0.0013149876463621568
6.211,0.0013244340964457518
6.212,0.0013339430710182475
6.213,0.0013435149426389433
6.214,0.0013531500857837332
6.215,0.0013628488768528781
6.216,0.0013726116941787838
6.217,0.0013824389180337176
6.218,0.0013923309306376646
6.219,0.001402288116166079
6.22,0.0014123108607577248
6.221,0.001422399552522555
6.222,0.0014325545815495034
6.223,0.0014427763399143916
6.224,0.0014530652216878455
6.225,0.001463421622943132
6.226,0.0014738459417641592
6.227,0.0014843385782533516
6.228,0.0014948999345396235
6.229,0.0015055304147863892
6.23,0.001516230425199481
6.231,0.0015270003740351875
6.232,0.001537840671608295
6.233,0.0015487517303000582
6.234,0.0015597339645663216
6.235,0.0015707877909455165
6.236,0.0015819136280667745
6.237,0.0015931118966580448
6.238,0.0016043830195541528
6.239,0.0016157274217049496
6.24,0.0016271455301834824
6.241,0.0016386377741940844
6.242,0.0016502045850806215
6.243,0.0016618463963346067
6.244,0.0016735636436034326
6.245,0.0016853567646986152
6.246,0.0016972261996039593
6.247,0.0017091723904838353
6.248,0.001721195781691466
6.249,0.0017332968197771284
6.25,0.00174547595349652
6.251,0.001757733633818984
6.252,0.0017700703139358594
6.253,0.0017824864492688383
6.254,0.0017949824974782275
6.255,0.0018075589184713998
6.256,0.0018202161744110758
6.257,0.0018329547297237464
6.258,0.001845775051108096
6.259,0.0018586776075433448
6.26,0.0018716628702977057
6.261,0.0018847313129368513
6.262,0.0018978834113322785
6.263,0.0019111196436698663
6.264,0.00192444049045826
6.265,0.0019378464345373946
6.266,0.0019513379610870294
6.267,0.00196491555763518
6.268,0.0019785797140666845
6.269,0.001992330922631765
6.27,0.0020061696779544893
6.271,0.002020096477041433
6.272,0.0020341118192901534
6.273,0.0020482162064978148
6.274,0.0020624101428698065
6.275,0.0020766941350282868
6.276,0.002091068692020818
6.277,0.002105534325329041
6.278,0.002120091548877223
6.279,0.002134740879040993
6.28,0.0021494828346559263
6.281,0.002164317937026241
6.282,0.0021792467099335145
6.283,0.0021942696796453036
6.284,0.0022093873749238677
6.285,0.002224600327034929
6.286,0.0022399090697562884
6.287,0.0022553141393866715
6.288,0.002270816074754359
6.289,0.0022864154172259855
6.29,0.0023021127107153237
6.291,0.0023179085016919753
6.292,0.0023338033391901896
6.293,0.0023497977748176786
6.294,0.0023658923627643113
6.295,0.002382087659811036
6.296,0.0023983842253385776
6.297,0.002414782621336296
6.298,0.0024312834124110665
6.299,0.00244788716579601
6.3,0.0024645944513593788
6.301,0.0024814058416134594
6.302,0.0024983219117233058
6.303,0.002515343239515735
6.304,0.0025324704054880817
6.305,0.0025497039928171184
6.306,0.0025670445873679907
6.307,0.0025844927777030086
6.308,0.002602049155090581
6.309,0.0026197143135141807
6.31,0.002637488849681123
6.311,0.0026553733630316195
6.312,0.0026733684557475757
6.313,0.002691474732761565
6.314,0.002709692801765811
6.315,0.002728023273221019
6.316,0.0027464667603653635
6.317,0.002765023879223491
6.318,0.0027836952486153393
6.319,0.0028024814901652347
6.32,0.002821383228310723
6.321,0.0028404010903115957
6.322,0.0028595357062588833
6.323,0.0028787877090837425
6.324,0.0028981577345664725
6.325,0.002917646421345532
6.326,0.002937254410926419
6.327,0.002956982347690767
6.328,0.0029768308789052227
6.329,0.0029968006547304742
6.33,0.003016892328230307
6.331,0.0030371065553804733
6.332,0.003057443995077742
6.333,0.003077905309148955
6.334,0.0030984911623598865
6.335,0.00311920222242439
6.336,0.003140039160013268
6.337,0.0031610026487633217
6.338,0.003182093365286418
6.339,0.0032033119891783615
6.34,0.00322465920302796
6.341,0.0032461356924260764
6.342,0.0032677421459745087
6.343,0.003289479255295121
6.344,0.0033113477150387254
6.345,0.003333348222894125
6.346,0.003355481479597177
6.347,0.003377748188939668
6.348,0.0034001490577783683
6.349,0.0034226847960440784
6.35,0.003445356116750482
6.351,0.0034681637360032954
6.352,0.003491108373009111
6.353,0.0035141907500844346
6.354,0.0035374115926647396
6.355,0.0035607716293133036
6.356,0.003584271591730253
6.357,0.0036079122147615866
6.358,0.0036316942364080116
6.359,0.0036556183978340537
6.36,0.0036796854433768654
6.361,0.0037038961205552645
6.362,0.0037282511800787177
6.363,0.003752751375856173
6.364,0.0037773974650050467
6.365,0.0038021902078602273
6.366,0.0038271303679828566
6.367,0.003852218712169406
6.368,0.0038774560104604355
6.369,0.0039028430361495907
6.37,0.0039283805657925365
6.371,0.003954069379215736
6.372,0.003979910259525392
6.373,0.0040059039931163954
6.374,0.004032051369681035
6.375,0.004058353182218038
6.376,0.004084810227041266
6.377,0.004111423303788619
6.378,0.004138193215430948
6.379,0.004165120768280711
6.38,0.00419220677200098
6.381,0.004219452039614076
6.382,0.004246857387510441
6.383,0.0042744236354574925
6.384,0.0043021516066082425
6.385,0.004330042127510159
6.386,0.004358096028113969
6.387,0.004386314141782228
6.388,0.0044146973052982584
6.389,0.004443246358874689
6.39,0.004471962146162222
6.391,0.00450084551425842
6.392,0.004529897313716203
6.393,0.004559118398552632
6.394,0.0045885096262576
6.395,0.0046180718578022984
6.396,0.004647805957648066
6.397,0.004677712793754798
6.398,0.0047077932375896225
6.399,0.004738048164135557
6.4,0.004768478451899924
6.401,0.004799084982922967
6.402,0.004829868642786473
6.403,0.00486083032062209
6.404,0.004891970909120056
6.405,0.004923291304537477
6.406,0.004954792406706882
6.407,0.004986475119044758
6.408,0.00501834034855981
6.409,0.005050389005861448
6.41,0.005082622005168283
6.411,0.005115040264316276
6.412,0.005147644704767356
6.413,0.005180436251617533
6.414,0.005213415833605307
6.415,0.005246584383120041
6.416,0.005279942836210086
6.417,0.005313492132591095
6.418,0.00534723321565437
6.419,0.005381167032474858
6.42,0.005415294533819567
6.421,0.0054496166741555534
6.422,0.005484134411658135
6.423,0.005518848708219109
6.424,0.005553760529454686
6.425,0.005588870844713634
6.426,0.005624180627085457
6.427,0.0056596908534081595
6.428,0.005695402504276559
6.429,0.005731316564049997
6.43,0.0057674340208604125
6.431,0.0058037558666203725
6.432,0.005840283097030759
6.433,0.0058770167115887615
6.434,0.005913957713595826
6.435,0.005951107110165245
6.436,0.005988465912230203
6.437,0.0060260351345513465
6.438,0.0060638157957245975
6.439,0.006101808918188966
6.44,0.006140015528234054
6.441,0.006178436656007795
6.442,0.006217073335524172
6.443,0.006255926604670604
6.444,0.006294997505215746
6.445,0.00633428708281683
6.446,0.006373796387027226
6.447,0.006413526471304039
6.448,0.006453478393015355
6.449,0.006493653213447728
6.45,0.006534051997813668
6.451,0.006574675815258755
6.452,0.006615525738869209
6.453,0.006656602845678938
6.454,0.0066979082166768724
6.455,0.00673944293681428
6.456,0.006781208095011742
6.457,0.0068232047841663805
6.458,0.006865434101159069
6.459,0.006907897146861267
6.46,0.006950595026142318
6.461,0.006993528847876195
6.462,0.007036699724948569
6.463,0.0070801087742638534
6.464,0.007123757116751826
6.465,0.00716764587737462
6.466,0.007211776185133616
6.467,0.007256149173075968
6.468,0.007300765978301604
6.469,0.007345627741969676
6.47,0.007390735609305277
6.471,0.007436090729606222
6.472,0.007481694256249314
6.473,0.007527547346697028
6.474,0.007573651162504107
6.475,0.0076200068693236854
6.476,0.0076666156369140405
6.477,0.007713478639144666
6.478,0.007760597054002652
6.479,0.007807972063599145
6.48,0.007855604854175252
6.481,0.007903496616108386
6.482,0.007951648543918492
6.483,0.008000061836273865
6.484,0.0080487376959975
6.485,0.008097677330072788
6.486,0.008146881949649614
6.487,0.008196352770050343
6.488,0.008246091010775452
6.489,0.008296097895509431
6.49,0.008346374652126662
6.491,0.008396922512696846
6.492,0.008447742713490984
6.493,0.00849883649498666
6.494,0.00855020510187377
6.495,0.008601849783060111
6.496,0.008653771791676581
6.497,0.008705972385082722
6.498,0.008758452824872186
6.499,0.008811214376877721
6.5,0.008864258311176782
6.501,0.008917585902096362
6.502,0.00897119842821832
6.503,0.009025097172384549
6.504,0.009079283421701688
6.505,0.009133758467546486
6.506,0.009188523605570357
6.507,0.009243580135704386
6.508,0.009298929362164289
6.509,0.009354572593454832
6.51,0.009410511142374694
6.511,0.009466746326021225
6.512,0.009523279465794662
6.513,0.009580111887403061
6.514,0.009637244920866369
6.515,0.009694679900520968
6.516,0.009752418165024174
6.517,0.009810461057358182
6.518,0.009868809924834444
6.519,0.009927466119097948
6.52,0.00998643099613094
6.521,0.010045705916257388
6.522,0.010105292244146536
6.523,0.010165191348816991
6.524,0.010225404603640657
6.525,0.010285933386346266
6.526,0.010346779079023137
6.527,0.010407943068125045
6.528,0.010469426744473402
6.529,0.010531231503261141
6.53,0.010593358744055823
6.531,0.010655809870803168
6.532,0.010718586291830453
6.533,0.010781689419849517
6.534,0.010845120671959977
6.535,0.010908881469652581
6.536,0.010972973238811766
6.537,0.01103739740971912
6.538,0.01110215541705582
6.539,0.011167248699905643
6.54,0.011232678701757851
6.541,0.011298446870509526
6.542,0.011364554658468345
6.543,0.01143100352235526
6.544,0.011497794923306525
6.545,0.01156493032687657
6.546,0.011632411203039851
6.547,0.011700239026193257
6.548,0.01176841527515846
6.549,0.011836941433183592
6.55,0.011905818987945424
6.551,0.011975049431551492
6.552,0.012044634260541462
6.553,0.012114574975889435
6.554,0.012184873083005147
6.555,0.012255530091735765
6.556,0.012326547516367636
6.557,0.012397926875627309
6.558,0.01246966969268308
6.559,0.012541777495146525
6.56,0.012614251815073153
6.561,0.012687094188964153
6.562,0.012760306157766868
6.563,0.012833889266875986
6.564,0.012907845066134628
6.565,0.012982175109834689
6.566,0.013056880956717741
6.567,0.013131964169975894
6.568,0.013207426317251782
6.569,0.013283268970639583
6.57,0.013359493706684896
6.571,0.013436102106385224
6.572,0.01351309575519031
6.573,0.013590476243001852
6.574,0.013668245164173733
6.575,0.013746404117512058
6.576,0.0138249547062746
6.577,0.013903898538170995
6.578,0.013983237225361954
6.579,0.014062972384458968
6.58,0.014143105636524062
6.581,0.014223638607068644
6.582,0.014304572926053026
6.583,0.014385910227885854
6.584,0.014467652151422643
6.585,0.014549800339965351
6.586,0.014632356441260794
6.587,0.01471532210749964
6.588,0.014798698995315347
6.589,0.01488248876578232
6.59,0.014966693084414657
6.591,0.015051313621164774
6.592,0.015136352050421194
6.593,0.015221810051007395
6.594,0.015307689306179343
6.595,0.015393991503623809
6.596,0.01548071833545646
6.597,0.015567871498219253
6.598,0.015655452692878342
6.599,0.01574346362482198
6.6,0.01583190600385744
6.601,0.015920781544209093
6.602,0.016010091964515114
6.603,0.016099838987824983
6.604,0.016190024341596766
6.605,0.016280649757693676
6.606,0.01637171697238118
6.607,0.016463227726324026
6.608,0.016555183764582367
6.609,0.01664758683660896
6.61,0.016740438696245103
6.611,0.01683374110171716
6.612,0.016927495815633145
6.613,0.017021704604978316
6.614,0.01711636924111144
6.615,0.017211491499761006
6.616,0.01730707316102041
6.617,0.017403116009344362
6.618,0.017499621833543866
6.619,0.01759659242678192
6.62,0.017694029586569186
6.621,0.017791935114758704
6.622,0.01789031081754128
6.623,0.017989158505440785
6.624,0.01808847999330843
6.625,0.018188277100318284
6.626,0.018288551649961342
6.627,0.018389305470040314
6.628,0.018490540392664376
6.629,0.018592258254242853
6.63,0.01869446089548017
6.631,0.018797150161369278
6.632,0.01890032790118593
6.633,0.01900399596848281
6.634,0.019108156221082716
6.635,0.019212810521072432
6.636,0.01931796073479652
6.637,0.01942360873285007
6.638,0.01952975639007263
6.639,0.01963640558554076
6.64,0.01974355820256129
6.641,0.019851216128664435
6.642,0.01995938125559611
6.643,0.02006805547931073
6.644,0.020177240699964103
6.645,0.020286938821905076
6.646,0.020397151753668626
6.647,0.020507881407967284
6.648,0.02061912970168344
6.649,0.020730898555861556
6.65,0.02084318989569927
6.651,0.02095600565053939
6.652,0.021069347753861625
6.653,0.021183218143273314
6.654,0.021297618760501423
6.655,0.021412551551383004
6.656,0.02152801846585642
6.657,0.021644021457952533
6.658,0.021760562485784802
6.659,0.02187764351154021
6.66,0.021995266501469952
6.661,0.0221134334258791
6.662,0.02223214625911761
6.663,0.022351406979569607
6.664,0.022471217569643678
6.665,0.022591580015762898
6.666,0.022712496308353952
6.667,0.02283396844183685
6.668,0.02295599841461469
6.669,0.023078588229062162
6.67,0.023201739891515468
6.671,0.023325455412260557
6.672,0.02344973680552227
6.673,0.023574586089453363
6.674,0.02370000528612241
6.675,0.023825996421502522
6.676,0.023952561525459944
6.677,0.02407970263174145
6.678,0.024207421777963187
6.679,0.02433572100559776
6.68,0.024464602359962225
6.681,0.0245940678902061
6.682,0.024724119649297993
6.683,0.02485475969401328
6.684,0.02498599008492157
6.685,0.02511781288637289
6.686,0.025250230166485477
6.687,0.025383243997131617
6.688,0.0255168564539246
6.689,0.02565106961620544
6.69,0.025785885567028485
6.691,0.025921306393147835
6.692,0.026057334185003705
6.693,0.026193971036707366
6.694,0.026331219046027837
6.695,0.02646908031437653
6.696,0.026607556946793013
6.697,0.026746651051930536
6.698,0.026886364742040487
6.699,0.027026700132957594
6.7,0.027167659344085115
6.701,0.027309244498378554
6.702,0.02745145772233121
6.703,0.02759430114595756
6.704,0.027737776902777782
6.705,0.027881887129802243
6.706,0.02802663396751451
6.707,0.028172019559855516
6.708,0.028318046054207437
6.709,0.02846471560137622
6.71,0.0286120303555759
6.711,0.02875999247441073
6.712,0.02890860411885852
6.713,0.02905786745325384
6.714,0.029207784645269824
6.715,0.029358357865901054
6.716,0.029509589289446258
6.717,0.029661481093489515
6.718,0.029814035458883392
6.719,0.029967254569729724
6.72,0.030121140613361807
6.721,0.030275695780326257
6.722,0.03043092226436361
6.723,0.030586822262389828
6.724,0.030743397974477893
6.725,0.030900651603837603
6.726,0.031058585356797494
6.727,0.031217201442784327
6.728,0.031376502074303994
6.729,0.03153648946692209
6.73,0.03169716583924324
6.731,0.031858533412891306
6.732,0.0320205944124897
6.733,0.03218335106563987
6.734,0.03234680560290186
6.735,0.03251096025777267
6.736,0.032675817266665616
6.737,0.03284137886888987
6.738,0.033007647306628196
6.739,0.03317462482491605
6.74,0.0333423136716205
6.741,0.033510716097417376
6.742,0.033679834355770565
6.743,0.03384967070290899
6.744,0.03402022739780469
6.745,0.03419150670215099
6.746,0.034363510880338906
6.747,0.034536242199435026
6.748,0.0347097029291589
6.749,0.03488389534185896
6.75,0.03505882171249056
6.751,0.0352344843185914
6.752,0.035410885440258444
6.753,0.03558802736012465
6.754,0.035765912363333936
6.755,0.035944542737518397
6.756,0.03612392077277284
6.757,0.036304048761630944
6.758,0.03648492899904103
6.759,0.03666656378234045
6.76,0.036848955411230976
6.761,0.0370321061877543
6.762,0.03721601841626559
6.763,0.03740069440340921
6.764,0.037586136458092126
6.765,0.037772346891458496
6.766,0.037959328016864136
6.767,0.03814708214984953
6.768,0.038335611608113815
6.769,0.03852491871148896
6.77,0.03871500578191183
6.771,0.03890587514339868
6.772,0.039097529122016986
6.773,0.03928997004585875
6.774,0.03948320024501365
6.775,0.03967722205154045
6.776,0.03987203779943985
6.777,0.04006764982462701
6.778,0.040264060464902385
6.779,0.04046127205992477
6.78,0.04065928695118178
6.781,0.040858107481961656
6.782,0.041057735997325054
6.783,0.04125817484407506
6.784,0.04145942637072868
6.785,0.04166149292748784
6.786,0.04186437686620892
6.787,0.04206808054037438
6.788,0.04227260630506167
6.789,0.04247795651691386
6.79,0.042684133534109873
6.791,0.04289113971633316
6.792,0.043098977424741586
6.793,0.043307649021937296
6.794,0.043517156871934616
6.795,0.043727503340130335
6.796,0.04393869079327121
6.797,0.04415072159942312
6.798,0.04436359812793992
6.799,0.04457732274943068
6.8,0.04479189783572814
6.801,0.045007325759857164
6.802,0.04522360889600119
6.803,0.0454407496194711
6.804,0.04565875030667133
6.805,0.04587761333506745
6.806,0.046097341083153894
6.807,0.04631793593041937
6.808,0.04653940025731418
6.809,0.04676173644521718
6.81,0.046984946876400695
6.811,0.047209033933998105
6.812,0.047434000001968374
6.813,0.04765984746506233
6.814,0.0478865787087888
6.815,0.04811419611937883
6.816,0.048342702083751334
6.817,0.04857209898947874
6.818,0.04880238922475039
6.819,0.049033575178338805
6.82,0.04926565923956268
6.821,0.049498643798251814
6.822,0.049732531244711706
6.823,0.04996732396968642
6.824,0.050203024364322724
6.825,0.05043963482013446
6.826,0.05067715772896426
6.827,0.05091559548294863
6.828,0.05115495047447936
6.829,0.051395225096166966
6.83,0.051636421740804093
6.831,0.051878542801326644
6.832,0.05212159067077674
6.833,0.05236556774226548
6.834,0.052610476408933356
6.835,0.052856319063913776
6.836,0.05310309810029316
6.837,0.053350815911072824
6.838,0.05359947488913115
6.839,0.05384907742718306
6.84,0.054099625917741645
6.841,0.054351122753079587
6.842,0.05460357032518793
6.843,0.05485697102573846
6.844,0.05511132724604203
6.845,0.05536664137700939
6.846,0.05562291580911165
6.847,0.05588015293233843
6.848,0.05613835513615808
6.849,0.056397524809477656
6.85,0.056657664340600294
6.851,0.05691877611718621
6.852,0.05718086252620943
6.853,0.057443925953917466
6.854,0.05770796878579009
6.855,0.057972993406496295
6.856,0.05823900219985302
6.857,0.058505997548783675
6.858,0.05877398183527418
6.859,0.05904295744033237
6.86,0.05931292674394371
6.861,0.05958389212502907
6.862,0.05985585596140252
6.863,0.060128820629726694
6.864,0.06040278850547
6.865,0.06067776196286405
6.866,0.060953743374858045
6.867,0.061230735113076896
6.868,0.06150873954777557
6.869,0.06178775904779535
6.87,0.062067795980520396
6.871,0.06234885271183158
6.872,0.06263093160606252
6.873,0.06291403502595533
6.874,0.06319816533261384
6.875,0.06348332488546041
6.876,0.06376951604218857
6.877,0.06405674115871829
6.878,0.0643450025891509
6.879,0.06463430268572143
6.88,0.06492464379875457
6.881,0.06521602827661636
6.882,0.06550845846566881
6.883,0.0658019367102239
6.884,0.06609646535249525
6.885,0.0663920467325519
6.886,0.06668868318827209
6.887,0.06698637705529409
6.888,0.06728513066697066
6.889,0.06758494635431997
6.89,0.06788582644597822
6.891,0.06818777326815266
6.892,0.06849078914457195
6.893,0.06879487639643846
6.894,0.0691000373423808
6.895,0.0694062742984033
6.896,0.06971358957783937
6.897,0.07002198549130058
6.898,0.07033146434662854
6.899,0.07064202844884643
6.9,0.07095368010010773
6.901,0.0712664215996478
6.902,0.07158025524373461
6.903,0.07189518332561722
6.904,0.07221120813547764
6.905,0.07252833196037897
6.906,0.07284655708421557
6.907,0.07316588578766357
6.908,0.07348632034812828
6.909,0.07380786303969451
6.91,0.07413051613307604
6.911,0.07445428189556273
6.912,0.07477916259097135
6.913,0.07510516047959218
6.914,0.07543227781813817
6.915,0.07576051685969412
6.916,0.0760898798536629
6.917,0.07642036904571431
6.918,0.0767519866777337
6.919,0.07708473498776751
6.92,0.07741861620997312
6.921,0.07775363257456408
6.922,0.07808978630775812
6.923,0.07842707963172507
6.924,0.07876551476453207
6.925,0.07910509392009095
6.926,0.07944581930810585
6.927,0.07978769313401748
6.928,0.08013071759895195
6.929,0.08047489489966454
6.93,0.08082022722848675
6.931,0.08116671677327318
6.932,0.0815143657173451
6.933,0.08186317623943719
6.934,0.08221315051364374
6.935,0.08256429070936187
6.936,0.08291659899123908
6.937,0.0832700775191161
6.938,0.08362472844797258
6.939,0.08398055392787297
6.94,0.08433755610390911
6.941,0.08469573711614559
6.942,0.08505509909956499
6.943,0.08541564418400995
6.944,0.08577737449412971
6.945,0.08614029214932178
6.946,0.08650439926367674
6.947,0.08686969794592267
6.948,0.08723619029936702
6.949,0.08760387842184075
6.95,0.08797276440564263
6.951,0.08834285033748007
6.952,0.0887141382984148
6.953,0.08908663036380346
6.954,0.08946032860324116
6.955,0.08983523508050535
6.956,0.09021135185349612
6.957,0.09058868097417977
6.958,0.09096722448853188
6.959,0.09134698443647717
6.96,0.09172796285183434
6.961,0.09211016176225542
6.962,0.0924935831891685
6.963,0.09287822914772077
6.964,0.09326410164671756
6.965,0.09365120268856511
6.966,0.09403953426921283
6.967,0.09442909837809194
6.968,0.0948198969980596
6.969,0.09521193210533709
6.97,0.09560520566945205
6.971,0.09599971965318013
6.972,0.0963954760124835
6.973,0.09679247669645236
6.974,0.09719072364724665
6.975,0.0975902188000337
6.976,0.09799096408293141
6.977,0.09839296141694565
6.978,0.09879621271591163
6.979,0.09920071988643456
6.98,0.09960648482782755
6.981,0.10001350943205224
6.982,0.10042179558365959
6.983,0.10083134515972667
6.984,0.10124216002979912
6.985,0.1016542420558279
6.986,0.10206759309210946
6.987,0.10248221498522618
6.988,0.10289810957398299
6.989,0.1033152786893474
6.99,0.1037337241543896
6.991,0.10415344778421856
6.992,0.10457445138592358
6.993,0.10499673675851039
6.994,0.10542030569284058
6.995,0.1058451599715713
6.996,0.10627130136909126
6.997,0.10669873165146004
6.998,0.1071274525763475
6.999,0.10755746589296902
7.0,0.10798877334202672
7.001,0.10842137665564458
7.002,0.10885527755730752
7.003,0.10929047776180023
7.004,0.10972697897514212
7.005,0.11016478289452819
7.006,0.11060389120826374
7.007,0.11104430559570301
7.008,0.11148602772718771
7.009,0.11192905926398215
7.01,0.11237340185821154
7.011,0.1128190571528004
7.012,0.11326602678140699
7.013,0.11371431236836345
7.014,0.11416391552861005
7.015,0.1146148378676334
7.016,0.11506708098140447
7.017,0.11552064645631306
7.018,0.11597553586910561
7.019,0.11643175078682334
7.02,0.11688929276673604
7.021,0.11734816335628168
7.022,0.11780836409300044
7.023,0.11826989650447225
7.024,0.11873276210825451
7.025,0.11919696241181599
7.026,0.11966249891247442
7.027,0.12012937309733422
7.028,0.12059758644321954
7.029,0.12106714041661411
7.03,0.12153803647359432
7.031,0.1220102760597667
7.032,0.12248386061020523
7.033,0.12295879154938491
7.034,0.12343507029111908
7.035,0.12391269823849657
7.036,0.12439167678381491
7.037,0.12487200730851938
7.038,0.12535369118313622
7.039,0.12583672976720944
7.04,0.1263211244092384
7.041,0.12680687644661057
7.042,0.12729398720553897
7.043,0.12778245800099902
7.044,0.12827229013666142
7.045,0.1287634849048312
7.046,0.12925604358638046
7.047,0.12974996745068543
7.048,0.13024525775556337
7.049,0.13074191574720553
7.05,0.13123994266011432
7.051,0.13173933971704016
7.052,0.13224010812891387
7.053,0.13274224909478619
7.054,0.13324576380175987
7.055,0.133750653424927
7.056,0.13425691912730564
7.057,0.1347645620597729
7.058,0.13527358336100184
7.059,0.13578398415739848
7.06,0.13629576556303413
7.061,0.13680892867958477
7.062,0.1373234745962633
7.063,0.13783940438975673
7.064,0.138356719124163
7.065,0.13887541985092403
7.066,0.1393955076087626
7.067,0.1399169834236195
7.068,0.14043984830858602
7.069,0.14096410326384318
7.07,0.1414897492765943
7.071,0.14201678732100215
7.072,0.1425452183581261
7.073,0.1430750433358551
7.074,0.14360626318884478
7.075,0.14413887883845486
7.076,0.14467289119268165
7.077,0.14520830114609756
7.078,0.145745109579784
7.079,0.14628331736126857
7.08,0.14682292534446248
7.081,0.14736393436959366
7.082,0.1479063452631445
7.083,0.14845015883778914
7.084,0.1489953758923264
7.085,0.14954199721161957
7.086,0.1500900235665297
7.087,0.15063945571385298
7.088,0.15119029439625856
7.089,0.15174254034222212
7.09,0.15229619426596377
7.091,0.15285125686738582
7.092,0.15340772883200607
7.093,0.1539656108308983
7.094,0.15452490352062534
7.095,0.15508560754317746
7.096,0.1556477235259105
7.097,0.15621125208147968
7.098,0.15677619380777819
7.099,0.15734254928787547
7.1,0.15791031908995087
7.101,0.15847950376723463
7.102,0.15905010385794174
7.103,0.15962211988521052
7.104,0.1601955523570416
7.105,0.16077040176623222
7.106,0.16134666859031518
7.107,0.16192435329149818
7.108,0.16250345631659763
7.109,0.16308397809698053
7.11,0.16366591904849895
7.111,0.1642492795714292
7.112,0.16483406005041143
7.113,0.1654202608543848
7.114,0.16600788233652702
7.115,0.16659692483419436
7.116,0.16718738866885624
7.117,0.167779274146038
7.118,0.16837258155525572
7.119,0.16896731116995667
7.12,0.16956346324745947
7.121,0.17016103802889
7.122,0.17076003573912174
7.123,0.17136045658671686
7.124,0.17196230076386135
7.125,0.17256556844630894
7.126,0.17317025979331652
7.127,0.17377637494758572
7.128,0.17438391403520376
7.129,0.1749928771655799
7.13,0.1756032644313895
7.131,0.17621507590851024
7.132,0.17682831165596424
7.133,0.17744297171585965
7.134,0.17805905611332815
7.135,0.17867656485646694
7.136,0.17929549793628125
7.137,0.17991585532662144
7.138,0.18053763698412814
7.139,0.18116084284816975
7.14,0.1817854728407853
7.141,0.1824115268666276
7.142,0.18303900481290142
7.143,0.1836679065493069
7.144,0.18429823192798303
7.145,0.18492998078344605
7.146,0.1855631529325357
7.147,0.18619774817435394
7.148,0.18683376629020892
7.149,0.18747120704355952
7.15,0.18811007017995465
7.151,0.1887503554269779
7.152,0.18939206249419255
7.153,0.19003519107308064
7.154,0.19067974083699138
7.155,0.1913257114410804
7.156,0.1919731025222555
7.157,0.19262191369912246
7.158,0.19327214457192562
7.159,0.1939237947224939
7.16,0.19457686371418734
7.161,0.19523135109183748
7.162,0.19588725638169716
7.163,0.19654457909138118
7.164,0.19720331870981384
7.165,0.19786347470717575
7.166,0.19852504653484615
7.167,0.19918803362535042
7.168,0.1998524353923081
7.169,0.20051825123037484
7.17,0.2011854805151936
7.171,0.20185412260333727
7.172,0.2025241768322572
7.173,0.20319564252023214
7.174,0.20386851896631186
7.175,0.20454280545026646
7.176,0.20521850123253585
7.177,0.20589560555417355
7.178,0.20657411763679945
7.179,0.20725403668254422
7.18,0.20793536187399933
7.181,0.208618092374168
7.182,0.20930222732641027
7.183,0.20998776585439438
7.184,0.21067470706204774
7.185,0.21136305003350264
7.186,0.21205279383305078
7.187,0.21274393750508944
7.188,0.21343648007407354
7.189,0.21413042054446824
7.19,0.21482575790069586
7.191,0.2155224911070892
7.192,0.21622061910784454
7.193,0.21692014082696903
7.194,0.2176210551682372
7.195,0.2183233610151393
7.196,0.21902705723083488
7.197,0.21973214265810764
7.198,0.22043861611931465
7.199,0.221146476416341
7.2,0.22185572233055512
7.201,0.22256635262275848
7.202,0.22327836603314383
7.203,0.22399176128124546
7.204,0.2247065370658955
7.205,0.2254226920651802
7.206,0.2261402249363914
7.207,0.2268591343159837
7.208,0.22757941881953153
7.209,0.2283010770416811
7.21,0.2290241075561109
7.211,0.2297485089154842
7.212,0.23047427965140713
7.213,0.23120141827438787
7.214,0.23192992327378975
7.215,0.23265979311779103
7.216,0.23339102625334435
7.217,0.23412362110613014
7.218,0.23485757608052063
7.219,0.23559288955953367
7.22,0.23632955990479385
7.221,0.2370675854564934
7.222,0.23780696453334824
7.223,0.2385476954325597
7.224,0.23928977642977628
7.225,0.24003320577905043
7.226,0.24077798171280357
7.227,0.2415241024417835
7.228,0.24227156615502707
7.229,0.2430203710198244
7.23,0.24377051518167692
7.231,0.2445219967642614
7.232,0.24527481386939512
7.233,0.24602896457699375
7.234,0.2467844469450404
7.235,0.24754125900954455
7.236,0.24829939878450796
7.237,0.24905886426189094
7.238,0.2498196534115732
7.239,0.25058176418132083
7.24,0.2513451944967536
7.241,0.2521099422613057
7.242,0.25287600535619753
7.243,0.25364338164039735
7.244,0.25441206895058943
7.245,0.25518206510114383
7.246,0.25595336788407924
7.247,0.25672597506903294
7.248,0.25749988440323107
7.249,0.2582750936114519
7.25,0.2590516003960006
7.251,0.25982940243667313
7.252,0.26060849739072817
7.253,0.2613888828928588
7.254,0.26217055655515803
7.255,0.26295351596709493
7.256,0.2637377586954809
7.257,0.2645232822844426
7.258,0.26531008425539615
7.259,0.2660981621070149
7.26,0.2668875133152041
7.261,0.2676781353330756
7.262,0.2684700255909161
7.263,0.26926318149616674
7.264,0.2700576004333914
7.265,0.2708532797642539
7.266,0.27165021682749446
7.267,0.27244840893890065
7.268,0.27324785339128477
7.269,0.2740485474544621
7.27,0.2748504883752224
7.271,0.27565367337731145
7.272,0.276458099661404
7.273,0.277263764405083
7.274,0.27807066476281916
7.275,0.2788787978659458
7.276,0.27968816082263875
7.277,0.28049875071789815
7.278,0.2813105646135224
7.279,0.2821235995480943
7.28,0.2829378525369555
7.281,0.2837533205721903
7.282,0.2845700006226079
7.283,0.2853878896337203
7.284,0.2862069845277258
7.285,0.287027282203494
7.286,0.28784877953654303
7.287,0.2886714733790288
7.288,0.2894953605597233
7.289,0.29032043788400064
7.29,0.2911467021338241
7.291,0.29197415006772615
7.292,0.29280277842079605
7.293,0.29363258390466784
7.294,0.2944635632075011
7.295,0.29529571299397356
7.296,0.2961290299052629
7.297,0.2969635105590362
7.298,0.29779915154944014
7.299,0.29863594944708516
7.3,0.2994739007990357
7.301,0.3003130021288021
7.302,0.3011532499363249
7.303,0.30199464069797094
7.304,0.3028371708665184
7.305,0.30368083687115005
7.306,0.30452563511744685
7.307,0.3053715619873756
7.308,0.3062186138392831
7.309,0.30706678700789125
7.31,0.30791607780428504
7.311,0.3087664825159122
7.312,0.30961799740657175
7.313,0.31047061871641135
7.314,0.31132434266192427
7.315,0.31217916543594015
7.316,0.3130350832076235
7.317,0.3138920921224725
7.318,0.3147501883023098
7.319,0.3156093678452869
7.32,0.31646962682587615
7.321,0.3173309612948711
7.322,0.3181933672793878
7.323,0.3190568407828595
7.324,0.3199213777850384
7.325,0.3207869742419981
7.326,0.321653626086129
7.327,0.32252132922614557
7.328,0.32339007954708227
7.329,0.3242598729102981
7.33,0.3251307051534816
7.331,0.32600257209064903
7.332,0.3268754695121501
7.333,0.32774939318467444
7.334,0.3286243388512508
7.335,0.3295003022312578
7.336,0.3303772790204242
7.337,0.3312552648908371
7.338,0.33213425549095066
7.339,0.3330142464455885
7.34,0.33389523335595317
7.341,0.3347772117996365
7.342,0.33566017733062264
7.343,0.33654412547930296
7.344,0.33742905175248017
7.345,0.3383149516333803
7.346,0.3392018205816658
7.347,0.34008965403344127
7.348,0.34097844740126737
7.349,0.3418681960741751
7.35,0.3427588954176726
7.351,0.3436505407737646
7.352,0.34454312746095966
7.353,0.3454366507742869
7.354,0.3463311059853127
7.355,0.3472264883421509
7.356,0.34812279306948035
7.357,0.34902001536856336
7.358,0.3499181504172567
7.359,0.3508171933700346
7.36,0.3517171393580008
7.361,0.35261798348890894
7.362,0.3535197208471834
7.363,0.35442234649393345
7.364,0.35532585546697504
7.365,0.3562302427808536
7.366,0.3571355034268586
7.367,0.35804163237305114
7.368,0.35894862456428
7.369,0.3598564749222061
7.37,0.36076517834532734
7.371,0.3616747297089973
7.372,0.3625851238654508
7.373,0.3634963556438309
7.374,0.3644084198502082
7.375,0.36532131126761164
7.376,0.3662350246560494
7.377,0.3671495547525372
7.378,0.368064896271128
7.379,0.36898104390293285
7.38,0.36989799231615617
7.381,0.3708157361561178
7.382,0.37173427004528437
7.383,0.3726535885833019
7.384,0.3735736863470198
7.385,0.3744945578905248
7.386,0.3754161977451739
7.387,0.3763386004196203
7.388,0.3772617603998522
7.389,0.37818567214921955
7.39,0.37911033010846973
7.391,0.3800357286957837
7.392,0.38096186230680545
7.393,0.381888725314679
7.394,0.3828163120700862
7.395,0.38374461690127726
7.396,0.38467363411411293
7.397,0.3856033579920964
7.398,0.3865337827964127
7.399,0.3874649027659695
7.4,0.3883967121174306
7.401,0.38932920504525725
7.402,0.39026237572175065
7.403,0.39119621829708584
7.404,0.3921307268993594
7.405,0.3930658956346247
7.406,0.3940017185869361
7.407,0.39493818981839396
7.408,0.39587530336918214
7.409,0.3968130532576143
7.41,0.3977514334801799
7.411,0.3986904380115833
7.412,0.39963006080479496
7.413,0.40057029579109155
7.414,0.4015111368801042
7.415,0.40245257795986794
7.416,0.40339461289686374
7.417,0.4043372355360687
7.418,0.4052804397010068
7.419,0.40622421919379204
7.42,0.40716856779518407
7.421,0.40811347926463293
7.422,0.4090589473403311
7.423,0.41000496573926765
7.424,0.41095152815727454
7.425,0.41189862826908097
7.426,0.41284625972836914
7.427,0.41379441616782053
7.428,0.4147430911991772
7.429,0.41569227841328965
7.43,0.4166419713801745
7.431,0.4175921636490716
7.432,0.41854284874849595
7.433,0.4194940201862955
7.434,0.42044567144971146
7.435,0.42139779600542915
7.436,0.42235038729964364
7.437,0.4233034387581116
7.438,0.4242569437862136
7.439,0.4252108957690156
7.44,0.4261652880713248
7.441,0.42712011403775246
7.442,0.4280753669927777
7.443,0.42903104024080363
7.444,0.42998712706622644
7.445,0.4309436207334923
7.446,0.431900514487163
7.447,0.43285780155198317
7.448,0.4338154751329392
7.449,0.4347735284153271
7.45,0.4357319545648202
7.451,0.43669074672752994
7.452,0.4376498980300789
7.453,0.43860940157966244
7.454,0.43956925046411827
7.455,0.44052943775199815
7.456,0.4414899564926311
7.457,0.44245079971619544
7.458,0.443411960433791
7.459,0.44437343163750403
7.46,0.4453352063004846
7.461,0.4462972773770121
7.462,0.44725963780257005
7.463,0.44822228049392115
7.464,0.4491851983491751
7.465,0.45014838424786474
7.466,0.45111183105102315
7.467,0.45207553160125186
7.468,0.453039478722803
7.469,0.45400366522164937
7.47,0.45496808388556276
7.471,0.45593272748419383
7.472,0.45689758876914394
7.473,0.45786266047404534
7.474,0.4588279353146426
7.475,0.4597934059888654
7.476,0.4607590651769146
7.477,0.46172490554133605
7.478,0.4626909197271039
7.479,0.46365710036170393
7.48,0.4646234400552103
7.481,0.4655899314003696
7.482,0.46655656697268616
7.483,0.46752333933049917
7.484,0.46849024101507314
7.485,0.46945726455067566
7.486,0.4704244024446649
7.487,0.4713916471875773
7.488,0.47235899125320746
7.489,0.47332642709869777
7.49,0.47429394716462675
7.491,0.4752615438750908
7.492,0.47622920963779836
7.493,0.47719693684415226
7.494,0.478164717869341
7.495,0.47913254507242986
7.496,0.4801004107964468
7.497,0.48106830736847345
7.498,0.4820362270997399
7.499,0.48300416228570925
7.5,0.4839721052061757
7.501,0.4849400481253516
7.502,0.48590798329196194
7.503,0.4868759029393409
7.504,0.48784379928551863
7.505,0.4888116645333228
7.506,0.48977949087046707
7.507,0.49074727046964894
7.508,0.4917149954886478
7.509,0.49268265807041617
7.51,0.49365025034317844
7.511,0.4946177644205307
7.512,0.4955851924015326
7.513,0.49655252637081204
7.514,0.49751975839865753
7.515,0.4984868805411201
7.516,0.49945388484011505
7.517,0.5004207633235171
7.518,0.5013875080052633
7.519,0.5023541108854562
7.52,0.5033205639504598
7.521,0.5042868591730078
7.522,0.5052529885123002
7.523,0.5062189439141083
7.524,0.5071847173108813
7.525,0.5081503006218441
7.526,0.5091156857531047
7.527,0.51008086459776
7.528,0.5110458290359978
7.529,0.5120105709352057
7.53,0.5129750821500738
7.531,0.5139393545227026
7.532,0.5149033798827127
7.533,0.515867150047347
7.534,0.5168306568215811
7.535,0.5177938919982346
7.536,0.5187568473580727
7.537,0.5197195146699237
7.538,0.5206818856907814
7.539,0.5216439521659186
7.54,0.5226057058289992
7.541,0.5235671384021853
7.542,0.5245282415962496
7.543,0.5254890071106911
7.544,0.5264494266338408
7.545,0.5274094918429807
7.546,0.528369194404452
7.547,0.5293285259737701
7.548,0.530287478195742
7.549,0.5312460427045744
7.55,0.5322042111239929
7.551,0.5331619750673572
7.552,0.5341193261377732
7.553,0.5350762559282145
7.554,0.5360327560216326
7.555,0.5369888179910777
7.556,0.5379444333998169
7.557,0.5388995938014479
7.558,0.539854290740019
7.559,0.5408085157501507
7.56,0.5417622603571475
7.561,0.5427155160771253
7.562,0.5436682744171245
7.563,0.544620526875232
7.564,0.5455722649407052
7.565,0.5465234800940874
7.566,0.5474741638073306
7.567,0.5484243075439217
7.568,0.5493739027589962
7.569,0.5503229408994691
7.57,0.5512714134041506
7.571,0.5522193117038726
7.572,0.5531666272216137
7.573,0.5541133513726191
7.574,0.5550594755645265
7.575,0.5560049911974936
7.576,0.5569498896643167
7.577,0.5578941623505638
7.578,0.5588378006346928
7.579,0.5597807958881815
7.58,0.5607231394756557
7.581,0.5616648227550106
7.582,0.5626058370775414
7.583,0.5635461737880725
7.584,0.5644858242250792
7.585,0.5654247797208233
7.586,0.5663630316014747
7.587,0.5673005711872436
7.588,0.5682373897925116
7.589,0.5691734787259559
7.59,0.5701088292906821
7.591,0.5710434327843567
7.592,0.5719772804993313
7.593,0.5729103637227803
7.594,0.5738426737368258
7.595,0.5747742018186723
7.596,0.5757049392407397
7.597,0.5766348772707911
7.598,0.5775640071720672
7.599,0.5784923202034219
7.6,0.5794198076194486
7.601,0.5803464606706207
7.602,0.5812722706034188
7.603,0.5821972286604674
7.604,0.5831213260806716
7.605,0.5840445540993455
7.606,0.5849669039483507
7.607,0.5858883668562324
7.608,0.5868089340483498
7.609,0.5877285967470178
7.61,0.5886473461716372
7.611,0.5895651735388328
7.612,0.5904820700625923
7.613,0.5913980269543986
7.614,0.5923130354233681
7.615,0.5932270866763908
7.616,0.594140171918262
7.617,0.5950522823518258
7.618,0.5959634091781085
7.619,0.5968735435964577
7.62,0.5977826768046839
7.621,0.5986907999991942
7.622,0.5995979043751333
7.623,0.6005039811265253
7.624,0.6014090214464067
7.625,0.6023130165269737
7.626,0.6032159575597147
7.627,0.6041178357355537
7.628,0.6050186422449927
7.629,0.6059183682782467
7.63,0.6068170050253903
7.631,0.607714543676493
7.632,0.6086109754217633
7.633,0.6095062914516917
7.634,0.6104004829571872
7.635,0.6112935411297225
7.636,0.6121854571614768
7.637,0.6130762222454734
7.638,0.6139658275757278
7.639,0.6148542643473845
7.64,0.6157415237568626
7.641,0.6166275970020002
7.642,0.6175124752821928
7.643,0.6183961497985396
7.644,0.619278611753988
7.645,0.6201598523534728
7.646,0.621039862804065
7.647,0.6219186343151107
7.648,0.6227961580983781
7.649,0.6236724253682023
7.65,0.6245474273416266
7.651,0.6254211552385481
7.652,0.6262936002818656
7.653,0.627164753697618
7.654,0.6280346067151357
7.655,0.6289031505671803
7.656,0.629770376490092
7.657,0.6306362757239375
7.658,0.63150083951265
7.659,0.6323640591041773
7.66,0.6332259257506304
7.661,0.6340864307084229
7.662,0.6349455652384238
7.663,0.6358033206060976
7.664,0.6366596880816527
7.665,0.6375146589401903
7.666,0.6383682244618457
7.667,0.6392203759319369
7.668,0.6400711046411137
7.669,0.6409204018854988
7.67,0.6417682589668403
7.671,0.6426146671926535
7.672,0.6434596178763693
7.673,0.6443031023374843
7.674,0.6451451119017027
7.675,0.6459856379010852
7.676,0.6468246716741992
7.677,0.64766220456626
7.678,0.6484982279292845
7.679,0.6493327331222324
7.68,0.650165711511157
7.681,0.6509971544693537
7.682,0.6518270533775032
7.683,0.652655399623822
7.684,0.6534821846042107
7.685,0.6543073997223975
7.686,0.6551310363900911
7.687,0.6559530860271231
7.688,0.6567735400615982
7.689,0.6575923899300435
7.69,0.658409627077552
7.691,0.6592252429579328
7.692,0.6600392290338603
7.693,0.6608515767770167
7.694,0.6616622776682465
7.695,0.662471323197698
7.696,0.6632787048649734
7.697,0.6640844141792793
7.698,0.664888442659569
7.699,0.6656907818346925
7.7,0.6664914232435475
7.701,0.6672903584352197
7.702,0.6680875789691381
7.703,0.6688830764152168
7.704,0.6696768423540043
7.705,0.6704688683768332
7.706,0.671259146085964
7.707,0.6720476670947341
7.708,0.6728344230277068
7.709,0.6736194055208145
7.71,0.6744026062215109
7.711,0.675184016788914
7.712,0.6759636288939541
7.713,0.6767414342195239
7.714,0.6775174244606212
7.715,0.6782915913244975
7.716,0.6790639265308066
7.717,0.6798344218117479
7.718,0.6806030689122168
7.719,0.6813698595899474
7.72,0.6821347856156612
7.721,0.682897838773215
7.722,0.6836590108597432
7.723,0.6844182936858062
7.724,0.6851756790755383
7.725,0.6859311588667895
7.726,0.6866847249112753
7.727,0.6874363690747196
7.728,0.6881860832370013
7.729,0.6889338592923011
7.73,0.6896796891492449
7.731,0.6904235647310487
7.732,0.6911654779756677
7.733,0.6919054208359348
7.734,0.692643385279712
7.735,0.6933793632900305
7.736,0.6941133468652361
7.737,0.6948453280191361
7.738,0.6955752987811404
7.739,0.6963032511964063
7.74,0.6970291773259847
7.741,0.6977530692469597
7.742,0.6984749190525965
7.743,0.6991947188524815
7.744,0.6999124607726664
7.745,0.7006281369558132
7.746,0.7013417395613337
7.747,0.7020532607655338
7.748,0.7027626927617577
7.749,0.7034700277605259
7.75,0.7041752579896825
7.751,0.7048783756945322
7.752,0.7055793731379839
7.753,0.7062782426006946
7.754,0.7069749763812055
7.755,0.7076695667960883
7.756,0.7083620061800816
7.757,0.7090522868862335
7.758,0.7097404012860433
7.759,0.7104263417695986
7.76,0.7111101007457165
7.761,0.7117916706420848
7.762,0.7124710439053978
7.763,0.7131482130015
7.764,0.7138231704155207
7.765,0.7144959086520142
7.766,0.7151664202351004
7.767,0.7158346977085989
7.768,0.7165007336361694
7.769,0.7171645206014499
7.77,0.7178260512081907
7.771,0.718485318080396
7.772,0.7191423138624564
7.773,0.7197970312192873
7.774,0.7204494628364665
7.775,0.7210996014203669
7.776,0.7217474396982939
7.777,0.722392970418622
7.778,0.7230361863509266
7.779,0.7236770802861221
7.78,0.7243156450365934
7.781,0.724951873436331
7.782,0.7255857583410672
7.783,0.7262172926284051
7.784,0.7268464691979544
7.785,0.7274732809714652
7.786,0.7280977208929572
7.787,0.7287197819288557
7.788,0.7293394570681201
7.789,0.7299567393223764
7.79,0.7305716217260505
7.791,0.7311840973364957
7.792,0.7317941592341243
7.793,0.7324018005225398
7.794,0.7330070143286628
7.795,0.7336097938028643
7.796,0.7342101321190915
7.797,0.7348080224749975
7.798,0.7354034580920721
7.799,0.7359964322157649
7.8,0.7365869381156162
7.801,0.7371749690853845
7.802,0.7377605184431703
7.803,0.7383435795315465
7.804,0.7389241457176804
7.805,0.7395022103934612
7.806,0.7400777669756267
7.807,0.740650808905885
7.808,0.7412213296510406
7.809,0.7417893227031197
7.81,0.7423547815794902
7.811,0.7429176998229893
7.812,0.7434780710020421
7.813,0.7440358887107865
7.814,0.7445911465691952
7.815,0.7451438382231957
7.816,0.7456939573447917
7.817,0.746241497632186
7.818,0.7467864528098964
7.819,0.7473288166288806
7.82,0.747868582866651
7.821,0.7484057453273958
7.822,0.748940297842098
7.823,0.7494722342686517
7.824,0.7500015484919803
7.825,0.7505282344241546
7.826,0.7510522860045072
7.827,0.7515736971997518
7.828,0.7520924620040952
7.829,0.752608574439355
7.83,0.7531220285550746
7.831,0.7536328184286354
7.832,0.7541409381653719
7.833,0.7546463818986856
7.834,0.7551491437901562
7.835,0.7556492180296558
7.836,0.756146598835459
7.837,0.7566412804543544
7.838,0.7571332571617582
7.839,0.7576225232618202
7.84,0.7581090730875366
7.841,0.7585929010008593
7.842,0.7590740013928028
7.843,0.759552368683555
7.844,0.7600279973225829
7.845,0.7605008817887402
7.846,0.7609710165903766
7.847,0.7614383962654401
7.848,0.761903015381585
7.849,0.7623648685362783
7.85,0.7628239503569004
7.851,0.7632802555008541
7.852,0.7637337786556637
7.853,0.7641845145390809
7.854,0.7646324578991869
7.855,0.7650776035144933
7.856,0.7655199461940437
7.857,0.7659594807775169
7.858,0.7663962021353224
7.859,0.7668301051687061
7.86,0.767261184809844
7.861,0.7676894360219441
7.862,0.7681148537993441
7.863,0.7685374331676075
7.864,0.7689571691836218
7.865,0.7693740569356946
7.866,0.7697880915436487
7.867,0.7701992681589186
7.868,0.7706075819646435
7.869,0.7710130281757622
7.87,0.7714156020391072
7.871,0.771815298833496
7.872,0.7722121138698241
7.873,0.7726060424911577
7.874,0.772997080072823
7.875,0.7733852220224979
7.876,0.7737704637803012
7.877,0.7741528008188816
7.878,0.7745322286435083
7.879,0.7749087427921559
7.88,0.7752823388355955
7.881,0.7756530123774777
7.882,0.7760207590544217
7.883,0.7763855745360999
7.884,0.7767474545253226
7.885,0.7771063947581225
7.886,0.7774623910038392
7.887,0.7778154390652005
7.888,0.7781655347784076
7.889,0.7785126740132139
7.89,0.778856852673008
7.891,0.7791980666948947
7.892,0.7795363120497733
7.893,0.7798715847424174
7.894,0.7802038808115552
7.895,0.7805331963299447
7.896,0.7808595274044539
7.897,0.7811828701761349
7.898,0.7815032208203013
7.899,0.7818205755466046
7.9,0.7821349305991067
7.901,0.7824462822563547
7.902,0.7827546268314562
7.903,0.7830599606721492
7.904,0.7833622801608763
7.905,0.7836615817148551
7.906,0.7839578617861488
7.907,0.7842511168617378
7.908,0.7845413434635871
7.909,0.7848285381487161
7.91,0.7851126975092672
7.911,0.7853938181725716
7.912,0.7856718968012181
7.913,0.7859469300931169
7.914,0.7862189147815668
7.915,0.7864878476353188
7.916,0.7867537254586405
7.917,0.787016545091379
7.918,0.7872763034090243
7.919,0.78753299732277
7.92,0.7877866237795762
7.921,0.788037179762228
7.922,0.7882846622893966
7.923,0.7885290684156987
7.924,0.7887703952317537
7.925,0.7890086398642424
7.926,0.7892437994759639
7.927,0.7894758712658912
7.928,0.7897048524692282
7.929,0.7899307403574627
7.93,0.7901535322384221
7.931,0.7903732254563269
7.932,0.790589817391842
7.933,0.7908033054621303
7.934,0.7910136871209035
7.935,0.7912209598584719
7.936,0.7914251212017963
7.937,0.7916261687145348
7.938,0.7918240999970928
7.939,0.7920189126866706
7.94,0.7922106044573094
7.941,0.792399173019939
7.942,0.7925846161224226
7.943,0.7927669315496011
7.944,0.7929461171233385
7.945,0.7931221707025642
7.946,0.7932950901833159
7.947,0.793464873498782
7.948,0.793631518619342
7.949,0.7937950235526073
7.95,0.7939553863434616
7.951,0.7941126050740983
7.952,0.7942666778640601
7.953,0.794417602870276
7.954,0.7945653782870974
7.955,0.7947100023463358
7.956,0.7948514733172964
7.957,0.7949897895068131
7.958,0.7951249492592828
7.959,0.7952569509566975
7.96,0.7953857930186777
7.961,0.7955114739025031
7.962,0.7956339921031433
7.963,0.7957533461532889
7.964,0.7958695346233792
7.965,0.7959825561216322
7.966,0.7960924092940714
7.967,0.7961990928245538
7.968,0.7963026054347949
7.969,0.7964029458843952
7.97,0.7965001129708649
7.971,0.7965941055296473
7.972,0.7966849224341429
7.973,0.7967725625957313
7.974,0.7968570249637927
7.975,0.7969383085257302
7.976,0.7970164123069886
7.977,0.7970913353710743
7.978,0.7971630768195743
7.979,0.7972316357921744
7.98,0.7972970114666754
7.981,0.7973592030590104
7.982,0.7974182098232602
7.983,0.7974740310516679
7.984,0.797526666074654
7.985,0.7975761142608285
7.986,0.7976223750170047
7.987,0.7976654477882099
7.988,0.7977053320576978
7.989,0.7977420273469576
7.99,0.7977755332157245
7.991,0.7978058492619878
7.992,0.7978329751219998
7.993,0.7978569104702818
7.994,0.7978776550196321
7.995,0.7978952085211304
7.996,0.7979095707641436
7.997,0.7979207415763298
7.998,0.7979287208236417
7.999,0.7979335084103294
8.0,0.7979351042789421
8.001,0.7979335084103294
8.002,0.7979287208236417
8.003,0.7979207415763298
8.004,0.7979095707641436
8.005,0.7978952085211304
8.006,0.7978776550196321
8.007,0.7978569104702818
8.008,0.7978329751219998
8.009,0.7978058492619878
8.01,0.7977755332157245
8.011,0.7977420273469576
8.012,0.7977053320576978
8.013,0.7976654477882099
8.014,0.7976223750170047
8.015,0.7975761142608285
8.016,0.797526666074654
8.017,0.7974740310516679
8.018,0.7974182098232601
8.019,0.7973592030590104
8.02,0.7972970114666754
8.021,0.7972316357921744
8.022,0.7971630768195743
8.023,0.7970913353710743
8.024,0.7970164123069886
8.025,0.7969383085257302
8.026,0.7968570249637927
8.027,0.7967725625957313
8.028,0.7966849224341429
8.029,0.7965941055296473
8.03,0.796500112970865
8.031,0.7964029458843952
8.032,0.7963026054347949
8.033,0.7961990928245539
8.034,0.7960924092940713
8.035,0.7959825561216322
8.036,0.7958695346233792
8.037,0.7957533461532887
8.038,0.7956339921031433
8.039,0.7955114739025031
8.04,0.795385793018678
8.041,0.7952569509566975
8.042,0.7951249492592828
8.043,0.7949897895068133
8.044,0.7948514733172964
8.045,0.7947100023463358
8.046,0.7945653782870975
8.047,0.7944176028702757
8.048,0.7942666778640601
8.049,0.7941126050740984
8.05,0.7939553863434615
8.051,0.7937950235526073
8.052,0.793631518619342
8.053,0.7934648734987818
8.054,0.7932950901833159
8.055,0.7931221707025642
8.056,0.7929461171233387
8.057,0.7927669315496011
8.058,0.7925846161224226
8.059,0.7923991730199392
8.06,0.7922106044573093
8.061,0.7920189126866706
8.062,0.791824099997093
8.063,0.7916261687145347
8.064,0.7914251212017963
8.065,0.7912209598584721
8.066,0.7910136871209033
8.067,0.7908033054621303
8.068,0.790589817391842
8.069,0.7903732254563267
8.07,0.7901535322384221
8.071,0.7899307403574627
8.072,0.7897048524692283
8.073,0.7894758712658912
8.074,0.7892437994759639
8.075,0.7890086398642426
8.076,0.7887703952317535
8.077,0.7885290684156987
8.078,0.7882846622893969
8.079,0.7880371797622278
8.08,0.7877866237795762
8.081,0.7875329973227703
8.082,0.7872763034090241
8.083,0.787016545091379
8.084,0.7867537254586405
8.085,0.7864878476353186
8.086,0.7862189147815668
8.087,0.7859469300931169
8.088,0.7856718968012182
8.089,0.7853938181725716
8.09,0.7851126975092672
8.091,0.7848285381487162
8.092,0.7845413434635867
8.093,0.7842511168617378
8.094,0.7839578617861491
8.095,0.7836615817148549
8.096,0.7833622801608763
8.097,0.7830599606721494
8.098,0.7827546268314559
8.099,0.7824462822563547
8.1,0.7821349305991067
8.101,0.7818205755466042
8.102,0.7815032208203013
8.103,0.7811828701761349
8.104,0.7808595274044541
8.105,0.7805331963299447
8.106,0.7802038808115552
8.107,0.7798715847424177
8.108,0.7795363120497729
8.109,0.7791980666948947
8.11,0.7788568526730083
8.111,0.7785126740132137
8.112,0.7781655347784076
8.113,0.7778154390652009
8.114,0.7774623910038388
8.115,0.7771063947581225
8.116,0.7767474545253226
8.117,0.7763855745360996
8.118,0.7760207590544217
8.119,0.7756530123774777
8.12,0.7752823388355958
8.121,0.7749087427921559
8.122,0.7745322286435083
8.123,0.7741528008188819
8.124,0.7737704637803008
8.125,0.7733852220224979
8.126,0.7729970800728232
8.127,0.7726060424911574
8.128,0.7722121138698241
8.129,0.771815298833496
8.13,0.7714156020391069
8.131,0.7710130281757622
8.132,0.7706075819646435
8.133,0.7701992681589189
8.134,0.7697880915436487
8.135,0.7693740569356946
8.136,0.7689571691836221
8.137,0.7685374331676071
8.138,0.7681148537993441
8.139,0.7676894360219444
8.14,0.7672611848098436
8.141,0.7668301051687061
8.142,0.7663962021353229
8.143,0.7659594807775165
8.144,0.7655199461940437
8.145,0.7650776035144933
8.146,0.7646324578991865
8.147,0.7641845145390809
8.148,0.7637337786556637
8.149,0.7632802555008544
8.15,0.7628239503569004
8.151,0.7623648685362783
8.152,0.7619030153815854
8.153,0.7614383962654396
8.154,0.7609710165903766
8.155,0.7605008817887405
8.156,0.7600279973225824
8.157,0.759552368683555
8.158,0.7590740013928032
8.159,0.758592901000859
8.16,0.7581090730875366
8.161,0.7576225232618202
8.162,0.7571332571617577
8.163,0.7566412804543544
8.164,0.756146598835459
8.165,0.7556492180296562
8.166,0.7551491437901562
8.167,0.7546463818986856
8.168,0.7541409381653723
8.169,0.7536328184286349
8.17,0.7531220285550746
8.171,0.7526085744393555
8.172,0.7520924620040947
8.173,0.7515736971997518
8.174,0.7510522860045077
8.175,0.7505282344241542
8.176,0.7500015484919803
8.177,0.7494722342686517
8.178,0.7489402978420975
8.179,0.7484057453273958
8.18,0.747868582866651
8.181,0.7473288166288811
8.182,0.7467864528098964
8.183,0.746241497632186
8.184,0.7456939573447923
8.185,0.7451438382231952
8.186,0.7445911465691952
8.187,0.744035888710787
8.188,0.7434780710020417
8.189,0.7429176998229893
8.19,0.7423547815794906
8.191,0.7417893227031193
8.192,0.7412213296510406
8.193,0.740650808905885
8.194,0.7400777669756262
8.195,0.7395022103934612
8.196,0.7389241457176804
8.197,0.7383435795315471
8.198,0.7377605184431703
8.199,0.7371749690853845
8.2,0.7365869381156167
8.201,0.7359964322157644
8.202,0.7354034580920721
8.203,0.7348080224749981
8.204,0.7342101321190909
8.205,0.7336097938028643
8.206,0.7330070143286632
8.207,0.7324018005225392
8.208,0.7317941592341243
8.209,0.7311840973364957
8.21,0.73057162172605
8.211,0.7299567393223764
8.212,0.7293394570681201
8.213,0.7287197819288562
8.214,0.7280977208929572
8.215,0.7274732809714652
8.216,0.7268464691979549
8.217,0.7262172926284045
8.218,0.7255857583410672
8.219,0.7249518734363316
8.22,0.7243156450365927
8.221,0.7236770802861221
8.222,0.7230361863509271
8.223,0.7223929704186216
8.224,0.7217474396982939
8.225,0.7210996014203669
8.226,0.7204494628364658
8.227,0.7197970312192873
8.228,0.7191423138624564
8.229,0.7184853180803966
8.23,0.7178260512081907
8.231,0.7171645206014499
8.232,0.7165007336361698
8.233,0.7158346977085983
8.234,0.7151664202351004
8.235,0.7144959086520148
8.236,0.71382317041552
8.237,0.7131482130015
8.238,0.7124710439053984
8.239,0.7117916706420842
8.24,0.7111101007457165
8.241,0.7104263417695986
8.242,0.7097404012860428
8.243,0.7090522868862335
8.244,0.7083620061800816
8.245,0.707669566796089
8.246,0.7069749763812055
8.247,0.7062782426006946
8.248,0.7055793731379846
8.249,0.7048783756945315
8.25,0.7041752579896825
8.251,0.7034700277605266
8.252,0.702762692761757
8.253,0.7020532607655338
8.254,0.7013417395613337
8.255,0.7006281369558125
8.256,0.6999124607726664
8.257,0.6991947188524815
8.258,0.6984749190525972
8.259,0.6977530692469597
8.26,0.6970291773259847
8.261,0.6963032511964069
8.262,0.6955752987811399
8.263,0.6948453280191361
8.264,0.6941133468652366
8.265,0.6933793632900298
8.266,0.692643385279712
8.267,0.6919054208359354
8.268,0.691165477975667
8.269,0.6904235647310487
8.27,0.6896796891492449
8.271,0.6889338592923004
8.272,0.6881860832370013
8.273,0.6874363690747196
8.274,0.686684724911276
8.275,0.6859311588667895
8.276,0.6851756790755383
8.277,0.684418293685807
8.278,0.6836590108597426
8.279,0.682897838773215
8.28,0.6821347856156619
8.281,0.6813698595899467
8.282,0.6806030689122168
8.283,0.6798344218117486
8.284,0.6790639265308059
8.285,0.6782915913244975
8.286,0.6775174244606212
8.287,0.6767414342195233
8.288,0.6759636288939541
8.289,0.675184016788914
8.29,0.6744026062215116
8.291,0.6736194055208145
8.292,0.6728344230277068
8.293,0.6720476670947348
8.294,0.6712591460859634
8.295,0.6704688683768332
8.296,0.6696768423540049
8.297,0.668883076415216
8.298,0.6680875789691381
8.299,0.6672903584352204
8.3,0.6664914232435468
8.301,0.6656907818346925
8.302,0.664888442659569
8.303,0.6640844141792787
8.304,0.6632787048649734
8.305,0.662471323197698
8.306,0.6616622776682471
8.307,0.6608515767770167
8.308,0.6600392290338603
8.309,0.6592252429579335
8.31,0.6584096270775514
8.311,0.6575923899300435
8.312,0.6567735400615988
8.313,0.6559530860271224
8.314,0.6551310363900911
8.315,0.6543073997223983
8.316,0.65348218460421
8.317,0.652655399623822
8.318,0.6518270533775032
8.319,0.6509971544693529
8.32,0.650165711511157
8.321,0.6493327331222324
8.322,0.6484982279292852
8.323,0.64766220456626
8.324,0.6468246716741992
8.325,0.645985637901086
8.326,0.645145111901702
8.327,0.6443031023374843
8.328,0.64345961787637
8.329,0.6426146671926527
8.33,0.6417682589668403
8.331,0.6409204018854996
8.332,0.640071104641113
8.333,0.6392203759319369
8.334,0.6383682244618457
8.335,0.6375146589401894
8.336,0.6366596880816527
8.337,0.6358033206060976
8.338,0.6349455652384246
8.339,0.6340864307084229
8.34,0.6332259257506304
8.341,0.632364059104178
8.342,0.6315008395126491
8.343,0.6306362757239375
8.344,0.6297703764900928
8.345,0.6289031505671795
8.346,0.6280346067151357
8.347,0.6271647536976188
8.348,0.6262936002818649
8.349,0.6254211552385481
8.35,0.6245474273416266
8.351,0.6236724253682016
8.352,0.6227961580983781
8.353,0.6219186343151107
8.354,0.6210398628040656
8.355,0.6201598523534728
8.356,0.619278611753988
8.357,0.6183961497985404
8.358,0.617512475282192
8.359,0.6166275970020002
8.36,0.6157415237568634
8.361,0.6148542643473838
8.362,0.6139658275757278
8.363,0.6130762222454742
8.364,0.6121854571614759
8.365,0.6112935411297225
8.366,0.6104004829571872
8.367,0.6095062914516909
8.368,0.6086109754217633
8.369,0.607714543676493
8.37,0.606817005025391
8.371,0.6059183682782467
8.372,0.6050186422449927
8.373,0.6041178357355544
8.374,0.6032159575597138
8.375,0.6023130165269737
8.376,0.6014090214464075
8.377,0.6005039811265244
8.378,0.5995979043751333
8.379,0.5986907999991942
8.38,0.597782676804683
8.381,0.5968735435964577
8.382,0.5959634091781085
8.383,0.5950522823518266
8.384,0.594140171918262
8.385,0.5932270866763908
8.386,0.5923130354233689
8.387,0.5913980269543978
8.388,0.5904820700625923
8.389,0.5895651735388335
8.39,0.5886473461716363
8.391,0.5877285967470178
8.392,0.5868089340483506
8.393,0.5858883668562315
8.394,0.5849669039483507
8.395,0.5840445540993455
8.396,0.5831213260806708
8.397,0.5821972286604674
8.398,0.5812722706034188
8.399,0.5803464606706215
8.4,0.5794198076194486
8.401,0.5784923202034219
8.402,0.5775640071720681
8.403,0.5766348772707903
8.404,0.5757049392407397
8.405,0.5747742018186732
8.406,0.573842673736825
8.407,0.5729103637227803
8.408,0.5719772804993322
8.409,0.5710434327843559
8.41,0.5701088292906821
8.411,0.5691734787259559
8.412,0.5682373897925107
8.413,0.5673005711872436
8.414,0.5663630316014747
8.415,0.5654247797208241
8.416,0.5644858242250792
8.417,0.5635461737880725
8.418,0.5626058370775423
8.419,0.5616648227550097
8.42,0.5607231394756557
8.421,0.5597807958881824
8.422,0.5588378006346919
8.423,0.5578941623505638
8.424,0.5569498896643176
8.425,0.5560049911974927
8.426,0.5550594755645265
8.427,0.5541133513726191
8.428,0.5531666272216129
8.429,0.5522193117038726
8.43,0.5512714134041506
8.431,0.55032294089947
8.432,0.5493739027589962
8.433,0.5484243075439217
8.434,0.5474741638073315
8.435,0.5465234800940865
8.436,0.5455722649407052
8.437,0.5446205268752329
8.438,0.5436682744171236
8.439,0.5427155160771253
8.44,0.5417622603571484
8.441,0.5408085157501498
8.442,0.539854290740019
8.443,0.5388995938014479
8.444,0.537944433399816
8.445,0.5369888179910777
8.446,0.5360327560216326
8.447,0.5350762559282153
8.448,0.5341193261377732
8.449,0.5331619750673572
8.45,0.5322042111239937
8.451,0.5312460427045737
8.452,0.530287478195742
8.453,0.529328525973771
8.454,0.5283691944044511
8.455,0.5274094918429807
8.456,0.5264494266338416
8.457,0.5254890071106904
8.458,0.5245282415962496
8.459,0.5235671384021853
8.46,0.5226057058289983
8.461,0.5216439521659186
8.462,0.5206818856907814
8.463,0.5197195146699245
8.464,0.5187568473580727
8.465,0.5177938919982346
8.466,0.516830656821582
8.467,0.5158671500473462
8.468,0.5149033798827127
8.469,0.5139393545227035
8.47,0.5129750821500729
8.471,0.5120105709352057
8.472,0.5110458290359986
8.473,0.5100808645977593
8.474,0.5091156857531047
8.475,0.5081503006218441
8.476,0.5071847173108806
8.477,0.5062189439141083
8.478,0.5052529885123002
8.479,0.5042868591730085
8.48,0.5033205639504598
8.481,0.5023541108854562
8.482,0.5013875080052641
8.483,0.5004207633235164
8.484,0.49945388484011505
8.485,0.498486880541121
8.486,0.49751975839865664
8.487,0.49655252637081204
8.488,0.4955851924015335
8.489,0.4946177644205298
8.49,0.49365025034317844
8.491,0.49268265807041617
8.492,0.491714995488647
8.493,0.49074727046964894
8.494,0.48977949087046707
8.495,0.4888116645333237
8.496,0.48784379928551863
8.497,0.4868759029393409
8.498,0.48590798329196283
8.499,0.4849400481253507
8.5,0.4839721052061757
8.501,0.4830041622857101
8.502,0.4820362270997391
8.503,0.48106830736847345
8.504,0.4801004107964468
8.505,0.4791325450724291
8.506,0.478164717869341
8.507,0.47719693684415226
8.508,0.47622920963779924
8.509,0.4752615438750908
8.51,0.47429394716462675
8.511,0.47332642709869854
8.512,0.4723589912532066
8.513,0.4713916471875773
8.514,0.47042440244466577
8.515,0.46945726455067477
8.516,0.46849024101507314
8.517,0.46752333933050005
8.518,0.46655656697268527
8.519,0.4655899314003696
8.52,0.4646234400552103
8.521,0.4636571003617031
8.522,0.4626909197271039
8.523,0.46172490554133605
8.524,0.4607590651769155
8.525,0.4597934059888654
8.526,0.4588279353146426
8.527,0.45786266047404617
8.528,0.45689758876914305
8.529,0.45593272748419383
8.53,0.45496808388556365
8.531,0.4540036652216485
8.532,0.453039478722803
8.533,0.4520755316012527
8.534,0.45111183105102237
8.535,0.45014838424786474
8.536,0.4491851983491751
8.537,0.4482222804939203
8.538,0.44725963780257005
8.539,0.4462972773770121
8.54,0.44533520630048545
8.541,0.44437343163750403
8.542,0.443411960433791
8.543,0.4424507997161962
8.544,0.44148995649263023
8.545,0.44052943775199815
8.546,0.4395692504641191
8.547,0.43860940157966155
8.548,0.4376498980300789
8.549,0.43669074672753083
8.55,0.4357319545648194
8.551,0.4347735284153271
8.552,0.4338154751329392
8.553,0.4328578015519824
8.554,0.431900514487163
8.555,0.4309436207334923
8.556,0.4299871270662273
8.557,0.42903104024080363
8.558,0.4280753669927777
8.559,0.42712011403775335
8.56,0.42616528807132403
8.561,0.4252108957690156
8.562,0.4242569437862144
8.563,0.42330343875811083
8.564,0.42235038729964364
8.565,0.42139779600543004
8.566,0.42044567144971057
8.567,0.4194940201862955
8.568,0.41854284874849595
8.569,0.4175921636490708
8.57,0.4166419713801745
8.571,0.41569227841328965
8.572,0.41474309119917807
8.573,0.41379441616782053
8.574,0.41284625972836914
8.575,0.41189862826908186
8.576,0.4109515281572737
8.577,0.41000496573926765
8.578,0.4090589473403319
8.579,0.40811347926463204
8.58,0.40716856779518407
8.581,0.4062242191937928
8.582,0.405280439701006
8.583,0.4043372355360687
8.584,0.40339461289686374
8.585,0.40245257795986705
8.586,0.4015111368801042
8.587,0.40057029579109155
8.588,0.3996300608047958
8.589,0.3986904380115833
8.59,0.3977514334801799
8.591,0.3968130532576151
8.592,0.39587530336918136
8.593,0.39493818981839396
8.594,0.3940017185869369
8.595,0.39306589563462385
8.596,0.3921307268993594
8.597,0.3911962182970867
8.598,0.39026237572174977
8.599,0.38932920504525725
8.6,0.3883967121174306
8.601,0.3874649027659687
8.602,0.3865337827964127
8.603,0.3856033579920964
8.604,0.38467363411411376
8.605,0.38374461690127726
8.606,0.3828163120700862
8.607,0.38188872531467977
8.608,0.3809618623068046
8.609,0.3800357286957837
8.61,0.3791103301084705
8.611,0.3781856721492187
8.612,0.3772617603998522
8.613,0.3763386004196211
8.614,0.37541619774517304
8.615,0.3744945578905248
8.616,0.3735736863470198
8.617,0.37265358858330105
8.618,0.37173427004528437
8.619,0.3708157361561178
8.62,0.369897992316157
8.621,0.36898104390293285
8.622,0.368064896271128
8.623,0.3671495547525381
8.624,0.3662350246560486
8.625,0.36532131126761164
8.626,0.364408419850209
8.627,0.36349635564383015
8.628,0.3625851238654508
8.629,0.3616747297089973
8.63,0.36076517834532656
8.631,0.3598564749222061
8.632,0.35894862456428
8.633,0.3580416323730519
8.634,0.3571355034268586
8.635,0.3562302427808536
8.636,0.3553258554669758
8.637,0.3544223464939326
8.638,0.3535197208471834
8.639,0.35261798348890977
8.64,0.351717139358
8.641,0.3508171933700346
8.642,0.3499181504172575
8.643,0.34902001536856253
8.644,0.34812279306948035
8.645,0.3472264883421509
8.646,0.3463311059853119
8.647,0.3454366507742869
8.648,0.34454312746095966
8.649,0.3436505407737654
8.65,0.3427588954176726
8.651,0.3418681960741751
8.652,0.34097844740126815
8.653,0.3400896540334405
8.654,0.3392018205816658
8.655,0.33831495163338116
8.656,0.3374290517524794
8.657,0.33654412547930296
8.658,0.3356601773306234
8.659,0.33477721179963577
8.66,0.33389523335595317
8.661,0.3330142464455885
8.662,0.3321342554909499
8.663,0.3312552648908371
8.664,0.3303772790204242
8.665,0.3295003022312586
8.666,0.3286243388512508
8.667,0.32774939318467444
8.668,0.32687546951215085
8.669,0.3260025720906482
8.67,0.3251307051534816
8.671,0.32425987291029884
8.672,0.32339007954708143
8.673,0.32252132922614557
8.674,0.32165362608612985
8.675,0.3207869742419973
8.676,0.3199213777850384
8.677,0.3190568407828595
8.678,0.3181933672793871
8.679,0.3173309612948711
8.68,0.31646962682587615
8.681,0.31560936784528765
8.682,0.3147501883023098
8.683,0.3138920921224725
8.684,0.3130350832076243
8.685,0.31217916543593943
8.686,0.31132434266192427
8.687,0.31047061871641213
8.688,0.309617997406571
8.689,0.3087664825159122
8.69,0.3079160778042858
8.691,0.30706678700789053
8.692,0.3062186138392831
8.693,0.3053715619873756
8.694,0.30452563511744607
8.695,0.30368083687115005
8.696,0.3028371708665184
8.697,0.3019946406979717
8.698,0.3011532499363249
8.699,0.3003130021288021
8.7,0.2994739007990364
8.701,0.29863594944708444
8.702,0.29779915154944014
8.703,0.2969635105590369
8.704,0.2961290299052622
8.705,0.29529571299397356
8.706,0.2944635632075019
8.707,0.2936325839046671
8.708,0.29280277842079605
8.709,0.29197415006772615
8.71,0.2911467021338234
8.711,0.29032043788400064
8.712,0.2894953605597233
8.713,0.28867147337902954
8.714,0.28784877953654303
8.715,0.287027282203494
8.716,0.28620698452772647
8.717,0.2853878896337195
8.718,0.2845700006226079
8.719,0.28375332057219105
8.72,0.2829378525369548
8.721,0.2821235995480943
8.722,0.2813105646135231
8.723,0.28049875071789737
8.724,0.27968816082263875
8.725,0.2788787978659458
8.726,0.2780706647628185
8.727,0.277263764405083
8.728,0.276458099661404
8.729,0.2756536733773122
8.73,0.2748504883752224
8.731,0.2740485474544621
8.732,0.2732478533912855
8.733,0.27244840893889993
8.734,0.27165021682749446
8.735,0.27085327976425455
8.736,0.27005760043339067
8.737,0.26926318149616674
8.738,0.26847002559091687
8.739,0.26767813533307494
8.74,0.2668875133152041
8.741,0.2660981621070149
8.742,0.26531008425539543
8.743,0.2645232822844426
8.744,0.2637377586954809
8.745,0.26295351596709565
8.746,0.26217055655515803
8.747,0.2613888828928588
8.748,0.2606084973907289
8.749,0.2598294024366724
8.75,0.2590516003960006
8.751,0.25827509361145257
8.752,0.2574998844032304
8.753,0.25672597506903294
8.754,0.25595336788407924
8.755,0.2551820651011431
8.756,0.25441206895058943
8.757,0.25364338164039735
8.758,0.25287600535619825
8.759,0.2521099422613057
8.76,0.2513451944967536
8.761,0.2505817641813215
8.762,0.24981965341157253
8.763,0.24905886426189094
8.764,0.2482993987845086
8.765,0.24754125900954388
8.766,0.2467844469450404
8.767,0.24602896457699439
8.768,0.24527481386939445
8.769,0.2445219967642614
8.77,0.24377051518167692
8.771,0.24302037101982377
8.772,0.24227156615502707
8.773,0.2415241024417835
8.774,0.2407779817128043
8.775,0.24003320577905043
8.776,0.23928977642977628
8.777,0.2385476954325603
8.778,0.23780696453334757
8.779,0.2370675854564934
8.78,0.23632955990479446
8.781,0.23559288955953306
8.782,0.23485757608052063
8.783,0.23412362110613075
8.784,0.23339102625334368
8.785,0.23265979311779103
8.786,0.23192992327378975
8.787,0.2312014182743872
8.788,0.23047427965140713
8.789,0.2297485089154842
8.79,0.22902410755611155
8.791,0.2283010770416811
8.792,0.22757941881953153
8.793,0.2268591343159843
8.794,0.2261402249363908
8.795,0.2254226920651802
8.796,0.22470653706589613
8.797,0.22399176128124482
8.798,0.22327836603314383
8.799,0.22256635262275906
8.8,0.2218557223305545
8.801,0.221146476416341
8.802,0.22043861611931465
8.803,0.21973214265810703
8.804,0.21902705723083488
8.805,0.2183233610151393
8.806,0.21762105516823782
8.807,0.21692014082696903
8.808,0.21622061910784454
8.809,0.21552249110708982
8.81,0.21482575790069525
8.811,0.21413042054446824
8.812,0.21343648007407418
8.813,0.21274393750508883
8.814,0.21205279383305078
8.815,0.21136305003350328
8.816,0.21067470706204713
8.817,0.20998776585439438
8.818,0.20930222732641027
8.819,0.20861809237416737
8.82,0.20793536187399933
8.821,0.20725403668254422
8.822,0.20657411763680006
8.823,0.20589560555417355
8.824,0.20521850123253585
8.825,0.204542805450267
8.826,0.20386851896631122
8.827,0.20319564252023214
8.828,0.20252417683225782
8.829,0.20185412260333668
8.83,0.2011854805151936
8.831,0.20051825123037542
8.832,0.19985243539230746
8.833,0.19918803362535042
8.834,0.19852504653484615
8.835,0.1978634747071752
8.836,0.19720331870981384
8.837,0.19654457909138118
8.838,0.1958872563816977
8.839,0.19523135109183748
8.84,0.19457686371418734
8.841,0.19392379472249446
8.842,0.19327214457192501
8.843,0.19262191369912246
8.844,0.1919731025222561
8.845,0.1913257114410798
8.846,0.19067974083699138
8.847,0.19003519107308126
8.848,0.189392062494192
8.849,0.1887503554269779
8.85,0.18811007017995465
8.851,0.187471207043559
8.852,0.18683376629020892
8.853,0.18619774817435394
8.854,0.18556315293253628
8.855,0.18492998078344605
8.856,0.18429823192798303
8.857,0.18366790654930742
8.858,0.18303900481290086
8.859,0.1824115268666276
8.86,0.18178547284078586
8.861,0.1811608428481692
8.862,0.18053763698412814
8.863,0.17991585532662202
8.864,0.1792954979362807
8.865,0.17867656485646694
8.866,0.17805905611332815
8.867,0.1774429717158591
8.868,0.17682831165596424
8.869,0.17621507590851024
8.87,0.17560326443139004
8.871,0.1749928771655799
8.872,0.17438391403520376
8.873,0.17377637494758624
8.874,0.173170259793316
8.875,0.17256556844630894
8.876,0.1719623007638619
8.877,0.17136045658671634
8.878,0.17076003573912174
8.879,0.17016103802889
8.88,0.16956346324745894
8.881,0.16896731116995667
8.882,0.16837258155525572
8.883,0.1677792741460385
8.884,0.16718738866885624
8.885,0.16659692483419436
8.886,0.16600788233652752
8.887,0.16542026085438427
8.888,0.16483406005041143
8.889,0.1642492795714297
8.89,0.16366591904849842
8.891,0.16308397809698053
8.892,0.16250345631659813
8.893,0.1619243532914977
8.894,0.16134666859031518
8.895,0.16077040176623222
8.896,0.16019555235704114
8.897,0.15962211988521052
8.898,0.15905010385794174
8.899,0.15847950376723516
8.9,0.15791031908995087
8.901,0.15734254928787547
8.902,0.15677619380777866
8.903,0.1562112520814792
8.904,0.1556477235259105
8.905,0.15508560754317793
8.906,0.1545249035206249
8.907,0.1539656108308983
8.908,0.15340772883200657
8.909,0.15285125686738532
8.91,0.15229619426596377
8.911,0.15174254034222212
8.912,0.15119029439625808
8.913,0.15063945571385298
8.914,0.1500900235665297
8.915,0.14954199721162006
8.916,0.1489953758923264
8.917,0.14845015883778914
8.918,0.14790634526314497
8.919,0.14736393436959316
8.92,0.14682292534446248
8.921,0.14628331736126907
8.922,0.14574510957978357
8.923,0.14520830114609756
8.924,0.14467289119268212
8.925,0.14413887883845442
8.926,0.14360626318884478
8.927,0.1430750433358551
8.928,0.14254521835812564
8.929,0.14201678732100215
8.93,0.1414897492765943
8.931,0.14096410326384362
8.932,0.14043984830858602
8.933,0.1399169834236195
8.934,0.13939550760876307
8.935,0.13887541985092358
8.936,0.138356719124163
8.937,0.13783940438975717
8.938,0.13732347459626282
8.939,0.13680892867958477
8.94,0.1362957655630346
8.941,0.135783984157398
8.942,0.13527358336100184
8.943,0.1347645620597729
8.944,0.1342569191273052
8.945,0.133750653424927
8.946,0.13324576380175987
8.947,0.13274224909478663
8.948,0.13224010812891387
8.949,0.13173933971704016
8.95,0.13123994266011477
8.951,0.1307419157472051
8.952,0.13024525775556337
8.953,0.1297499674506859
8.954,0.12925604358638004
8.955,0.1287634849048312
8.956,0.12827229013666183
8.957,0.12778245800099855
8.958,0.12729398720553897
8.959,0.12680687644661057
8.96,0.12632112440923798
8.961,0.12583672976720944
8.962,0.12535369118313622
8.963,0.1248720073085198
8.964,0.12439167678381491
8.965,0.12391269823849657
8.966,0.1234350702911195
8.967,0.1229587915493845
8.968,0.12248386061020523
8.969,0.12201027605976715
8.97,0.1215380364735939
8.971,0.12106714041661411
8.972,0.12059758644321997
8.973,0.12012937309733378
8.974,0.11966249891247442
8.975,0.11919696241181599
8.976,0.1187327621082541
8.977,0.11826989650447225
8.978,0.11780836409300044
8.979,0.11734816335628208
8.98,0.11688929276673604
8.981,0.11643175078682334
8.982,0.11597553586910603
8.983,0.11552064645631265
8.984,0.11506708098140447
8.985,0.11461483786763381
8.986,0.11416391552860965
8.987,0.11371431236836345
8.988,0.11326602678140739
8.989,0.1128190571528
8.99,0.11237340185821154
8.991,0.11192905926398215
8.992,0.11148602772718731
8.993,0.11104430559570301
8.994,0.11060389120826374
8.995,0.11016478289452859
8.996,0.10972697897514212
8.997,0.10929047776180023
8.998,0.10885527755730792
8.999,0.1084213766556442
9.0,0.10798877334202672
9.001,0.1075574658929694
9.002,0.1071274525763471
9.003,0.10669873165146004
9.004,0.10627130136909126
9.005,0.10584515997157093
9.006,0.10542030569284058
9.007,0.10499673675851039
9.008,0.10457445138592396
9.009,0.10415344778421856
9.01,0.1037337241543896
9.011,0.10331527868934774
9.012,0.10289810957398263
9.013,0.10248221498522618
9.014,0.10206759309210982
9.015,0.10165424205582754
9.016,0.10124216002979912
9.017,0.10083134515972701
9.018,0.10042179558365923
9.019,0.10001350943205224
9.02,0.09960648482782755
9.021,0.09920071988643415
9.022,0.09879621271591163
9.023,0.09839296141694565
9.024,0.09799096408293176
9.025,0.0975902188000337
9.026,0.09719072364724665
9.027,0.0967924766964527
9.028,0.0963954760124831
9.029,0.09599971965318013
9.03,0.09560520566945244
9.031,0.09521193210533674
9.032,0.0948198969980596
9.033,0.09442909837809231
9.034,0.09403953426921245
9.035,0.09365120268856511
9.036,0.09326410164671756
9.037,0.09287822914772044
9.038,0.0924935831891685
9.039,0.09211016176225542
9.04,0.09172796285183471
9.041,0.09134698443647717
9.042,0.09096722448853188
9.043,0.09058868097418009
9.044,0.0902113518534958
9.045,0.08983523508050535
9.046,0.08946032860324148
9.047,0.08908663036380311
9.048,0.0887141382984148
9.049,0.08834285033748042
9.05,0.08797276440564226
9.051,0.08760387842184075
9.052,0.08723619029936702
9.053,0.08686969794592236
9.054,0.08650439926367674
9.055,0.08614029214932178
9.056,0.08577737449413005
9.057,0.08541564418400995
9.058,0.08505509909956499
9.059,0.08469573711614592
9.06,0.08433755610390882
9.061,0.08398055392787297
9.062,0.08362472844797289
9.063,0.08327007751911576
9.064,0.08291659899123908
9.065,0.0825642907093622
9.066,0.08221315051364345
9.067,0.08186317623943719
9.068,0.0815143657173451
9.069,0.08116671677327289
9.07,0.08082022722848675
9.071,0.08047489489966454
9.072,0.08013071759895227
9.073,0.07978769313401748
9.074,0.07944581930810585
9.075,0.07910509392009124
9.076,0.0787655147645318
9.077,0.07842707963172507
9.078,0.0780897863077584
9.079,0.07775363257456376
9.08,0.07741861620997312
9.081,0.07708473498776781
9.082,0.07675198667773339
9.083,0.07642036904571431
9.084,0.0760898798536629
9.085,0.07576051685969384
9.086,0.07543227781813817
9.087,0.07510516047959218
9.088,0.07477916259097166
9.089,0.07445428189556273
9.09,0.07413051613307604
9.091,0.07380786303969478
9.092,0.07348632034812802
9.093,0.07316588578766357
9.094,0.07284655708421586
9.095,0.07252833196037871
9.096,0.07221120813547764
9.097,0.07189518332561746
9.098,0.07158025524373433
9.099,0.0712664215996478
9.1,0.07095368010010773
9.101,0.07064202844884614
9.102,0.07033146434662854
9.103,0.07002198549130058
9.104,0.0697135895778396
9.105,0.0694062742984033
9.106,0.0691000373423808
9.107,0.06879487639643873
9.108,0.06849078914457167
9.109,0.06818777326815266
9.11,0.0678858264459785
9.111,0.06758494635431969
9.112,0.06728513066697066
9.113,0.06698637705529435
9.114,0.06668868318827183
9.115,0.0663920467325519
9.116,0.06609646535249525
9.117,0.06580193671022364
9.118,0.06550845846566881
9.119,0.06521602827661636
9.12,0.06492464379875482
9.121,0.06463430268572143
9.122,0.0643450025891509
9.123,0.06405674115871855
9.124,0.06376951604218832
9.125,0.06348332488546041
9.126,0.0631981653326141
9.127,0.06291403502595506
9.128,0.06263093160606252
9.129,0.06234885271183158
9.13,0.06206779598052015
9.131,0.06178775904779535
9.132,0.06150873954777557
9.133,0.06123073511307714
9.134,0.060953743374858045
9.135,0.06067776196286405
9.136,0.06040278850547024
9.137,0.06012882062972645
9.138,0.05985585596140252
9.139,0.0595838921250293
9.14,0.05931292674394348
9.141,0.05904295744033237
9.142,0.05877398183527441
9.143,0.05850599754878344
9.144,0.05823900219985302
9.145,0.057972993406496295
9.146,0.057707968785789834
9.147,0.057443925953917466
9.148,0.05718086252620943
9.149,0.05691877611718643
9.15,0.056657664340600294
9.151,0.056397524809477656
9.152,0.0561383551361583
9.153,0.05588015293233818
9.154,0.05562291580911165
9.155,0.05536664137700964
9.156,0.05511132724604181
9.157,0.05485697102573846
9.158,0.05460357032518817
9.159,0.054351122753079344
9.16,0.054099625917741645
9.161,0.05384907742718306
9.162,0.053599474889130944
9.163,0.053350815911072824
9.164,0.05310309810029316
9.165,0.05285631906391401
9.166,0.052610476408933356
9.167,0.05236556774226548
9.168,0.05212159067077695
9.169,0.05187854280132644
9.17,0.051636421740804093
9.171,0.05139522509616717
9.172,0.05115495047447914
9.173,0.05091559548294863
9.174,0.05067715772896448
9.175,0.050439634820134235
9.176,0.050203024364322724
9.177,0.04996732396968642
9.178,0.04973253124471151
9.179,0.049498643798251814
9.18,0.04926565923956268
9.181,0.04903357517833902
9.182,0.04880238922475039
9.183,0.04857209898947874
9.184,0.04834270208375155
9.185,0.048114196119378644
9.186,0.0478865787087888
9.187,0.047659847465062515
9.188,0.047434000001968166
9.189,0.047209033933998105
9.19,0.0469849468764009
9.191,0.04676173644521699
9.192,0.04653940025731418
9.193,0.04631793593041937
9.194,0.04609734108315371
9.195,0.04587761333506745
9.196,0.04565875030667133
9.197,0.04544074961947131
9.198,0.04522360889600119
9.199,0.045007325759857164
9.2,0.04479189783572831
9.201,0.0445773227494305
9.202,0.04436359812793992
9.203,0.04415072159942329
9.204,0.043938690793271014
9.205,0.043727503340130335
9.206,0.04351715687193481
9.207,0.0433076490219371
9.208,0.043098977424741586
9.209,0.04289113971633316
9.21,0.04268413353410971
9.211,0.04247795651691386
9.212,0.04227260630506167
9.213,0.042068080540374565
9.214,0.04186437686620892
9.215,0.04166149292748784
9.216,0.041459426370728844
9.217,0.041258174844074895
9.218,0.041057735997325054
9.219,0.040858107481961836
9.22,0.04065928695118162
9.221,0.04046127205992477
9.222,0.040264060464902544
9.223,0.04006764982462683
9.224,0.03987203779943985
9.225,0.03967722205154045
9.226,0.03948320024501347
9.227,0.03928997004585875
9.228,0.039097529122016986
9.229,0.038905875143398834
9.23,0.03871500578191183
9.231,0.03852491871148896
9.232,0.03833561160811399
9.233,0.038147082149849354
9.234,0.037959328016864136
9.235,0.03777234689145866
9.236,0.03758613645809196
9.237,0.03740069440340921
9.238,0.037216018416265755
9.239,0.03703210618775414
9.24,0.036848955411230976
9.241,0.03666656378234045
9.242,0.03648492899904087
9.243,0.036304048761630944
9.244,0.03612392077277284
9.245,0.035944542737518556
9.246,0.035765912363333936
9.247,0.03558802736012465
9.248,0.035410885440258597
9.249,0.03523448431859124
9.25,0.03505882171249056
9.251,0.034883895341859116
9.252,0.034709702929158745
9.253,0.034536242199435026
9.254,0.034363510880338906
9.255,0.03419150670215083
9.256,0.03402022739780469
9.257,0.03384967070290899
9.258,0.03367983435577072
9.259,0.033510716097417376
9.26,0.0333423136716205
9.261,0.0331746248249162
9.262,0.03300764730662805
9.263,0.03284137886888987
9.264,0.03267581726666576
9.265,0.03251096025777253
9.266,0.03234680560290186
9.267,0.032183351065640006
9.268,0.03202059441248956
9.269,0.031858533412891306
9.27,0.03169716583924324
9.271,0.03153648946692194
9.272,0.031376502074303994
9.273,0.031217201442784327
9.274,0.031058585356797633
9.275,0.030900651603837603
9.276,0.030743397974477893
9.277,0.030586822262389967
9.278,0.03043092226436346
9.279,0.030275695780326257
9.28,0.030121140613361956
9.281,0.029967254569729592
9.282,0.029814035458883392
9.283,0.02966148109348966
9.284,0.02950958928944611
9.285,0.029358357865901054
9.286,0.029207784645269824
9.287,0.02905786745325371
9.288,0.02890860411885852
9.289,0.02875999247441073
9.29,0.028612030355576037
9.291,0.02846471560137622
9.292,0.028318046054207437
9.293,0.028172019559855637
9.294,0.02802663396751439
9.295,0.027881887129802243
9.296,0.027737776902777903
9.297,0.027594301145957425
9.298,0.02745145772233121
9.299,0.02730924449837869
9.3,0.02716765934408498
9.301,0.027026700132957594
9.302,0.026886364742040487
9.303,0.026746651051930415
9.304,0.026607556946793013
9.305,0.02646908031437653
9.306,0.026331219046027966
9.307,0.026193971036707366
9.308,0.026057334185003705
9.309,0.025921306393147964
9.31,0.02578588556702837
9.311,0.02565106961620544
9.312,0.025516856453924708
9.313,0.025383243997131495
9.314,0.025250230166485477
9.315,0.025117812886373013
9.316,0.02498599008492145
9.317,0.02485475969401328
9.318,0.024724119649297993
9.319,0.024594067890205993
9.32,0.024464602359962225
9.321,0.02433572100559776
9.322,0.024207421777963305
9.323,0.02407970263174145
9.324,0.023952561525459944
9.325,0.02382599642150263
9.326,0.023700005286122306
9.327,0.023574586089453363
9.328,0.023449736805522373
9.329,0.023325455412260443
9.33,0.023201739891515468
9.331,0.023078588229062277
9.332,0.022955998414614577
9.333,0.02283396844183685
9.334,0.022712496308353952
9.335,0.022591580015762797
9.336,0.022471217569643678
9.337,0.022351406979569607
9.338,0.022232146259117718
9.339,0.0221134334258791
9.34,0.021995266501469952
9.341,0.02187764351154031
9.342,0.021760562485784708
9.343,0.021644021457952533
9.344,0.021528018465856523
9.345,0.021412551551382907
9.346,0.021297618760501423
9.347,0.021183218143273407
9.348,0.021069347753861517
9.349,0.02095600565053939
9.35,0.02084318989569927
9.351,0.020730898555861455
9.352,0.02061912970168344
9.353,0.020507881407967284
9.354,0.02039715175366872
9.355,0.020286938821905076
9.356,0.020177240699964103
9.357,0.020068055479310832
9.358,0.01995938125559601
9.359,0.019851216128664435
9.36,0.019743558202561382
9.361,0.019636405585540664
9.362,0.01952975639007263
9.363,0.019423608732850164
9.364,0.019317960734796427
9.365,0.019212810521072432
9.366,0.019108156221082716
9.367,0.01900399596848272
9.368,0.01890032790118593
9.369,0.018797150161369278
9.37,0.01869446089548026
9.371,0.018592258254242853
9.372,0.018490540392664376
9.373,0.018389305470040404
9.374,0.018288551649961255
9.375,0.018188277100318284
9.376,0.01808847999330852
9.377,0.017989158505440694
9.378,0.01789031081754128
9.379,0.017791935114758704
9.38,0.0176940295865691
9.381,0.01759659242678192
9.382,0.017499621833543866
9.383,0.01740311600934445
9.384,0.01730707316102041
9.385,0.017211491499761006
9.386,0.017116369241111522
9.387,0.017021704604978233
9.388,0.016927495815633145
9.389,0.016833741101717238
9.39,0.01674043869624502
9.391,0.01664758683660896
9.392,0.01655518376458245
9.393,0.016463227726323946
9.394,0.01637171697238118
9.395,0.016280649757693676
9.396,0.016190024341596682
9.397,0.016099838987824983
9.398,0.016010091964515114
9.399,0.01592078154420917
9.4,0.01583190600385744
9.401,0.01574346362482198
9.402,0.015655452692878418
9.403,0.01556787149821917
9.404,0.01548071833545646
9.405,0.01539399150362389
9.406,0.015307689306179269
9.407,0.015221810051007395
9.408,0.015136352050421274
9.409,0.015051313621164695
9.41,0.014966693084414657
9.411,0.01488248876578232
9.412,0.014798698995315275
9.413,0.01471532210749964
9.414,0.014632356441260794
9.415,0.014549800339965427
9.416,0.014467652151422643
9.417,0.014385910227885854
9.418,0.0143045729260531
9.419,0.01422363860706857
9.42,0.014143105636524062
9.421,0.014062972384459043
9.422,0.01398323722536188
9.423,0.013903898538170995
9.424,0.013824954706274671
9.425,0.013746404117511995
9.426,0.013668245164173733
9.427,0.013590476243001852
9.428,0.013513095755190238
9.429,0.013436102106385224
9.43,0.013359493706684896
9.431,0.01328326897063964
9.432,0.013207426317251782
9.433,0.013131964169975894
9.434,0.013056880956717814
9.435,0.01298217510983462
9.436,0.012907845066134628
9.437,0.012833889266876055
9.438,0.012760306157766799
9.439,0.012687094188964153
9.44,0.012614251815073222
9.441,0.012541777495146456
9.442,0.01246966969268308
9.443,0.012397926875627309
9.444,0.01232654751636757
9.445,0.012255530091735765
9.446,0.012184873083005147
9.447,0.0121145749758895
9.448,0.012044634260541462
9.449,0.011975049431551492
9.45,0.011905818987945486
9.451,0.011836941433183529
9.452,0.01176841527515846
9.453,0.01170023902619332
9.454,0.011632411203039789
9.455,0.01156493032687657
9.456,0.011497794923306586
9.457,0.0114310035223552
9.458,0.011364554658468345
9.459,0.011298446870509526
9.46,0.01123267870175779
9.461,0.011167248699905643
9.462,0.01110215541705582
9.463,0.01103739740971918
9.464,0.010972973238811766
9.465,0.010908881469652581
9.466,0.010845120671960036
9.467,0.010781689419849458
9.468,0.010718586291830453
9.469,0.010655809870803215
9.47,0.010593358744055766
9.471,0.010531231503261141
9.472,0.010469426744473457
9.473,0.010407943068125
9.474,0.010346779079023137
9.475,0.010285933386346266
9.476,0.010225404603640603
9.477,0.010165191348816991
9.478,0.010105292244146536
9.479,0.010045705916257442
9.48,0.00998643099613094
9.481,0.009927466119097948
9.482,0.009868809924834496
9.483,0.009810461057358132
9.484,0.009752418165024174
9.485,0.009694679900521018
9.486,0.009637244920866317
9.487,0.009580111887403061
9.488,0.009523279465794713
9.489,0.009466746326021175
9.49,0.009410511142374694
9.491,0.009354572593454832
9.492,0.00929892936216424
9.493,0.009243580135704386
9.494,0.009188523605570357
9.495,0.009133758467546535
9.496,0.009079283421701688
9.497,0.009025097172384549
9.498,0.008971198428218367
9.499,0.008917585902096315
9.5,0.008864258311176782
9.501,0.008811214376877768
9.502,0.00875845282487214
9.503,0.008705972385082722
9.504,0.008653771791676581
9.505,0.008601849783060065
9.506,0.00855020510187377
9.507,0.00849883649498666
9.508,0.008447742713491028
9.509,0.008396922512696846
9.51,0.008346374652126662
9.511,0.008296097895509476
9.512,0.008246091010775409
9.513,0.008196352770050343
9.514,0.008146881949649656
9.515,0.008097677330072744
9.516,0.0080487376959975
9.517,0.008000061836273909
9.518,0.007951648543918449
9.519,0.007903496616108386
9.52,0.007855604854175252
9.521,0.007807972063599104
9.522,0.007760597054002652
9.523,0.007713478639144666
9.524,0.007666615636914082
9.525,0.0076200068693236854
9.526,0.007573651162504107
9.527,0.0075275473466970754
9.528,0.007481694256249274
9.529,0.007436090729606222
9.53,0.007390735609305316
9.531,0.00734562774196963
9.532,0.007300765978301604
9.533,0.007256149173076006
9.534,0.007211776185133577
9.535,0.00716764587737462
9.536,0.007123757116751826
9.537,0.007080108774263816
9.538,0.007036699724948569
9.539,0.006993528847876195
9.54,0.006950595026142355
9.541,0.006907897146861267
9.542,0.006865434101159069
9.543,0.006823204784166416
9.544,0.006781208095011706
9.545,0.00673944293681428
9.546,0.006697908216676909
9.547,0.006656602845678901
9.548,0.006615525738869209
9.549,0.006574675815258791
9.55,0.006534051997813634
9.551,0.006493653213447728
9.552,0.006453478393015355
9.553,0.006413526471304006
9.554,0.006373796387027226
9.555,0.00633428708281683
9.556,0.00629499750521578
9.557,0.006255926604670604
9.558,0.006217073335524172
9.559,0.006178436656007828
9.56,0.006140015528234022
9.561,0.006101808918188966
9.562,0.00606381579572463
9.563,0.006026035134551314
9.564,0.005988465912230203
9.565,0.005951107110165276
9.566,0.0059139577135957945
9.567,0.0058770167115887615
9.568,0.005840283097030759
9.569,0.005803755866620337
9.57,0.0057674340208604125
9.571,0.005731316564049997
9.572,0.00569540250427659
9.573,0.0056596908534081595
9.574,0.005624180627085457
9.575,0.005588870844713669
9.576,0.005553760529454656
9.577,0.005518848708219109
9.578,0.005484134411658165
9.579,0.005449616674155524
9.58,0.005415294533819567
9.581,0.0053811670324748866
9.582,0.0053472332156543415
9.583,0.005313492132591095
9.584,0.005279942836210086
9.585,0.0052465843831200135
9.586,0.005213415833605307
9.587,0.005180436251617533
9.588,0.0051476447047673875
9.589,0.005115040264316276
9.59,0.005082622005168283
9.591,0.0050503890058614795
9.592,0.005018340348559783
9.593,0.004986475119044758
9.594,0.004954792406706908
9.595,0.004923291304537446
9.596,0.004891970909120056
9.597,0.00486083032062212
9.598,0.004829868642786447
9.599,0.004799084982922967
9.6,0.004768478451899924
9.601,0.004738048164135528
9.602,0.0047077932375896225
9.603,0.004677712793754798
9.604,0.004647805957648095
9.605,0.0046180718578022984
9.606,0.0045885096262576
9.607,0.0045591183985526605
9.608,0.0045298973137161795
9.609,0.00450084551425842
9.61,0.00447196214616225
9.611,0.004443246358874666
9.612,0.0044146973052982584
9.613,0.004386314141782251
9.614,0.004358096028113942
9.615,0.004330042127510159
9.616,0.0043021516066082425
9.617,0.0042744236354574664
9.618,0.004246857387510441
9.619,0.004219452039614076
9.62,0.004192206772001006
9.621,0.004165120768280711
9.622,0.004138193215430948
9.623,0.004111423303788641
9.624,0.00408481022704124
9.625,0.004058353182218038
9.626,0.004032051369681056
9.627,0.00400590399311637
9.628,0.003979910259525392
9.629,0.003954069379215736
9.63,0.003928380565792515
9.631,0.0039028430361495907
9.632,0.0038774560104604355
9.633,0.0038522187121694264
9.634,0.0038271303679828566
9.635,0.0038021902078602273
9.636,0.003777397465005067
9.637,0.0037527513758561495
9.638,0.0037282511800787177
9.639,0.0037038961205552875
9.64,0.003679685443376846
9.641,0.0036556183978340537
9.642,0.0036316942364080346
9.643,0.003607912214761567
9.644,0.003584271591730253
9.645,0.0035607716293133036
9.646,0.0035374115926647205
9.647,0.0035141907500844346
9.648,0.003491108373009111
9.649,0.003468163736003314
9.65,0.003445356116750482
9.651,0.0034226847960440784
9.652,0.00340014905777839
9.653,0.00337774818893965
9.654,0.003355481479597177
9.655,0.0033333482228941427
9.656,0.0033113477150387045
9.657,0.003289479255295121
9.658,0.003267742145974529
9.659,0.003246135692426059
9.66,0.00322465920302796
9.661,0.0032033119891783615
9.662,0.0031820933652864005
9.663,0.0031610026487633217
9.664,0.003140039160013268
9.665,0.0031192022224244094
9.666,0.0030984911623598865
9.667,0.003077905309148955
9.668,0.003057443995077761
9.669,0.0030371065553804547
9.67,0.003016892328230307
9.671,0.002996800654730493
9.672,0.0029768308789052044
9.673,0.002956982347690767
9.674,0.0029372544109264372
9.675,0.002917646421345517
9.676,0.0028981577345664725
9.677,0.0028787877090837425
9.678,0.002859535706258866
9.679,0.0028404010903115957
9.68,0.002821383228310723
9.681,0.0028024814901652494
9.682,0.0027836952486153393
9.683,0.002765023879223491
9.684,0.002746466760365381
9.685,0.0027280232732210022
9.686,0.002709692801765811
9.687,0.0026914747327615816
9.688,0.0026733684557475592
9.689,0.0026553733630316195
9.69,0.002637488849681139
9.691,0.0026197143135141647
9.692,0.002602049155090581
9.693,0.0025844927777030086
9.694,0.002567044587367975
9.695,0.0025497039928171184
9.696,0.0025324704054880817
9.697,0.0025153432395157503
9.698,0.0024983219117233058
9.699,0.0024814058416134594
9.7,0.0024645944513593944
9.701,0.0024478871657959943
9.702,0.0024312834124110665
9.703,0.002414782621336311
9.704,0.002398384225338563
9.705,0.002382087659811036
9.706,0.002365892362764326
9.707,0.002349797774817664
9.708,0.0023338033391901896
9.709,0.0023179085016919753
9.71,0.0023021127107153093
9.711,0.0022864154172259855
9.712,0.002270816074754359
9.713,0.002255314139386686
9.714,0.0022399090697562884
9.715,0.002224600327034929
9.716,0.002209387374923881
9.717,0.00219426967964529
9.718,0.0021792467099335145
9.719,0.002164317937026253
9.72,0.002149482834655913
9.721,0.002134740879040993
9.722,0.002120091548877236
9.723,0.00210553432532903
9.724,0.002091068692020818
9.725,0.0020766941350282868
9.726,0.0020624101428697935
9.727,0.0020482162064978148
9.728,0.0020341118192901534
9.729,0.0020200964770414457
9.73,0.0020061696779544893
9.731,0.001992330922631765
9.732,0.0019785797140666967
9.733,0.001964915557635168
9.734,0.0019513379610870294
9.735,0.0019378464345374065
9.736,0.001924440490458248
9.737,0.0019111196436698663
9.738,0.0018978834113322907
9.739,0.00188473131293684
9.74,0.0018716628702977057
9.741,0.0018586776075433448
9.742,0.0018457750511080846
9.743,0.0018329547297237464
9.744,0.0018202161744110758
9.745,0.001807558918471411
9.746,0.0017949824974782275
9.747,0.0017824864492688383
9.748,0.0017700703139358707
9.749,0.0017577336338189728
9.75,0.00174547595349652
9.751,0.0017332968197771392
9.752,0.001721195781691455
9.753,0.0017091723904838353
9.754,0.0016972261996039593
9.755,0.0016853567646986048
9.756,0.0016735636436034326
9.757,0.0016618463963346067
9.758,0.001650204585080632
9.759,0.0016386377741940844
9.76,0.0016271455301834824
9.761,0.0016157274217049598
9.762,0.0016043830195541428
9.763,0.0015931118966580448
9.764,0.0015819136280667842
9.765,0.001570787790945507
9.766,0.0015597339645663216
9.767,0.001548751730300068
9.768,0.0015378406716082854
9.769,0.0015270003740351875
9.77,0.001516230425199481
9.771,0.0015055304147863799
9.772,0.0014948999345396235
9.773,0.0014843385782533516
9.774,0.0014738459417641683
9.775,0.001463421622943132
9.776,0.0014530652216878455
9.777,0.0014427763399144017
9.778,0.0014325545815494945
9.779,0.001422399552522555
9.78,0.0014123108607577335
9.781,0.001402288116166069
9.782,0.0013923309306376646
9.783,0.001382438918033726
9.784,0.0013726116941787752
9.785,0.0013628488768528781
9.786,0.0013531500857837332
9.787,0.001343514942638935
9.788,0.0013339430710182475
9.789,0.0013244340964457518
9.79,0.001314987646362165
9.791,0.0013056033501170916
9.792,0.0012962808389613823
9.793,0.0012870197460393424
9.794,0.0012778197063811135
9.795,0.0012686803568950663
9.796,0.0012596013363600656
9.797,0.0012505822854179003
9.798,0.001241622846565728
9.799,0.001232722664148395
9.8,0.0012238813843509148
9.801,0.0012150986551909683
9.802,0.0012063741265112733
9.803,0.0011977074499721228
9.804,0.0011890982790439277
9.805,0.001180546268999648
9.806,0.0011720510769073957
9.807,0.0011636123616229576
9.808,0.0011552297837824272
9.809,0.0011469030057947153
9.81,0.0011386316918341982
9.811,0.0011304155078333928
9.812,0.0011222541214755168
9.813,0.0011141472021871939
9.814,0.0011060944211311826
9.815,0.0010980954511989913
9.816,0.001090149967003638
9.817,0.0010822576448724346
9.818,0.0010744181628396553
9.819,0.001066631200639354
9.82,0.0010588964396982025
9.821,0.001051213563128213
9.822,0.0010435822557196268
9.823,0.001036002203933737
9.824,0.0010284730958958076
9.825,0.001020994621387878
9.826,0.0010135664718417098
9.827,0.0010061883403317496
9.828,0.000998859921567991
9.829,0.0009915809118889746
9.83,0.000984351009254807
9.831,0.000977169913240083
9.832,0.0009700373250269386
9.833,0.0009629529473981275
9.834,0.0009559164847300002
9.835,0.000948927642985615
9.836,0.0009419861297078684
9.837,0.0009350916540125327
9.838,0.0009282439265814394
9.839,0.0009214426596555987
9.84,0.0009146875670284232
9.841,0.0009079783640388398
9.842,0.0009013147675645361
9.843,0.0008946964960152204
9.844,0.0008881232693257979
9.845,0.0008815948089496701
9.846,0.0008751108378520548
9.847,0.000868671080503217
9.848,0.0008622752628718313
9.849,0.0008559231124183535
9.85,0.000849614358088316
9.851,0.0008433487303057409
9.852,0.0008371259609665755
9.853,0.0008309457834320393
9.854,0.0008248079325221156
9.855,0.0008187121445089777
9.856,0.0008126581571105173
9.857,0.0008066457094837709
9.858,0.0008006745422184722
9.859,0.0007947443973306164
9.86,0.0007888550182559523
9.861,0.0007830061498435892
9.862,0.0007771975383496205
9.863,0.0007714289314306762
9.864,0.0007657000781375849
9.865,0.0007600107289090563
9.866,0.0007543606355652943
9.867,0.0007487495513017158
9.868,0.0007431772306826917
9.869,0.0007376434296352184
9.87,0.0007321479054427059
9.871,0.0007266904167387269
9.872,0.0007212707235008456
9.873,0.0007158885870443657
9.874,0.0007105437700161896
9.875,0.0007052360363886912
9.876,0.0006999651514535268
9.877,0.0006947308818155501
9.878,0.0006895329953867453
9.879,0.0006843712613800949
9.88,0.0006792454503035558
9.881,0.0006741553339540467
9.882,0.0006691006854113807
9.883,0.0006640812790323023
9.884,0.0006590968904444928
9.885,0.0006541472965406492
9.886,0.0006492322754724908
9.887,0.0006443516066448682
9.888,0.0006395050707098903
9.889,0.0006346924495609913
9.89,0.0006299135263270969
9.891,0.0006251680853668097
9.892,0.0006204559122625352
9.893,0.0006157767938147071
9.894,0.0006111305180360282
9.895,0.0006065168741456582
9.896,0.0006019356525634957
9.897,0.0005973866449044764
9.898,0.0005928696439728225
9.899,0.0005883844437563857
9.9,0.0005839308394209705
9.901,0.0005795086273047134
9.902,0.0005751176049124132
9.903,0.000570757570909944
9.904,0.0005664283251186909
9.905,0.0005621296685099339
9.906,0.0005578614031993229
9.907,0.0005536233324413672
9.908,0.0005494152606238807
9.909,0.0005452369932625116
9.91,0.0005410883369952932
9.911,0.0005369690995771444
9.912,0.000532879089874459
9.913,0.0005288181178597113
9.914,0.0005247859946060185
9.915,0.0005207825322817903
9.916,0.0005168075441453591
9.917,0.00051286084453967
9.918,0.0005089422488869184
9.919,0.0005050515736832711
9.92,0.0005011886364936066
9.921,0.0004973532559462112
9.922,0.0004935452517275571
9.923,0.0004897644445770985
9.924,0.00048601065628202687
9.925,0.00048228370967210414
9.926,0.00047858342861451707
9.927,0.000474909638008688
9.928,0.0004712621637811677
9.929,0.0004676408328805426
9.93,0.00046404547327230525
9.931,0.00046047591393380907
9.932,0.00045693198484920045
9.933,0.00045341351700440874
9.934,0.0004499203423820947
9.935,0.00044645229395667027
9.936,0.00044300920568933906
9.937,0.00043959091252309985
9.938,0.00043619725037782366
9.939,0.0004328280561453493
9.94,0.00042948316768454353
9.941,0.00042616242381643383
9.942,0.00042286566431935915
9.943,0.0004195927299240871
9.944,0.000416343462309001
9.945,0.0004131177040953076
9.946,0.0004099152988422082
9.947,0.0004067360910421477
9.948,0.00040357992611604886
9.949,0.0004004466504085958
9.95,0.0003973361111834815
9.951,0.00039424815661872475
9.952,0.0003911826358020032
9.953,0.00038813939872595695
9.954,0.00038511829628355823
9.955,0.00038211918026350035
9.956,0.00037914190334555563
9.957,0.0003761863190960003
9.958,0.0003732522819630561
9.959,0.00037033964727230457
9.96,0.00036744827122216466
9.961,0.00036457801087938903
9.962,0.0003617287241745322
9.963,0.0003589002698974884
9.964,0.00035609250769301373
9.965,0.00035330529805630137
9.966,0.00035053850232851983
9.967,0.0003477919826924175
9.968,0.0003450656021679419
9.969,0.00034235922460783546
9.97,0.0003396727146932901
9.971,0.0003370059379296215
9.972,0.000334358760641916
9.973,0.0003317310499707407
9.974,0.0003291226738678681
9.975,0.00032653350109197786
9.976,0.0003239634012044175
9.977,0.00032141224456498115
9.978,0.0003188799023276617
9.979,0.0003163662464364713
9.98,0.0003138711496212459
9.981,0.000311394485393499
9.982,0.000308936128042244
9.983,0.0003064959526298782
9.984,0.0003040738349880795
9.985,0.00030166965171368336
9.986,0.0002992832801646164
9.987,0.00029691459845584495
9.988,0.0002945634854553047
9.989,0.00029222982077988327
9.99,0.00028991348479142097
9.991,0.00028761435859269124
9.992,0.00028533232402343434
9.993,0.00028306726365640814
9.994,0.00028081906079341953
9.995,0.0002785875994614127
9.996,0.0002763727644085498
9.997,0.0002741744411003332
9.998,0.00027199251571570314
9.999,0.00026982687514318966
10.0,0.00026767740697707874
