# Name: Feat 2-Feat 1
# Variable_type: slip rate
# Unit: m/ky
0.0,0.0
0.01,0.0
0.02,0.0
0.03,0.0
0.04,0.0
0.05,0.0
0.06,0.0
0.07,0.0
0.08,0.0
0.09,0.0
0.1,0.0
0.11,0.0
0.12,0.0
0.13,0.0
0.14,0.0
0.15,0.0
0.16,0.0
0.17,0.0
0.18,0.0
0.19,0.0
0.2,0.0
0.21,0.0
0.22,0.0
0.23,0.0
0.24,0.0
0.25,0.0
0.26,0.0
0.27,0.0
0.28,0.0
0.29,0.0
0.3,0.0
0.31,0.0
0.32,0.0
0.33,0.0
0.34,0.0
0.35,0.0
0.36,0.0
0.37,0.0
0.38,0.0
0.39,0.0
0.4,0.0
0.41,0.0
0.42,0.0
0.43,0.0
0.44,0.0
0.45,0.0
0.46,0.0
0.47,0.0
0.48,0.0
0.49,0.0
0.5,0.0
0.51,0.0
0.52,0.0
0.53,0.0
0.54,0.0
0.55,0.0
0.56,0.0
0.57,0.0
0.58,3.818183137335174e-05
0.59,7.622715840154194e-05
0.6,0.00012490394091011682
0.61,0.00020616121669459023
0.62,0.000338007701552139
0.63,0.00044533764303443925
0.64,0.0006190548707982935
0.65,0.0008264207889977015
0.66,0.0010938026702457528
0.67,0.0013134926705932856
0.68,0.0015219483841772876
0.69,0.00186977075451554
0.7,0.002197581716956654
0.71,0.002629741997155911
0.72,0.003204442477768876
0.73,0.0037643288217199464
0.74,0.004269661392327203
0.75,0.004700563762228082
0.76,0.00498910309791125
0.77,0.005211906621219165
0.78,0.005401835044335921
0.79,0.005785401837578207
0.8,0.006275780560381835
0.81,0.007087331359876615
0.82,0.0078329644068244
0.83,0.008945458877342246
0.84,0.009922425161687462
0.85,0.010862698910735723
0.86,0.011643347215381263
0.87,0.012415236949496963
0.88,0.013069419181987422
0.89,0.013922554496557932
0.9,0.014864021361229768
0.91,0.01634253927506924
0.92,0.017855527794958064
0.93,0.0199597114598861
0.94,0.022058031353119147
0.95,0.023955676063322467
0.96,0.025627657377099575
0.97,0.026992530277377202
0.98,0.028210218130621283
0.99,0.02959690035755269
1.0,0.03110854614778094
1.01,0.033263525318935956
1.02,0.035132614519145566
1.03,0.037161531286695346
1.04,0.03890129053185186
1.05,0.04039146991609125
1.06,0.04207374741022426
1.07,0.04373729148753125
1.08,0.04553738189644661
1.09,0.046883291277696845
1.1,0.04781387167131402
1.11,0.048641709985371075
1.12,0.049123790613738824
1.13,0.050107944603340435
1.14,0.05150909332202004
1.15,0.05339065231808344
1.16,0.05608598641305153
1.17,0.05899459262380944
1.18,0.06271127179365886
1.19,0.06615862180132037
1.2,0.07005116421364269
1.21,0.07408042608033846
1.22,0.07794859009660712
1.23,0.08192689627320746
1.24,0.08628494206948575
1.25,0.09023844992298188
1.26,0.0937989605147028
1.27,0.09639684352553188
1.28,0.09840444472445668
1.29,0.10005615110825108
1.3,0.10276789960809528
1.31,0.10744714291827423
1.32,0.11326652969409372
1.33,0.11976994654810712
1.34,0.12517531252883257
1.35,0.13004186751874772
1.36,0.13255170190551174
1.37,0.1338516470124288
1.38,0.13507051074265902
1.39,0.13587905364125274
1.4,0.13756767333292197
1.41,0.13975204884494935
1.42,0.1421272347447962
1.43,0.14566539433409206
1.44,0.14871076017238874
1.45,0.1525069330349407
1.46,0.1558796394926024
1.47,0.15828528968053004
1.48,0.16026274363840998
1.49,0.16196452218677634
1.5,0.16361675476012946
1.51,0.1666031068672186
1.52,0.16969188240154565
1.53,0.1737229717787121
1.54,0.17775097417319163
1.55,0.1808668942749391
1.56,0.18377804153056201
1.57,0.1868384386867603
1.58,0.1889420300184784
1.59,0.1932449960162911
1.6,0.19743598137167317
1.61,0.2023971303220518
1.62,0.20743802148495832
1.63,0.21236221123833446
1.64,0.21715700489313147
1.65,0.22130515710246673
1.66,0.22404349817775915
1.67,0.22651164428874965
1.68,0.22583498438808136
1.69,0.22445661627494956
1.7,0.22315680782219527
1.71,0.22332947551621074
1.72,0.22435382565921536
1.73,0.22688271444318686
1.74,0.2308437926136762
1.75,0.2347839061110223
1.76,0.2381563683273299
1.77,0.24138884966364235
1.78,0.2428211528470267
1.79,0.24317407450063006
1.8,0.24200893920716948
1.81,0.2405389980682444
1.82,0.2381031695734742
1.83,0.2374172895216185
1.84,0.23841119435910993
1.85,0.24031749389926066
1.86,0.24358247254800752
1.87,0.24685044788621008
1.88,0.2499263461530619
1.89,0.2531194736589117
1.9,0.25811713350369053
1.91,0.26289604844139464
1.92,0.26746713616088796
1.93,0.272975221631192
1.94,0.27550547477357534
1.95,0.27608514952399155
1.96,0.27416210701265625
1.97,0.27005675784515926
1.98,0.26638262971850046
1.99,0.2637582189331308
2.0,0.2636614082934076
2.01,0.2648266947437907
2.02,0.2669975474407185
2.03,0.26844416442806485
2.04,0.26781162088769417
2.05,0.26624217768081154
2.06,0.26465874166406206
2.07,0.26452053178065826
2.08,0.26646445553839776
2.09,0.27044921718203635
2.1,0.2746118577552303
2.11,0.2777760030057718
2.12,0.2803311188335681
2.13,0.28150683717821723
2.14,0.28244906288382454
2.15,0.2840859064188947
2.16,0.2849409139805495
2.17,0.28625775966172134
2.18,0.287083690547348
2.19,0.2872608649070102
2.2,0.2857755143127443
2.21,0.28407376982848714
2.22,0.28273792610683923
2.23,0.2813872993390232
2.24,0.2796450513703372
2.25,0.27947236490671007
2.26,0.27843775571779095
2.27,0.2775840691527329
2.28,0.2773620280418177
2.29,0.27745300426305963
2.3,0.2777184590137046
2.31,0.2773402233213437
2.32,0.27735303757438956
2.33,0.27687992333561406
2.34,0.2761263123975302
2.35,0.2759434262271328
2.36,0.275331629560651
2.37,0.27554079856653646
2.38,0.27578198032902346
2.39,0.2750126008546218
2.4,0.2744292930380579
2.41,0.2754064319541779
2.42,0.2761624679603706
2.43,0.27750410654281066
2.44,0.27964020626577707
2.45,0.2805544257416532
2.46,0.2800056437170439
2.47,0.2789793553043722
2.48,0.27755057806629624
2.49,0.27521060884423537
2.5,0.2729810508807452
2.51,0.27259280812009695
2.52,0.2726374727498684
2.53,0.2729489331723782
2.54,0.27353228182158756
2.55,0.2730623935352808
2.56,0.27165330206534594
2.57,0.26822024822457124
2.58,0.26478163202578686
2.59,0.2615977731660806
2.6,0.2590948397264225
2.61,0.2579409613729124
2.62,0.25743817591095564
2.63,0.25904927730686717
2.64,0.26018898572090665
2.65,0.2607256346223786
2.66,0.26155058369402795
2.67,0.2605848503318109
2.68,0.2570602037713319
2.69,0.2538730421258279
2.7,0.2513874370900199
2.71,0.2510710165884313
2.72,0.2510998702630277
2.73,0.2526850353257381
2.74,0.2544981635728153
2.75,0.2540761383007492
2.76,0.2534394055011668
2.77,0.25232784968182725
2.78,0.25015936769754826
2.79,0.24779061245971815
2.8,0.24578866816096528
2.81,0.24521403268456649
2.82,0.24492685892143265
2.83,0.24559555000212824
2.84,0.24727058009582006
2.85,0.24735972985969487
2.86,0.24562157489143494
2.87,0.2421117336409109
2.88,0.23618532053843783
2.89,0.23055991763327902
2.9,0.22600249713662315
2.91,0.22354015718044204
2.92,0.22293473041537548
2.93,0.22415043705667595
2.94,0.22631770168605778
2.95,0.23004508030650078
2.96,0.2327520175782043
2.97,0.23524991341937643
2.98,0.23734708088612985
2.99,0.23834335722799344
3.0,0.2374466721879
3.01,0.23541152052566502
3.02,0.23241219151355894
3.03,0.22904681961007475
3.04,0.22527711519703528
3.05,0.22336256061243995
3.06,0.22166611739711592
3.07,0.2193803053933349
3.08,0.21731348156714694
3.09,0.2155187681122835
3.1,0.21301804934528706
3.11,0.21155946904311446
3.12,0.21160294674697486
3.13,0.21204752291138487
3.14,0.21230163424297085
3.15,0.21202203958058582
3.16,0.2103390436155054
3.17,0.2081116558835628
3.18,0.20654293103817992
3.19,0.20525386043419958
3.2,0.2050908191483012
3.21,0.20420979607076328
3.22,0.20336792213708169
3.23,0.20212471386560188
3.24,0.19961690128642753
3.25,0.19811400893145123
3.26,0.19674387485162464
3.27,0.19505715377288135
3.28,0.1947779118085322
3.29,0.19308309872915774
3.3,0.19253474895807673
3.31,0.192007911275404
3.32,0.19204428525783243
3.33,0.19268333467417162
3.34,0.19252228575187239
3.35,0.19173373766854032
3.36,0.19136882220354626
3.37,0.19001320656901746
3.38,0.19022955175372194
3.39,0.18978274585198943
3.4,0.1887378433125357
3.41,0.18693254696333975
3.42,0.1848679532033473
3.43,0.18195072354673336
3.44,0.1806449569902468
3.45,0.18004297633694655
3.46,0.1809525410801885
3.47,0.18221993950566795
3.48,0.1831822168554179
3.49,0.18352725319859506
3.5,0.18265003414015704
3.51,0.18133538885771258
3.52,0.17951966387060495
3.53,0.17769999123657138
3.54,0.17571634936445238
3.55,0.17496312571425252
3.56,0.17449729302072603
3.57,0.17488267797793428
3.58,0.17569291192220304
3.59,0.17637207427260776
3.6,0.17634335857874583
3.61,0.1752436296428536
3.62,0.17367066125559683
3.63,0.17125656595351665
3.64,0.16867186200348777
3.65,0.16643678620889296
3.66,0.16530104573035798
3.67,0.16462462885997314
3.68,0.16491180934163976
3.69,0.1650486088477579
3.7,0.16528274298201426
3.71,0.16326973163331146
3.72,0.1618730715431146
3.73,0.15998007735322176
3.74,0.1582494473319316
3.75,0.15692798779414
3.76,0.156393788322384
3.77,0.15634586313358237
3.78,0.15637289618473055
3.79,0.15615108201449127
3.8,0.15681162710371277
3.81,0.15720186680344564
3.82,0.15683871349743964
3.83,0.15687008207899297
3.84,0.1558312670404888
3.85,0.15392359527962596
3.86,0.15161534124068912
3.87,0.14982769999156137
3.88,0.1481574153415243
3.89,0.14627046953714354
3.9,0.14562116139440562
3.91,0.14561403064951042
3.92,0.14524333841887713
3.93,0.14536780095258067
3.94,0.14465345691890855
3.95,0.14287011495059124
3.96,0.14024682296604
3.97,0.13724705420468314
3.98,0.13529604863989403
3.99,0.13307393071617707
4.0,0.13270176873478376
4.01,0.13378290607248564
4.02,0.1344748316294996
4.03,0.13527107228221022
4.04,0.13573348321869122
4.05,0.13519642090725462
4.06,0.1334133494343655
4.07,0.13104117909477403
4.08,0.1296230248056669
4.09,0.12789995843186988
4.1,0.12677064506291139
4.11,0.12763901543364523
4.12,0.12816023618891795
4.13,0.12816851967644996
4.14,0.1287503565703871
4.15,0.12920053837559176
4.16,0.12924920515101787
4.17,0.1294547122561171
4.18,0.12985649822490694
4.19,0.13019390060920707
4.2,0.12955832528060676
4.21,0.12911530957717243
4.22,0.12807796184346912
4.23,0.1267097736081892
4.24,0.12519361763462192
4.25,0.12329515603463423
4.26,0.12148813977523498
4.27,0.12015531949678537
4.28,0.11875028503063294
4.29,0.11791442202914264
4.3,0.11694516366434138
4.31,0.11586878250156321
4.32,0.11452251097158568
4.33,0.1136831686753204
4.34,0.11319622952852439
4.35,0.11315693967477468
4.36,0.11448235836957651
4.37,0.11599140737045012
4.38,0.11736990378299664
4.39,0.11819137329870222
4.4,0.11824743390793792
4.41,0.11708338620303925
4.42,0.11544803353122432
4.43,0.1138126280275908
4.44,0.1121432508778231
4.45,0.1099614922885917
4.46,0.10855919640423428
4.47,0.1068699638128529
4.48,0.10467152521010045
4.49,0.10293165954099846
4.5,0.10159064641683356
4.51,0.10068047204838122
4.52,0.10048667613843458
4.53,0.10088495065710984
4.54,0.10220052402725967
4.55,0.10356123400351643
4.56,0.10530757628794009
4.57,0.10770512482432058
4.58,0.10900416199564598
4.59,0.11058954240379294
4.6,0.1110776608843231
4.61,0.1103609440660616
4.62,0.10891066617790304
4.63,0.10687938055448472
4.64,0.10440450307376609
4.65,0.10182909774273484
4.66,0.09915034436650173
4.67,0.09773082885847716
4.68,0.09556554525757001
4.69,0.09510859546867396
4.7,0.09523282924902708
4.71,0.09525376960895972
4.72,0.0953778741554354
4.73,0.09598798506324023
4.74,0.09528694551549573
4.75,0.09493808091552762
4.76,0.09394587069400384
4.77,0.09334935007141011
4.78,0.09200780167465525
4.79,0.09175169197800301
4.8,0.09203763899672666
4.81,0.09269096367758192
4.82,0.0938298970933732
4.83,0.09491335807163916
4.84,0.09517150403754855
4.85,0.09434048111142888
4.86,0.09312226454374459
4.87,0.09137878920551291
4.88,0.0899768396194122
4.89,0.08915662047045732
4.9,0.08820215258522898
4.91,0.08695909557376161
4.92,0.08591882198704523
4.93,0.08431405819925958
4.94,0.08476923518867517
4.95,0.08542342199369439
4.96,0.08652516078044369
4.97,0.08673283593570191
4.98,0.0857635252084589
4.99,0.08384497833028058
5.0,0.08103581175134758
5.01,0.0784351504863242
5.02,0.07754445323736904
5.03,0.07764556214821121
5.04,0.07873147480592427
5.05,0.07993970261799661
5.06,0.08084778630184125
5.07,0.08151861588880611
5.08,0.08135299852015515
5.09,0.08189225683667825
5.1,0.08190228292627637
5.11,0.08124258113904939
5.12,0.0799872389212088
5.13,0.077938733925977
5.14,0.07564112374705789
5.15,0.07266569982067297
5.16,0.0707675013201219
5.17,0.07036842171008185
5.18,0.0713605077674946
5.19,0.07392621029876181
5.2,0.07720200112093067
5.21,0.08026145732712929
5.22,0.0820980578731362
5.23,0.08171447781738528
5.24,0.080610250020562
5.25,0.077842229302994
5.26,0.07565303442555717
5.27,0.07419707382696955
5.28,0.07405384096805899
5.29,0.07422629248080856
5.3,0.07456218635368617
5.31,0.07469603480345766
5.32,0.07411019851626459
5.33,0.07351300201305555
5.34,0.07351115072106862
5.35,0.0736028170147476
5.36,0.07375260382723847
5.37,0.07347945834382323
5.38,0.07273768816780786
5.39,0.07138265918643996
5.4,0.07019901238354431
5.41,0.06946336532709295
5.42,0.06894243193150733
5.43,0.06881262071673815
5.44,0.06951120125143007
5.45,0.07023780666023213
5.46,0.07079034708690835
5.47,0.07053261300609916
5.48,0.06929476029193653
5.49,0.0670040936243849
5.5,0.0639554249643773
5.51,0.06127072523982274
5.52,0.06062361078063882
5.53,0.06086209159353899
5.54,0.062336706505595404
5.55,0.06388641517428684
5.56,0.06426034294112831
5.57,0.06345842226321072
5.58,0.062080458615253555
5.59,0.061161222121164045
5.6,0.0609651282736559
5.61,0.06119887942057438
5.62,0.061936039567335094
5.63,0.06255812145874559
5.64,0.06292214428490706
5.65,0.06344476990884812
5.66,0.06405483386753838
5.67,0.06428863766050119
5.68,0.0646229103761473
5.69,0.06437373220557178
5.7,0.06345201219498867
5.71,0.06289575794230969
5.72,0.0621931039408881
5.73,0.06215432945501216
5.74,0.06217365402050847
5.75,0.06202250008962617
5.76,0.06153413142721868
5.77,0.060407764733002335
5.78,0.05874206346613406
5.79,0.05745943222386838
5.8,0.05596193070496738
5.81,0.05567589733035419
5.82,0.055762304758561435
5.83,0.05702860353548776
5.84,0.058312409392500215
5.85,0.05938994518534716
5.86,0.05978433173810788
5.87,0.059747634307767056
5.88,0.05914225974516198
5.89,0.05926499415101509
5.9,0.05985296210192043
5.91,0.06096707704775465
5.92,0.06177234664309334
5.93,0.06228878452359046
5.94,0.06159964608032311
5.95,0.06015210129413492
5.96,0.058598636281546636
5.97,0.05713640885519049
5.98,0.055826206322624354
5.99,0.0545522376566743
6.0,0.05354895353896388
6.01,0.05265594516909468
6.02,0.05144461301612975
6.03,0.050924911360088684
6.04,0.05123357604872776
6.05,0.05182146667935274
6.06,0.052893089379325596
6.07,0.05408461834476734
6.08,0.05506391842847891
6.09,0.0552534267687287
6.1,0.05449977737642209
6.11,0.05349795425410606
6.12,0.05201232655504983
6.13,0.049887656906987606
6.14,0.049111547745843746
6.15,0.04851352287641766
6.16,0.048298661591342974
6.17,0.04874548543836697
6.18,0.04901685332403226
6.19,0.049409068665108434
6.2,0.04947375427344007
6.21,0.04912123368961014
6.22,0.0490308228266189
6.23,0.04809409187708563
6.24,0.04765980104705271
6.25,0.046643781657531073
6.26,0.04580144371734659
6.27,0.04497298985426849
6.28,0.044305184967480614
6.29,0.043787053449527144
6.3,0.043292910342332964
6.31,0.0431656198252263
6.32,0.0433345161604112
6.33,0.04341399567291192
6.34,0.044394997318766664
6.35,0.045367348849608365
6.36,0.04675663452498301
6.37,0.04763300992838499
6.38,0.048146219379801666
6.39,0.048142480061600906
6.4,0.04707919933969014
6.41,0.04596633702241768
6.42,0.04501752922698513
6.43,0.0442665962607606
6.44,0.04410583715868438
6.45,0.04390279460022808
6.46,0.04398779944251236
6.47,0.043852704606976926
6.48,0.043381194418677965
6.49,0.04304827324374052
6.5,0.04288373888695848
6.51,0.04331419134949982
6.52,0.04411774755993912
6.53,0.044566695391483634
6.54,0.045453966792554625
6.55,0.045171647489439755
6.56,0.044278217917563735
6.57,0.04375938079285921
6.58,0.04309853037922415
6.59,0.04313501806538059
6.6,0.043729784692853206
6.61,0.04474865181322127
6.62,0.04562976872965488
6.63,0.04572142067869541
6.64,0.04521159602731348
6.65,0.044032998062102584
6.66,0.041959920785364244
6.67,0.04022127989218139
6.68,0.03875902124721038
6.69,0.03819535155833288
6.7,0.0385573339537376
6.71,0.04001500696980463
6.72,0.04171448698085023
6.73,0.042960143627846496
6.74,0.043457377993937105
6.75,0.04305525701864642
6.76,0.04193129691895562
6.77,0.040593281854143
6.78,0.03999707137277883
6.79,0.04024546964896527
6.8,0.04093270821261091
6.81,0.042355288918226486
6.82,0.04408717977746515
6.83,0.04500307821809043
6.84,0.04548473847472726
6.85,0.045271093017379575
6.86,0.044538581480426005
6.87,0.04376881019088221
6.88,0.042639530502171175
6.89,0.04172901488968148
6.9,0.040710253341646095
6.91,0.039709039594991884
6.92,0.038578847724034505
6.93,0.037342177674829634
6.94,0.03620742941647178
6.95,0.034798900401473896
6.96,0.033310396497137955
6.97,0.032235914212910735
6.98,0.031231974617872735
6.99,0.030471237557954937
7.0,0.030025105693871023
7.01,0.029886270426256318
7.02,0.029672563271581975
7.03,0.029610134135977954
7.04,0.029840038704115765
7.05,0.030231399645364983
7.06,0.03150100609377521
7.07,0.032234338585281186
7.08,0.033061871330637475
7.09,0.03365076736288986
7.1,0.033863036791760864
7.11,0.033965912560823555
7.12,0.034324023749579886
7.13,0.0346435521971703
7.14,0.03503249708794108
7.15,0.034994648684269575
7.16,0.0352454852152771
7.17,0.03510382726207164
7.18,0.03468538227822585
7.19,0.033769710461022624
7.2,0.0327253257499781
7.21,0.03134232376999005
7.22,0.02997904208664442
7.23,0.028912184316961066
7.24,0.0286708928056629
7.25,0.029132718422286253
7.26,0.029726590942784258
7.27,0.03088860946757528
7.28,0.03171553628430026
7.29,0.03172840430888903
7.3,0.03147321641267865
7.31,0.031031425320726527
7.32,0.03039519954994279
7.33,0.02995884433048324
7.34,0.030027920840370315
7.35,0.030778037184337238
7.36,0.03131345795433
7.37,0.031949540807175436
7.38,0.03209431965163753
7.39,0.031545722486229485
7.4,0.030638674695441084
7.41,0.029838402493038187
7.42,0.029072578337398253
7.43,0.028806146142080668
7.44,0.028921276638804685
7.45,0.029616148193907548
7.46,0.029972362660111686
7.47,0.03051501865248578
7.48,0.030695477125177124
7.49,0.030887928224164758
7.5,0.03092931296403109
7.51,0.03130237743784193
7.52,0.03190461366610673
7.53,0.032071547419913055
7.54,0.03184325218289133
7.55,0.03156712830877019
7.56,0.03074403427095803
7.57,0.03051739210627337
7.58,0.030511946068620205
7.59,0.030838464026153593
7.6,0.03147018802633415
7.61,0.03140524820541142
7.62,0.03130060624622952
7.63,0.030809785830714274
7.64,0.030233531871826144
7.65,0.029733759693862986
7.66,0.029495042788914027
7.67,0.029502566003170593
7.68,0.029887677938971836
7.69,0.030345097703283634
7.7,0.03158236225441387
7.71,0.0326585778271597
7.72,0.03372332457029447
7.73,0.0339567457238249
7.74,0.03344659017934038
7.75,0.031954493473492634
7.76,0.030001653179797493
7.77,0.027886400136223115
7.78,0.026216634907207884
7.79,0.025270696997237246
7.8,0.025152155328277834
7.81,0.02548991899401917
7.82,0.02663006091787101
7.83,0.02777614863065415
7.84,0.02845147662860847
7.85,0.02893499249790728
7.86,0.028703180784941516
7.87,0.028080371137425522
7.88,0.02699044749016379
7.89,0.026338530218933984
7.9,0.026137464017387185
7.91,0.025894612193876954
7.92,0.026247851482530227
7.93,0.026693474392333754
7.94,0.026602921022433307
7.95,0.02652630594286284
7.96,0.02640562883538428
7.97,0.02657653939882347
7.98,0.02680759394748185
7.99,0.02750187685150342
8.0,0.028382141044737724
8.01,0.02899227868494822
8.02,0.02926212678310825
8.03,0.029030190714427462
8.04,0.02864119293737812
8.05,0.027910394904489773
8.06,0.027043709496905516
8.07,0.02633735769074722
8.08,0.02574969030704966
8.09,0.02597429455124002
8.1,0.02644861777744717
8.11,0.027937823397920218
8.12,0.029607079267984202
8.13,0.030812697111571287
8.14,0.03189360600276522
8.15,0.03172362336259514
8.16,0.031024862203056967
8.17,0.029676416528483227
8.18,0.028003997297898243
8.19,0.026863251291740563
8.2,0.025969177375117468
8.21,0.025176683414165252
8.22,0.024553570272888826
8.23,0.023888915757998255
8.24,0.023599744618152597
8.25,0.022927791543936395
8.26,0.022908027378646445
8.27,0.0233097022045034
8.28,0.023958984581157937
8.29,0.024767745835799476
8.3,0.025863408286565366
8.31,0.026336414981158865
8.32,0.026287570646485812
8.33,0.0254402167691202
8.34,0.02475391467226482
8.35,0.02357528111913408
8.36,0.022591250977486325
8.37,0.021815471197254386
8.38,0.02158615375638745
8.39,0.021357725613771254
8.4,0.0214024424479066
8.41,0.021660469847598472
8.42,0.0221705017519343
8.43,0.0223336174581586
8.44,0.022877342046004466
8.45,0.0230188386898432
8.46,0.02292692531799366
8.47,0.02267954843740819
8.48,0.022186108837688834
8.49,0.022059008481760498
8.5,0.02221245298190812
8.51,0.022759481210523836
8.52,0.023946217692419686
8.53,0.025348732820282983
8.54,0.026538996347954563
8.55,0.027185105743699027
8.56,0.02662076995903274
8.57,0.025716837930581618
8.58,0.023959832978421136
8.59,0.022119325699193042
8.6,0.02092429099733661
8.61,0.020061550801532893
8.62,0.020112826700189764
8.63,0.02071288307015874
8.64,0.021633704647830952
8.65,0.02293291457090212
8.66,0.023566563784823993
8.67,0.02370592876495069
8.68,0.02362877159036209
8.69,0.023006405546060805
8.7,0.02255274612906712
8.71,0.022333768021637366
8.72,0.022386391539737562
8.73,0.022862456467199508
8.74,0.02321253988279433
8.75,0.023413251855039185
8.76,0.02323530306323654
8.77,0.022604529187308212
8.78,0.02181621277861775
8.79,0.020909748192737363
8.8,0.020408215670237633
8.81,0.020451349206866608
8.82,0.020532363009589584
8.83,0.020843399493367033
8.84,0.021306096219356706
8.85,0.02104357673889002
8.86,0.020693610599577698
8.87,0.020345526909520333
8.88,0.019982560579927405
8.89,0.020023401706226664
8.9,0.02042555108002826
8.91,0.02106199119817708
8.92,0.021638542970776962
8.93,0.021774224890214522
8.94,0.021803861816507987
8.95,0.0212602293016105
8.96,0.020493876957269185
8.97,0.019765817909749378
8.98,0.019348586274020065
8.99,0.019616983143634373
9.0,0.020090546561486778
9.01,0.020605660513683836
9.02,0.02083889700193623
9.03,0.021120439219146043
9.04,0.021046655842797354
9.05,0.020964780675525187
9.06,0.02114682888660892
9.07,0.021163434012053308
9.08,0.020960301744452254
9.09,0.02057135674423302
9.1,0.02006816224457248
9.11,0.01939076428023253
9.12,0.018357630975422985
9.13,0.017816113819369112
9.14,0.017603393242930615
9.15,0.01740944704674972
9.16,0.01749143781367687
9.17,0.018040121481433056
9.18,0.018664514295669662
9.19,0.018965455727315905
9.2,0.01911547904288436
9.21,0.01904673988306184
9.22,0.01879375845758228
9.23,0.01832966731694923
9.24,0.018321578163714825
9.25,0.018376468166886203
9.26,0.018629163364535198
9.27,0.018920632201708507
9.28,0.019251255274647504
9.29,0.019359638785048337
9.3,0.018827566780756793
9.31,0.018255797478261827
9.32,0.017672243141015544
9.33,0.016989358875484088
9.34,0.01679558135696592
9.35,0.016789870963592118
9.36,0.017292809589706568
9.37,0.017374657445053746
9.38,0.017437052161604932
9.39,0.017460071635936943
9.4,0.016898352960534952
9.41,0.016508800114822846
9.42,0.01599225846078594
9.43,0.01594279233429352
9.44,0.015868257802559585
9.45,0.015909659979151156
9.46,0.016358891705374294
9.47,0.016638705206594606
9.48,0.016853067838596632
9.49,0.01716821584501471
9.5,0.017376628362148833
9.51,0.017582895035368955
9.52,0.017828359489389968
9.53,0.018204138946530727
9.54,0.018418385711350856
9.55,0.018286763756997285
9.56,0.018119988112119526
9.57,0.017764083394094004
9.58,0.017022729275492848
9.59,0.016353007744555552
9.6,0.015761204076564443
9.61,0.015066906948972569
9.62,0.014582859848612446
9.63,0.014338789246485743
9.64,0.014191616457531057
9.65,0.014120823085062389
9.66,0.014361235823475638
9.67,0.014553588840592173
9.68,0.014717116299228712
9.69,0.015029705851349011
9.7,0.015325485943003762
9.71,0.015706178530109076
9.72,0.016130392973324633
9.73,0.016563714360266633
9.74,0.016813162332736137
9.75,0.01663173618099838
9.76,0.01659027078326944
9.77,0.016067647797017394
9.78,0.015389954958235476
9.79,0.015097571808887386
9.8,0.014812279135634864
9.81,0.014589147313544786
9.82,0.014572312251433002
9.83,0.014637475882032203
9.84,0.014829314087665935
9.85,0.014863083823929528
9.86,0.015248929923070894
9.87,0.015662509305696935
9.88,0.016003005385135324
9.89,0.016591392189222377
9.9,0.016853831416497315
9.91,0.016812752819700565
9.92,0.016182604334341988
9.93,0.015273559297626723
9.94,0.014275494447688716
9.95,0.013389457031897362
9.96,0.013044397724763233
9.97,0.013326544303425402
9.98,0.013883510044351509
9.99,0.014540148645847269
10.0,0.014926696625562808
10.01,0.015013309110715772
10.02,0.015021365685961666
10.03,0.015130797204397965
10.04,0.015480613620224695
10.05,0.015822864188094227
10.06,0.015764873482790476
10.07,0.015642182419845885
10.08,0.015075731269977482
10.09,0.014086649811034333
10.1,0.013468231223152013
10.11,0.012949162327073724
10.12,0.012767922283365658
10.13,0.012834111766287794
10.14,0.012863822778772582
10.15,0.012627392149706807
10.16,0.012201509884845143
10.17,0.011844424543150277
10.18,0.011740630020169668
10.19,0.011756186699256318
10.2,0.012180624711914133
10.21,0.012830656038228527
10.22,0.013367137630726385
10.23,0.013728152953202526
10.24,0.013899168410418298
10.25,0.01372140500581811
10.26,0.013727310963174418
10.27,0.013891675681231971
10.28,0.014037982642556854
10.29,0.014532763448126356
10.3,0.014804853397131553
10.31,0.015115059312325454
10.32,0.015304087653196463
10.33,0.01532638658799914
10.34,0.014936480082092553
10.35,0.01450901104540106
10.36,0.014149556564234939
10.37,0.014004581194728557
10.38,0.014016303406655056
10.39,0.014437347513007707
10.4,0.014669510920676563
10.41,0.014680661513576146
10.42,0.014336968052876733
10.43,0.014078759422220644
10.44,0.013693847653582584
10.45,0.01383544975394701
10.46,0.014395865247661005
10.47,0.014931040053361697
10.48,0.01510214129735953
10.49,0.014864736625381054
10.5,0.013934649438663377
10.51,0.012673540290790776
10.52,0.011635002319386589
10.53,0.011005399288659415
10.54,0.010865924133019657
10.55,0.011169579586934647
10.56,0.011820531468221648
10.57,0.012480346251065927
10.58,0.012919526526278572
10.59,0.013121757433318493
10.6,0.01314790978945887
10.61,0.012645317007203073
10.62,0.012049077001830026
10.63,0.011384406623751476
10.64,0.01103715715075542
10.65,0.010880846768567182
10.66,0.010987028424134838
10.67,0.01122818330666069
10.68,0.011491252409616758
10.69,0.01137915991326851
10.7,0.011165366256246022
10.71,0.011055716051791344
10.72,0.011053886920778504
10.73,0.011095510421077542
10.74,0.01135562410364345
10.75,0.011605577541091034
10.76,0.011828570214788484
10.77,0.011953359647890635
10.78,0.012245556284538049
10.79,0.012411496352980915
10.8,0.01251308805370828
10.81,0.01256376151939452
10.82,0.01240817989774178
10.83,0.01205560682594568
10.84,0.011779893432279946
10.85,0.01142220959159668
10.86,0.011213744826730394
10.87,0.010960409741056212
10.88,0.010812770625163483
10.89,0.010826547214172944
10.9,0.010963936382161189
10.91,0.011264113673157751
10.92,0.011545825535450477
10.93,0.011640263380866638
10.94,0.011564278581648208
10.95,0.011333482145912427
10.96,0.011132104917871923
10.97,0.011269229325468918
10.98,0.011386182545971093
10.99,0.011907306786552146
11.0,0.012523992916191612
11.01,0.012858252652931513
11.02,0.012907150759147315
11.03,0.012804871970523666
11.04,0.01226735098930905
11.05,0.011770541485322583
11.06,0.01115698249609619
11.07,0.01097880220380599
11.08,0.011131750853006729
11.09,0.01134569981047346
11.1,0.011682103474265595
11.11,0.012014866704711195
11.12,0.012032517990768167
11.13,0.011972762778331111
11.14,0.011742823392828233
11.15,0.011586500065384938
11.16,0.011358526877989153
11.17,0.01115971227210425
11.18,0.011383527014232484
11.19,0.011763159892711109
11.2,0.012205027310230862
11.21,0.012819416305291929
11.22,0.01325522190226199
11.23,0.013157098352109469
11.24,0.012818155188197206
11.25,0.012223858657208216
11.26,0.011740885200180996
11.27,0.011450275335363145
11.28,0.011531091487543442
11.29,0.011773988435984845
11.3,0.012077335102782836
11.31,0.012286455907725832
11.32,0.012333188653101358
11.33,0.012056296722326137
11.34,0.011707516893090393
11.35,0.011108687783912633
11.36,0.01068018159788105
11.37,0.010310143025542558
11.38,0.010229540828773347
11.39,0.01034635978430706
11.4,0.010808013516471026
11.41,0.011287351270758774
11.42,0.011600265363735502
11.43,0.011971707401999623
11.44,0.011889416183671495
11.45,0.011699506151983065
11.46,0.011418732389739622
11.47,0.011433513392022393
11.48,0.011712686152507519
11.49,0.01195502387078652
11.5,0.01211243879131036
11.51,0.012251527873203856
11.52,0.011758963550708608
11.53,0.011296470198678833
11.54,0.010608597040364388
11.55,0.01023077617978546
11.56,0.00990173948036373
11.57,0.009721886881315417
11.58,0.00963428933011753
11.59,0.009837937528341166
11.6,0.009877793594953842
11.61,0.010311180174882821
11.62,0.011022344537904204
11.63,0.011695543669010858
11.64,0.012300912779084395
11.65,0.012557583116097094
11.66,0.012534925790492753
11.67,0.012191723057082023
11.68,0.011621691659002798
11.69,0.01118485852672391
11.7,0.010675260542132614
11.71,0.010300909754251372
11.72,0.009959678507042867
11.73,0.009707404806622952
11.74,0.009579106959407573
11.75,0.009852744695019169
11.76,0.010394135921820634
11.77,0.01099761044036714
11.78,0.011581993253278999
11.79,0.011992010614685928
11.8,0.011806404982204829
11.81,0.011592365360890379
11.82,0.010939727664841368
11.83,0.010290246688202543
11.84,0.009555364170713466
11.85,0.008978337019893288
11.86,0.008743805433814832
11.87,0.008924899921895461
11.88,0.009388526664072057
11.89,0.010034046447673585
11.9,0.010375473258864988
11.91,0.010346885733631878
11.92,0.009894896384019566
11.93,0.009440537730499294
11.94,0.009113297426023532
11.95,0.009096242564014883
11.96,0.009379047826801152
11.97,0.00985781339931297
11.98,0.010234795476660386
11.99,0.0104794577722284
12.0,0.010689040736251232
12.01,0.010898561041885892
12.02,0.010960990575802134
12.03,0.011087120816441932
12.04,0.010926497655961626
12.05,0.010452215222390699
12.06,0.009628530053886577
12.07,0.0088373373524996
12.08,0.008248260089283126
12.09,0.007863975956949806
12.1,0.007900574786039009
12.11,0.008513984723977524
12.12,0.009145283025419776
12.13,0.009764742525829448
12.14,0.010303120392840112
12.15,0.010510516960546787
12.16,0.010288884446876752
12.17,0.010179333690025355
12.18,0.010079029986354383
12.19,0.010229071295038845
12.2,0.010605761972267504
12.21,0.011224378926258301
12.22,0.011709135838237825
12.23,0.011740126359245885
12.24,0.011445907671650228
12.25,0.010736596675555724
12.26,0.009773869942282883
12.27,0.009101958808232603
12.28,0.008508892346518998
12.29,0.008401594015605297
12.3,0.008605590832520915
12.31,0.008993260218189747
12.32,0.009499058154673586
12.33,0.009947842350057782
12.34,0.010307715793853808
12.35,0.01022210868303541
12.36,0.01008985492451898
12.37,0.009654576953501241
12.38,0.009175643266075723
12.39,0.008777998465003359
12.4,0.008635572209648501
12.41,0.0087546082110056
12.42,0.008985714842959177
12.43,0.009338869710562522
12.44,0.009729981480722946
12.45,0.00983100235904808
12.46,0.009972601252616004
12.47,0.009885522276088285
12.48,0.009820199581857545
12.49,0.009564464707205152
12.5,0.009049815007006082
12.51,0.008682970609132123
12.52,0.008153860268028782
12.53,0.0076704150378903505
12.54,0.007363463880609257
12.55,0.00723101720851603
12.56,0.00710606158262295
12.57,0.007051879304511264
12.58,0.007186439248888216
12.59,0.007629996801845207
12.6,0.007854333172623079
12.61,0.00842867638793257
12.62,0.008821521446611615
12.63,0.009083649242721967
12.64,0.009087909773281892
12.65,0.009186898588315274
12.66,0.009281585200149435
12.67,0.009329631708664297
12.68,0.00930610006689701
12.69,0.009275841513221013
12.7,0.009018655808334835
12.71,0.008766192957525244
12.72,0.008313937973877325
12.73,0.007972325219093033
12.74,0.007500207185301147
12.75,0.006925506704688202
12.76,0.006596487271196533
12.77,0.006371546790820137
12.78,0.006440915263574916
12.79,0.0065852045062464865
12.8,0.006785134110849927
12.81,0.006926056889926807
12.82,0.007089625856766089
12.83,0.0071727433113829755
12.84,0.007561582182879012
12.85,0.008041997748357706
12.86,0.008454506694447403
12.87,0.008503079145928535
12.88,0.008322361997565652
12.89,0.0076436694644979675
12.9,0.006970130896767235
12.91,0.006549912065642026
12.92,0.006718111250859988
12.93,0.00699148127113747
12.94,0.007639866209593681
12.95,0.008241083123556021
12.96,0.008417855782062573
12.97,0.008315143238131232
12.98,0.008369668038595587
12.99,0.008289150098439498
13.0,0.00822480646133113
13.01,0.008248650097011865
13.02,0.00821077192383594
13.03,0.007812357137627991
13.04,0.007335252018466207
13.05,0.006859770727876083
13.06,0.0064090521093900935
13.07,0.00598429485559065
13.08,0.00586326897660308
13.09,0.005837248956949689
13.1,0.005778322789285578
13.11,0.00579207193558434
13.12,0.00589757274605372
13.13,0.006006815114100544
13.14,0.006095639363340589
13.15,0.006392049330676814
13.16,0.006845534219163492
13.17,0.007276027638777991
13.18,0.007795490863259785
13.19,0.00820374552158761
13.2,0.008467764708786569
13.21,0.00850769181287214
13.22,0.008610919161928032
13.23,0.008541613511998182
13.24,0.00826745039616944
13.25,0.007986571341837077
13.26,0.0076990648231991905
13.27,0.0073952738260004754
13.28,0.007451873886206427
13.29,0.007708659129339275
13.3,0.008391999709465048
13.31,0.00890561379049309
13.32,0.009565554502589715
13.33,0.009823541240430835
13.34,0.009605621317817009
13.35,0.009003790549439287
13.36,0.008232795205900745
13.37,0.0073214034245640625
13.38,0.006766344265716947
13.39,0.006402130999230802
13.4,0.006513782934724053
13.41,0.006556757254904342
13.42,0.0065561796269550865
13.43,0.006486509735379444
13.44,0.006310981205281895
13.45,0.006208597522881796
13.46,0.006433538003258154
13.47,0.0067573908150217275
13.48,0.007325285256032479
13.49,0.0077330122884081325
13.5,0.007852613103245002
13.51,0.00788382718733702
13.52,0.007665068879803944
13.53,0.007462922229377044
13.54,0.00726883952885081
13.55,0.0071599786683798185
13.56,0.007152030187348535
13.57,0.007119831764397581
13.58,0.007091489805144204
13.59,0.007010505538050039
13.6,0.006760697656229747
13.61,0.00631508700450493
13.62,0.005896368044548936
13.63,0.0055056125786303685
13.64,0.005231445693255912
13.65,0.005077818285516683
13.66,0.005422302204078223
13.67,0.005827114477914341
13.68,0.006178095496144093
13.69,0.006504879486025401
13.7,0.006632244514928085
13.71,0.006410282576977593
13.72,0.006262739701891632
13.73,0.006320904372953443
13.74,0.006712510475511717
13.75,0.007047209659228292
13.76,0.0076026160710351
13.77,0.007994032460454503
13.78,0.008017123939679014
13.79,0.007955076874399938
13.8,0.007782203876040945
13.81,0.007544043000816342
13.82,0.007151950098593521
13.83,0.006618412635827177
13.84,0.00615763001302961
13.85,0.005523673940472084
13.86,0.005053024565593023
13.87,0.004951358222283936
13.88,0.005152681678781798
13.89,0.005528568116258967
13.9,0.0060041327024007414
13.91,0.006300440982756958
13.92,0.006494054712297744
13.93,0.006416952112235075
13.94,0.00651930041452083
13.95,0.006512662489832338
13.96,0.006552073827732029
13.97,0.006683191552054088
13.98,0.006931381051475992
13.99,0.007101791836344181
14.0,0.007304285739730741
14.01,0.00730268113922173
14.02,0.0071536733747683805
14.03,0.0067377152386397625
14.04,0.006385106786729312
14.05,0.006029986682080186
14.06,0.006016647611566005
14.07,0.006402298715832315
14.08,0.007122948892466859
14.09,0.007822715584418079
14.1,0.00832405462423337
14.11,0.00855541851113789
14.12,0.008363903316191378
14.13,0.007828506072904999
14.14,0.007261654625720138
14.15,0.006594195981103657
14.16,0.006015996302096463
14.17,0.005570438296416154
14.18,0.005387017700877407
14.19,0.00546784026029247
14.2,0.005670856343458039
14.21,0.005981093869220478
14.22,0.006270235637874492
14.23,0.006366828269038459
14.24,0.006237083923884179
14.25,0.006189577025515186
14.26,0.006367423162917795
14.27,0.006598834414130208
14.28,0.006979319459417404
14.29,0.007481049620839858
14.3,0.007756495451988601
14.31,0.007783654706274537
14.32,0.007789009915643231
14.33,0.0076322954665927305
14.34,0.007215136398505085
14.35,0.006780790683050967
14.36,0.006351576209210633
14.37,0.005873844016493309
14.38,0.005592216012501311
14.39,0.0057196132147218
14.4,0.005940648190465032
14.41,0.006259933606674649
14.42,0.006492853615901783
14.43,0.0065344998283040955
14.44,0.006458902943896209
14.45,0.00637868225470274
14.46,0.00634608072595104
14.47,0.006412850082557568
14.48,0.006517695814011805
14.49,0.006684796152563056
14.5,0.006874091094889502
14.51,0.007103651616864111
14.52,0.007228884982054606
14.53,0.007170645503974339
14.54,0.006876938983813926
14.55,0.0063947575084595575
14.56,0.005804804968018823
14.57,0.005365891294261821
14.58,0.005234317818094612
14.59,0.005119744881264001
14.6,0.00511764330430983
14.61,0.005103543299942313
14.62,0.00498060443164112
14.63,0.004813438626217594
14.64,0.004803080179427586
14.65,0.004916539084959686
14.66,0.00519072756855912
14.67,0.005453791225341971
14.68,0.0057785683552653054
14.69,0.0059056366959543615
14.7,0.005931243034714181
14.71,0.00581361146034434
14.72,0.005690778048568883
14.73,0.005350836322227367
14.74,0.004986724344408823
14.75,0.004480905372449253
14.76,0.004094514932554659
14.77,0.0037605001990452724
14.78,0.00398059554457022
14.79,0.004365234702830209
14.8,0.005169402397522588
14.81,0.005957158160591218
14.82,0.006504196003238495
14.83,0.006674582147521888
14.84,0.006456223738992985
14.85,0.005968685928771716
14.86,0.0055203951047236395
14.87,0.005040101820019725
14.88,0.004979154164156606
14.89,0.005092221948081569
14.9,0.00538674469218716
14.91,0.005852774025467848
14.92,0.006277178181821985
14.93,0.006668619774575254
14.94,0.006786444667192727
14.95,0.006552733074605143
14.96,0.006195486189668035
14.97,0.005589027846959118
14.98,0.00503717384234012
14.99,0.004634393069046769
15.0,0.004471909166984974
15.01,0.004503835143994713
15.02,0.004756508743418833
15.03,0.005086074592603422
15.04,0.005369636621384849
15.05,0.005493125112175621
15.06,0.005594440034666981
15.07,0.005552811650943901
15.08,0.0053902970993749775
15.09,0.0052236062738592924
15.1,0.005136449447953147
15.11,0.005088778602528439
15.12,0.00517694777275319
15.13,0.005321148989266023
15.14,0.0055610427546969
15.15,0.005859527419025732
15.16,0.006112803849733023
15.17,0.006357146897800943
15.18,0.006490281942463974
15.19,0.006495175555501698
15.2,0.006466473124148342
15.21,0.006499242767813872
15.22,0.006485440975470652
15.23,0.00634646279627611
15.24,0.0062164760919386506
15.25,0.005843267182737341
15.26,0.0053521991263023785
15.27,0.00478665823546027
15.28,0.004548598484466463
15.29,0.004466031613400629
15.3,0.004739778973395965
15.31,0.005123359548527639
15.32,0.0055793808947745705
15.33,0.005931274645282993
15.34,0.00613272499209462
15.35,0.006197367966725372
15.36,0.006289423851842468
15.37,0.0064173084164767125
15.38,0.006714312163813841
15.39,0.007037475079197019
15.4,0.007451583048836958
15.41,0.0074188698207616555
15.42,0.00714837081144435
15.43,0.006657988319095024
15.44,0.005959171711386632
15.45,0.0052794115439083605
15.46,0.004824153377249787
15.47,0.004701088181383893
15.48,0.0046363092651570065
15.49,0.004470954199317998
15.5,0.004570793650990802
15.51,0.004420528374551408
15.52,0.004413607428828828
15.53,0.004566177214501174
15.54,0.004860043918529976
15.55,0.005051146956393544
15.56,0.0052315553176395255
15.57,0.005420204232233049
15.58,0.005714477805249909
15.59,0.006205045678443161
15.6,0.006811255653046495
15.61,0.007487601043180294
15.62,0.007876866814710098
15.63,0.007875031276462477
15.64,0.007579521385013846
15.65,0.006789825189921131
15.66,0.005945920104281984
15.67,0.0052012499624049776
15.68,0.004410661059720915
15.69,0.004106022228008463
15.7,0.0037941704877057342
15.71,0.003622176536116775
15.72,0.0037645459775692606
15.73,0.0039531051893763785
15.74,0.004397374635251191
15.75,0.004680695265910944
15.76,0.0048563281270358645
15.77,0.004899844695051078
15.78,0.004789471307019717
15.79,0.004623488604876042
15.8,0.004593885130215368
15.81,0.004444635967640377
15.82,0.004299888335434561
15.83,0.0040408434127774655
15.84,0.0038009238812635997
15.85,0.0034681880935284104
15.86,0.0033354099158563336
15.87,0.003556471771560987
15.88,0.004046471630836299
15.89,0.004622613327651663
15.9,0.005323993671394135
15.91,0.0058834979450203
15.92,0.006160856765482614
15.93,0.006089821432142997
15.94,0.005849005025179813
15.95,0.005330501498972098
15.96,0.004707831960910207
15.97,0.0041782874661866545
15.98,0.0038605577739872013
15.99,0.003635407107745423
16.0,0.0036922527339311563
16.01,0.003867777494482986
16.02,0.004246969249357561
16.03,0.004623435958831478
16.04,0.005000389632406819
16.05,0.005248782064107699
16.06,0.005462730054154588
16.07,0.005483390532144561
16.08,0.005428478930748232
16.09,0.005331072719686639
16.1,0.005087745222733884
16.11,0.004766106819104741
16.12,0.004509299977746838
16.13,0.004258858052387164
16.14,0.004204906149264949
16.15,0.004239318980350277
16.16,0.004393170918593501
16.17,0.004639044885650222
16.18,0.004691708228966928
16.19,0.004944850394705925
16.2,0.004966908494136163
16.21,0.004979645296116447
16.22,0.004969265813850605
16.23,0.004836045949825322
16.24,0.0047029699584413805
16.25,0.00452298630122108
16.26,0.00435288374072072
16.27,0.004223552115398447
16.28,0.003961498563557522
16.29,0.003814589169261774
16.3,0.0035498274396379066
16.31,0.003374470793999845
16.32,0.003299966911773156
16.33,0.003381087683212431
16.34,0.0035322007941655242
16.35,0.0037715137248505743
16.36,0.004065738256931948
16.37,0.004424872365099673
16.38,0.004857666126089264
16.39,0.0052289346032663685
16.4,0.005514440669180912
16.41,0.005554209272384001
16.42,0.005348048055689442
16.43,0.004959913304144214
16.44,0.0046106149002384635
16.45,0.004337820831282614
16.46,0.0041795137659167035
16.47,0.004346350709808903
16.48,0.004552567779344531
16.49,0.004802565374303515
16.5,0.004975491018706998
16.51,0.005008971594228796
16.52,0.004980222924065754
16.53,0.004762989128286623
16.54,0.004640873453914412
16.55,0.004395462208686725
16.56,0.004180529317031729
16.57,0.004065167036217386
16.58,0.0038655604486596854
16.59,0.0037464259607608557
16.6,0.003622695110786972
16.61,0.003406589128195884
16.62,0.003298762210268391
16.63,0.0031416908942267724
16.64,0.0031201513694666646
16.65,0.0031020061493242804
16.66,0.003187333844217502
16.67,0.003275450368397842
16.68,0.0034561101401091626
16.69,0.003703433811901315
16.7,0.004015856772918563
16.71,0.004395462208686644
16.72,0.0049200914921474674
16.73,0.005277040165060352
16.74,0.005459203413049757
16.75,0.0055818961526220715
16.76,0.00539825519443754
16.77,0.0050680874750312545
16.78,0.004804095730542839
16.79,0.004591075265452414
16.8,0.004383054830986879
16.81,0.0042984907139943605
16.82,0.004224672958602484
16.83,0.003987980742290782
16.84,0.003639341585258283
16.85,0.0033448182784036416
16.86,0.0029671784779935857
16.87,0.002711135777285544
16.88,0.0026429193599910943
16.89,0.0026690758839896054
16.9,0.0028684310610819375
16.91,0.003273810387774591
16.92,0.003641443162212392
16.93,0.003920388754504467
16.94,0.004120706273918445
16.95,0.004148393154156558
16.96,0.004019409180106321
16.97,0.003820106649058395
16.98,0.0037299159906344914
16.99,0.0037068245114098997
17.0,0.0037731004966801793
17.01,0.00408514138737257
17.02,0.004391773297153699
17.03,0.004724561730933399
17.04,0.004926625085808751
17.05,0.0050713975230361015
17.06,0.005080420608461789
17.07,0.004865561961076191
17.08,0.004540266256482643
17.09,0.004350694137607756
17.1,0.004136364077235944
17.11,0.003993771230777804
17.12,0.003829841229089462
17.13,0.0037520579483653815
17.14,0.003663612562653719
17.15,0.003657293885465251
17.16,0.003782197826375362
17.17,0.003994541215913258
17.18,0.0041158126608805785
17.19,0.004466171887291488
17.2,0.004745222208923388
17.21,0.005049444715694864
17.22,0.0051915759658222125
17.23,0.00519414667819849
17.24,0.004953278586252264
17.25,0.004456928439219786
17.26,0.003982375634647526
17.27,0.0035796997551306928
17.28,0.0032600618042248584
17.29,0.003221690822462005
17.3,0.0031870081894829322
17.31,0.0032319402076175503
17.32,0.003267575568886954
17.33,0.0035877637050315226
17.34,0.004038513535773792
17.35,0.004526846534464345
17.36,0.0049819187575299104
17.37,0.005179879519978659
17.38,0.005020153234947657
17.39,0.0047772530797095545
17.4,0.004543982047976914
17.41,0.004323059903413968
17.42,0.004197312295848119
17.43,0.004115812660880552
17.44,0.003919764324996348
17.45,0.003671043031764186
17.46,0.0034580752127181965
17.47,0.003599872870707003
17.48,0.0037228369423420262
17.49,0.003916945408951201
17.5,0.004254083677764616
17.51,0.004236891185912602
17.52,0.004067949458269698
17.53,0.003708815350101885
17.54,0.0033034661101672344
17.55,0.0030149858277631974
17.56,0.0027408441457225227
17.57,0.002906854688889092
17.58,0.003195996457543045
17.59,0.0035513615654228217
17.6,0.00393654730381258
17.61,0.004099191952491969
17.62,0.0040734765520975495
17.63,0.0038552020018694324
17.64,0.0037225913763620617
17.65,0.0038169637549059594
17.66,0.004010690151190281
17.67,0.004313308057452742
17.68,0.0044415220463675095
17.69,0.004378714609984349
17.7,0.0040541476659264105
17.71,0.003575328884621097
17.72,0.0031860200810781567
17.73,0.0028922925254419763
17.74,0.0029416770330102566
17.75,0.0031125537465040943
17.76,0.003353972023688946
17.77,0.003607667581463081
17.78,0.0038769618892756552
17.79,0.004091810922629851
17.8,0.004253555489063303
17.81,0.004353402315390776
17.82,0.0044690998649711666
17.83,0.004363760762180758
17.84,0.004269080557581323
17.85,0.004294692740826817
17.86,0.004128027118645028
17.87,0.004083747535478205
17.88,0.004124202265516131
17.89,0.004211715395664198
17.9,0.004223275899911615
17.91,0.004191458984536411
17.92,0.00440317473776965
17.93,0.004620675135004304
17.94,0.004700343399582345
17.95,0.004986258978532386
17.96,0.004865733282786519
17.97,0.004663670490660308
17.98,0.004262907998769395
17.99,0.003791298362867063
18.0,0.00337217629711039
18.01,0.0029538952603203757
18.02,0.003011868136944981
18.03,0.0032671934985619134
18.04,0.003591996394568233
18.05,0.004104988848213833
18.06,0.004320253808196623
18.07,0.004414984014792992
18.08,0.004133790727170344
18.09,0.0037351078156962815
18.1,0.003401859462213485
18.11,0.0030144608458584003
18.12,0.0030190255973648232
18.13,0.003158196696494789
18.14,0.003235166397321261
18.15,0.003247710842115282
18.16,0.0032391283175445583
18.17,0.003415906257787627
18.18,0.0036195742131718703
18.19,0.003981416499122577
18.2,0.00447442819437831
18.21,0.004924743308751212
18.22,0.0051938704627114305
18.23,0.005308903319245247
18.24,0.0052217464933390885
18.25,0.004930533797238169
18.26,0.00458692475758858
18.27,0.004097086605992397
18.28,0.003558409964208579
18.29,0.003093560129098878
18.3,0.0027368570221657073
18.31,0.0026068396683210106
18.32,0.0028048004307697225
18.33,0.0031156182285288028
18.34,0.0034127090409631394
18.35,0.0035678715355491543
18.36,0.0037957046134908775
18.37,0.004027447363923739
18.38,0.0042018975200811244
18.39,0.004579155812915293
18.4,0.0049247959547952325
18.41,0.00495786758003064
18.42,0.004782753293575847
18.43,0.004398961407080626
18.44,0.004159619503516206
18.45,0.0039019625882680585
18.46,0.003863700668139778
18.47,0.004195048448466203
18.48,0.004346217412260375
18.49,0.0044801353873140165
18.5,0.004497762032786277
18.51,0.004514848107051183
18.52,0.0044117572623405404
18.53,0.0041843272901995136
18.54,0.004144946601806952
18.55,0.004047179355896184
18.56,0.003791985052450962
18.57,0.0036989754779818795
18.58,0.0034636587221361028
18.59,0.0032235506029816997
18.6,0.002927084220055408
18.61,0.0026765057903506764
18.62,0.0025201175587840725
18.63,0.00239171762627641
18.64,0.002459036605372491
18.65,0.002557837231077633
18.66,0.0026958562747471156
18.67,0.0029509456844156404
18.68,0.00331264729816307
18.69,0.0036388230105880302
18.7,0.003929489290995949
18.71,0.004030211957296918
18.72,0.004100697105397851
18.73,0.003994457357612561
18.74,0.004096669718302368
18.75,0.004124254911560636
18.76,0.004182063442817221
18.77,0.004012585311825072
18.78,0.0037734825670054976
18.79,0.003384310666120041
18.8,0.003039356252762355
18.81,0.002897511793214657
18.82,0.003040235299532312
18.83,0.0032095816567864824
18.84,0.003532011643775998
18.85,0.003626744494419839
18.86,0.003596402645192297
18.87,0.003476581467709481
18.88,0.0034161518237672806
18.89,0.0033031372486359003
18.9,0.0031840802118029733
18.91,0.0031798200795555296
18.92,0.003251426633609693
18.93,0.003178531519750139
18.94,0.0031997944307109605
18.95,0.003146668365565346
18.96,0.003062377257263154
18.97,0.0029269477157106306
18.98,0.0029246742542969784
18.99,0.00302227922977946
19.0,0.0032570279717071145
19.01,0.003427442526120935
19.02,0.0037993935250238615
19.03,0.003988666869125374
19.04,0.0040666915479711735
19.05,0.003962945624245279
19.06,0.003861818891082118
19.07,0.0035864046705020936
19.08,0.0032660452126472093
19.09,0.0029494679742205743
19.1,0.0028618974674209726
19.11,0.0027172340918282566
19.12,0.0027162749563031732
19.13,0.0027655852196020714
19.14,0.002751919931603957
19.15,0.002509406014548886
19.16,0.002357413856825702
19.17,0.002186950261476287
19.18,0.0023005640627817704
19.19,0.0025093495989585235
19.2,0.0028222104831416663
19.21,0.003257389006556048
19.22,0.0034711198407536186
19.23,0.0035474528539931886
19.24,0.0036487119236435395
19.25,0.003700316121082754
19.26,0.00392366982962944
19.27,0.004090417070735362
19.28,0.0043323849704097975
19.29,0.00467927564793353
19.3,0.004630487564413627
19.31,0.004482293379857911
19.32,0.004328724064336241
19.33,0.003907874959217256
19.34,0.0034697754281069523
19.35,0.0030351218865973394
19.36,0.0027991458838784455
19.37,0.0026564229403098984
19.38,0.0025157150777057424
19.39,0.002645764042119017
19.4,0.002670799160164353
19.41,0.002552617963304925
19.42,0.002494017450375667
19.43,0.00248557143015011
19.44,0.0025701355471426496
19.45,0.0026695106003589157
19.46,0.002911233496802676
19.47,0.0031698437030904256
19.48,0.0033427693474939037
19.49,0.0034440009744336423
19.5,0.0034940189627922034
19.51,0.0035941914438544944
19.52,0.003478168239539329
19.53,0.0034214807159236977
19.54,0.0032940925649854965
19.55,0.0031112431901613685
19.56,0.0030623740504666366
19.57,0.003068083887449579
19.58,0.003183698141478396
19.59,0.00331357955372698
19.6,0.0033236117830331233
19.61,0.0032909754369161636
19.62,0.0030748904898007913
19.63,0.0029427452301699023
19.64,0.0027278655473085152
19.65,0.002515143856991393
19.66,0.002576752436355419
19.67,0.0026604933594189537
19.68,0.002856647550141245
19.69,0.0032550316868419993
19.7,0.0035836690500087058
19.71,0.0038072683245350568
19.72,0.0037325440796625183
19.73,0.0035337875659952806
19.74,0.0031559021996054636
19.75,0.002844894688707568
19.76,0.0027988170223473313
19.77,0.002875808321398709
19.78,0.003058468545833275
19.79,0.003376004919785056
19.8,0.0034675367840588814
19.81,0.003530859588315553
19.82,0.003450235793321345
19.83,0.003339735514976146
19.84,0.003193758376243993
19.85,0.003076802916365213
19.86,0.0029669054693032227
19.87,0.0028476867247912733
19.88,0.002658118773774526
19.89,0.002554666894214764
19.9,0.002423009559746811
19.91,0.002348694827909765
19.92,0.002473300556795717
19.93,0.0025820807657626413
19.94,0.0027767878957970027
19.95,0.0029543089412140825
19.96,0.002975953359750663
19.97,0.0028937960017202885
19.98,0.002837762994370669
19.99,0.002762085458458621
20.0,0.0027822801722596612
20.01,0.0028194812698829693
20.02,0.002986202744905833
20.03,0.0030361374377128178
20.04,0.0031355399336396553
20.05,0.0030877948439455845
20.06,0.0030212674482099273
20.07,0.0028625567142941456
20.08,0.0026606024210534414
20.09,0.0024261272505651734
20.1,0.0021041626294521286
20.11,0.001882041627870012
20.12,0.001748744875527844
20.13,0.0017685295135443726
20.14,0.002091698836162192
20.15,0.0024303341740190124
20.16,0.002933701109268231
20.17,0.0032993682483479472
20.18,0.0033847491520347336
20.19,0.0033340508813270724
20.2,0.003156231061136715
20.21,0.003053655021550423
20.22,0.0030321407001242507
20.23,0.0031523223497069573
20.24,0.0033428532057944954
20.25,0.0032385296541193836
20.26,0.0030363830036925677
20.27,0.0026515018845618262
20.28,0.0021926881039189424
20.29,0.0018199419165466845
20.3,0.0016798949774433
20.31,0.0016964882431210534
20.32,0.001771321549628126
20.33,0.0018142604896940536
20.34,0.001968900241751935
20.35,0.002043267619633434
20.36,0.0022225861854947367
20.37,0.0024397393297696554
20.38,0.002719475942672991
20.39,0.0029924907725870985
20.4,0.0033767652908891087
20.41,0.0036946314874337443
20.42,0.004016238843243463
20.43,0.0042001037691829085
20.44,0.004213029721552742
20.45,0.004051664018647572
20.46,0.0038928652585729444
20.47,0.0036154231425589026
20.48,0.0035795638135345193
20.49,0.00355573660379047
20.5,0.003566750129595737
20.51,0.0034952242270458126
20.52,0.003253175113118271
20.53,0.0028957084282844967
20.54,0.002487484419463848
20.55,0.0020898422624389067
20.56,0.0019674499742674996
20.57,0.0018684821947100292
20.58,0.0019968853340143547
20.59,0.002231938695201002
20.6,0.0023431499054024437
20.61,0.0025595605072524924
20.62,0.0026896837159351003
20.63,0.0027075559273870733
20.64,0.0027258166163986936
20.65,0.00264311227992621
20.66,0.0025539591691549
20.67,0.002336533016189667
20.68,0.002102439353277239
20.69,0.0019409677955340929
20.7,0.0018391026878040798
20.71,0.0019115576391210355
20.72,0.002076801403948725
20.73,0.002363648675713235
20.74,0.0025388161709616365
20.75,0.00261859573655097
20.76,0.002590663290333105
20.77,0.0024039884996308503
20.78,0.0022164136266827426
20.79,0.002066442957158719
20.8,0.00211963128238016
20.81,0.0023156796182644437
20.82,0.002554530389869514
20.83,0.0028142620021104387
20.84,0.0029566034381032016
20.85,0.002928534487540167
20.86,0.0027281111132882075
20.87,0.0024503707852500823
20.88,0.0021700313410636337
20.89,0.001928995134203733
20.9,0.0018096925313910682
20.91,0.0018215286883762835
20.92,0.0020278264094160735
20.93,0.002391906776666055
20.94,0.002733057372370502
20.95,0.00299833767666443
20.96,0.0029937518896821576
20.97,0.0027190137835931038
20.98,0.002296193192272099
20.99,0.001822289059480364
21.0,0.001511533521797003
21.01,0.0014352537173510204
21.02,0.001599653252773918
21.03,0.001982565529750104
21.04,0.0022983511848164197
21.05,0.002597605834280681
21.06,0.0028213410504031038
21.07,0.002885459043129123
21.08,0.0029118047175172817
21.09,0.0028751005963390777
21.1,0.002767634150511627
21.11,0.0026239515086688907
21.12,0.002455835619002462
21.13,0.002261647063638228
21.14,0.0021195786363357423
21.15,0.001946296124941206
21.16,0.0018582328095544467
21.17,0.001934161755931808
21.18,0.0020137516083824545
21.19,0.0021943280845422033
21.2,0.0024003527968916934
21.21,0.0025787739245546194
21.22,0.002672057070463015
21.23,0.0025373384607667616
21.24,0.002429626448959524
21.25,0.0022338511217655566
21.26,0.001913715631665427
21.27,0.0017591033223181098
21.28,0.0016760169155207365
21.29,0.0016966247474662554
21.3,0.001764568156070355
21.31,0.0018805639176749532
21.32,0.0020550511305742415
21.33,0.0020710109154617427
21.34,0.0021179644217954184
21.35,0.0022670028357558956
21.36,0.002360530984894946
21.37,0.002487211410773517
21.38,0.0026844644481626716
21.39,0.002828010585660281
21.4,0.002840607676498748
21.41,0.002825082607980594
21.42,0.002866518071768432
21.43,0.0028909513195920695
21.44,0.0029881683802640492
21.45,0.0031747899621727645
21.46,0.0032389918131994935
21.47,0.0031176402794771477
21.48,0.002907926655594749
21.49,0.002658580932854439
21.5,0.002293075501453792
21.51,0.0020595004132114123
21.52,0.002060406902692058
21.53,0.00206242839089115
21.54,0.002263749203341503
21.55,0.0024833859948953938
21.56,0.0026274507070629667
21.57,0.0026319628125248736
21.58,0.002409127678648294
21.59,0.0021623810720563636
21.6,0.0018098290357361202
21.61,0.0015775112950430336
21.62,0.0015651039173433178
21.63,0.0016364938782972582
21.64,0.0018468409829699285
21.65,0.0019740394207694596
21.66,0.001997954093923046
21.67,0.002071473074541693
21.68,0.0020500736592358086
21.69,0.0021513891444762943
21.7,0.0022872850129668234
21.71,0.002388137776378227
21.72,0.0023827261514194962
21.73,0.0021957783520268844
21.74,0.0020451274001537065
21.75,0.001824835529584508
21.76,0.001702797306278346
21.77,0.0017428705287404155
21.78,0.00180130292675593
21.79,0.001829266983542441
21.8,0.0017942238784633164
21.81,0.001732757647930086
21.82,0.0018062766285486366
21.83,0.0017938944541827412
21.84,0.002019542659618717
21.85,0.0021257860125129327
21.86,0.0022408500813029908
21.87,0.0022248596469082397
21.88,0.0021654359400499115
21.89,0.002107087400335115
21.9,0.0019518448169940665
21.91,0.0019024603094258466
21.92,0.0018750990839225203
21.93,0.001738793702396584
21.94,0.0017486083711827235
21.95,0.0017314997376314408
21.96,0.0018196162618117646
21.97,0.0019499850364741922
21.98,0.002017167511225098
21.99,0.0020205582107338635
22.0,0.0019080616475234725
22.01,0.0017832103526578022
22.02,0.0017493160962424794
22.03,0.001712202462028755
22.04,0.0017732339761925829
22.05,0.0018018531119942957
22.06,0.0018442418668215583
22.07,0.0018470301333595447
22.08,0.0018534757008618972
22.09,0.001842000015976727
22.1,0.00201771352860586
22.11,0.002200562903430058
22.12,0.00243019766967411
22.13,0.00260637750924115
22.14,0.002701901943245349
22.15,0.0026581187737744955
22.16,0.0025095425188939534
22.17,0.0022878562336812076
22.18,0.002103917063472474
22.19,0.0018320236395115692
22.2,0.001700313658999186
22.21,0.0016966247474661886
22.22,0.0017020895812184188
22.23,0.001845961936199827
22.24,0.002044990895808227
22.25,0.0022234652322646892
22.26,0.0023396507070080758
22.27,0.0024852457754153704
22.28,0.0025715858146272766
22.29,0.0025690399072725023
22.3,0.002536956390441731
22.31,0.002469531556507648
22.32,0.0022265829230832396
22.33,0.0020056043629301835
22.34,0.0018647932831770207
22.35,0.001794303967218128
22.36,0.0018145861444289276
22.37,0.0019842888059250405
22.38,0.002114086359872929
22.39,0.0022930228554092764
22.4,0.0024298155993490206
22.41,0.002603532827112846
22.42,0.0027814359428547887
22.43,0.0028490004879306217
22.44,0.002791605239255311
22.45,0.0025700554583877686
22.46,0.0022461219951201176
22.47,0.0019830276888301145
22.48,0.0017559856314996612
22.49,0.0017071196986014503
22.5,0.0018040385472492284
22.51,0.0018542182432868027
22.52,0.0019499850364742058
22.53,0.0019443836983767313
22.54,0.0019481559054612533
22.55,0.0019389188646243788
22.56,0.0018861652557722781
22.57,0.001895706915868058
22.58,0.0019308549147237066
22.59,0.001913144410950758
22.6,0.001911803205100807
22.61,0.0018855940350578488
22.62,0.0018488899138796328
22.63,0.0017557964811099633
22.64,0.0017540732049350408
22.65,0.0017401349082465862
22.66,0.0017990084298661665
22.67,0.0018037655385587596
22.68,0.001745410591609243
22.69,0.001649587945580811
22.7,0.0015185324813345592
22.71,0.0015007129159269922
22.72,0.0016193820379493645
22.73,0.0018857831854473984
22.74,0.0022666771810210453
22.75,0.00243979574535982
22.76,0.0026237623582792092
22.77,0.002696489755537463
22.78,0.0026365480367582703
22.79,0.002507819242719198
22.8,0.002393304398106288
22.81,0.002283543455389382
22.82,0.0020748889773844204
22.83,0.0018738105241171874
22.84,0.0016966247474662596
22.85,0.001452229053353871
22.86,0.0014124604501507933
22.87,0.0014629658009231124
22.88,0.0016192455336042706
22.89,0.0019341617559317807
22.9,0.0023291025470792955
22.91,0.0026392035684965525
22.92,0.0028234157473956785
22.93,0.0029092678614446583
22.94,0.00280581598188498
22.95,0.0025132840764714296
22.96,0.002249674402307931
22.97,0.0019475846847468647
22.98,0.0016360591619280266
22.99,0.0014943415926942174
23.0,0.0015550436825776072
23.01,0.001761152253227771
23.02,0.0019891824189628856
23.03,0.0022337710330106006
23.04,0.002389532191021733
23.05,0.0023433390557921654
23.06,0.0021455147976885084
23.07,0.0018857305394030773
23.08,0.001604546865811701
23.09,0.00140743033276774
23.1,0.001255028662009098
23.11,0.001223789374583198
23.12,0.0012825263918576405
23.13,0.0013152159467681467
23.14,0.001325710897903365
23.15,0.0012215512932839314
23.16,0.0010556208388723366
23.17,0.0008803168392787476
23.18,0.0009193429000569247
23.19,0.001032634651736623
23.2,0.0013160601761728718
23.21,0.0015900905572021691
23.22,0.001861679361904124
23.23,0.001969885143359901
23.24,0.001973023869654205
23.25,0.0019075430728533267
23.26,0.0018546277563222739
23.27,0.001661858818935517
23.28,0.001580874551841388
23.29,0.0014954936481546008
23.3,0.0014142363723701138
23.31,0.001395457671437455
23.32,0.0014453391554508286
23.33,0.0015997897571191357
23.34,0.0018854849734233074
23.35,0.002191073889378602
23.36,0.0025633020648299348
23.37,0.0027985477832027507
23.38,0.0028383163864058227
23.39,0.0027969610113729713
23.4,0.002598366205384768
23.41,0.0024074844912285853
23.42,0.002168118914499121
23.43,0.0019303927556438669
23.44,0.0017657202115306772
23.45,0.0014889858205764702
23.46,0.0012932104933825227
23.47,0.0011802792138027828
23.48,0.001208211660020669
23.49,0.0013516745019666453
23.5,0.0015601302155506284
23.51,0.0017932705874236638
23.52,0.0018648496987671904
23.53,0.0018786514911104805
23.54,0.0017987354211760303
23.55,0.001571966372535951
23.56,0.001395022955068228
23.57,0.0012794087010394152
23.58,0.0012443972065289228
23.59,0.0013193670173811617
23.6,0.001479642924901682
23.61,0.0018059509738137245
23.62,0.002008638195447909
23.63,0.0022170939090318856
23.64,0.002352828069843293
23.65,0.002278895408331146
23.66,0.002084676203459782
23.67,0.0019345964723011682
23.68,0.0017191450059762144
23.69,0.0016468797677980024
23.7,0.0016515003721455114
23.71,0.0019258247973409927
23.72,0.002101731628217689
23.73,0.0022501929769779224
23.74,0.0023352540704155017
23.75,0.0022689716779104373
23.76,0.0021331074199885908
23.77,0.0020282611257853595
23.78,0.001973983005179404
23.79,0.0019827020340953613
23.8,0.0019133899769307285
23.81,0.0020482450909721597
23.82,0.002006809064435235
23.83,0.0019831367504648508
23.84,0.001965128034667694
23.85,0.0019274115691708586
23.86,0.0020584944761276643
23.87,0.0021148467309771504
23.88,0.0022272067898423103
23.89,0.002417492079949996
23.9,0.0024763375961098432
23.91,0.0025683321822126963
23.92,0.0025689034029272415
23.93,0.0026653869724565828
23.94,0.002854383702758904
23.95,0.002983001758535904
23.96,0.0032809152021502012
23.97,0.0033806255241325355
23.98,0.0032180583265191305
23.99,0.0028503949025741816
24.0,0.0023384454427542393
24.01,0.0018856741238128666
24.02,0.0015777843037334516
24.03,0.0014679959183060123
24.04,0.001624086500597629
24.05,0.0017066575395215157
24.06,0.0017936526577485967
24.07,0.0017050707676917677
24.08,0.0015446051470324844
24.09,0.0013411795508314337
24.1,0.0011424794527543644
24.11,0.0010325820056923494
24.12,0.0009569260680053201
24.13,0.0008631249101759506
24.14,0.0008370522444780919
24.15,0.000767631125678794
24.16,0.0007383574736109262
24.17,0.0008096910189747145
24.18,0.0010121633241363627
24.19,0.0012774962744747812
24.2,0.0015857681648791485
24.21,0.0018315614804316573
24.22,0.00188526838032315
24.23,0.0016998514999192382
24.24,0.001424731323505302
24.25,0.0011196297699638369
24.26,0.0009573882270852384
24.27,0.0009183621663070919
24.28,0.0009898886316061907
24.29,0.001025313807010225
24.3,0.0010885834024733252
24.31,0.0010099778888816183
24.32,0.000978378129355658
24.33,0.0010378012734647928
24.34,0.0012638309864765763
24.35,0.0015578357186611558
24.36,0.0020056043629301853
24.37,0.00230444949935899
24.38,0.0025044597554665675
24.39,0.0024880904575435704
24.4,0.002365806668257634
24.41,0.002090031975577585
24.42,0.0018653118578471348
24.43,0.001647811460612513
24.44,0.0014666020664116598
24.45,0.001297778451685608
24.46,0.001154179105394455
24.47,0.0009063368589322598
24.48,0.0006571001978265272
24.49,0.0004904620183552415
24.5,0.00043511570058953926
24.51,0.00044044402999665865
24.52,0.0006466052466912456
24.53,0.0009132794028796219
24.54,0.001109054730073583
24.55,0.0012702280757925513
24.56,0.0013152159467681873
24.57,0.0013380092139685395
24.58,0.0012981041064202914
24.59,0.0012447792768536894
24.6,0.0013256018362688064
24.61,0.001322158490715626
24.62,0.0013033797897830108
24.63,0.0013518110063118918
24.64,0.0014543306303080354
24.65,0.0016568561442632471
24.66,0.0018687277606898726
24.67,0.00211394985552784
24.68,0.0022664880306316132
24.69,0.0021626266380363707
24.7,0.001988030363502458
24.71,0.0017610157488825552
24.72,0.001566827193518302
24.73,0.0015218393225426641
24.74,0.0015702430963608926
24.75,0.0016412509869898968
24.76,0.001765856715875849
24.77,0.001805677965123415
24.78,0.0018582328095546033
24.79,0.0018456889275097676
24.8,0.0018337469156865735
24.81,0.0018364825361800949
24.82,0.0017994431462357704
24.83,0.001753800196244878
24.84,0.0017177511540818675
24.85,0.0016095769831946964
24.86,0.0015546653817983627
24.87,0.001509730156867158
24.88,0.0016312181949346594
24.89,0.001734670074494406
24.9,0.0019344073219116629
24.91,0.002096512360445171
24.92,0.0022897160142014076
24.93,0.0023460746762857605
24.94,0.0025399860551016786
24.95,0.002765392299666919
24.96,0.003028644708527027
24.97,0.0031757222177365486
24.98,0.0032687840399375414
24.99,0.003090912534764144
25.0,0.002749426670293535
25.01,0.0022597872831181605
25.02,0.001805950973813711
25.03,0.0013430393313514566
25.04,0.0010538975626975453
25.05,0.0008808880599933926
25.06,0.0009186351749974016
25.07,0.0011214895504839447
25.08,0.0014453391554508858
25.09,0.0017592123839526809
25.1,0.0019614955387247087
25.11,0.001935286368681723
25.12,0.001809503381001537
25.13,0.0016516895225350621
25.14,0.0016594762958872995
25.15,0.0016997950843290232
25.16,0.0017785096595552532
25.17,0.0017908960017791176
25.18,0.001691787550018444
25.19,0.0014554520362610325
25.2,0.0013216050986802335
25.21,0.0011957204240201375
25.22,0.0012342316796739492
25.23,0.0012107306874139234
25.24,0.001218380956421052
25.25,0.0011732001655101328
25.26,0.0011965646534250502
25.27,0.0013589427006488542
25.28,0.0017072562029466296
25.29,0.0021522681912463015
25.3,0.0025699189540425876
25.31,0.0027433631731160835
25.32,0.0027762166750822455
25.33,0.00264273020960137
25.34,0.0024022652234559822
25.35,0.002210042303449835
25.36,0.0020068090644350155
25.37,0.0019358850321067518
25.38,0.0018958434202134074
25.39,0.001946867345655842
25.4,0.0020031733616956856
25.41,0.001974175925114708
25.42,0.0019455357538371348
25.43,0.0019570640847668065
25.44,0.0019395427313834473
25.45,0.0021253691248228177
25.46,0.002217863894167396
25.47,0.002282447815518998
25.48,0.0022037896558828617
25.49,0.0019585143522512995
25.5,0.001580492481516332
25.51,0.0011739078905697714
25.52,0.0010122998284814568
25.53,0.0010171934415192185
25.54,0.0011686886227972185
25.55,0.0015091589361525032
25.56,0.0018287167983033327
25.57,0.0020410295383340594
25.58,0.002130182649105412
25.59,0.002065273073019038
25.6,0.0018857305394029752
25.61,0.0015702430963609234
25.62,0.0013155416015029388
25.63,0.001114547006536474
25.64,0.0010276883926545522
25.65,0.0009949713950334808
25.66,0.0010312407998423283
25.67,0.0010986962832835352
25.68,0.0010985597789383748
25.69,0.0011180994137242688
25.7,0.0011906376605928697
25.71,0.001284302314077072
25.72,0.0014004877888204184
25.73,0.0014781652147065239
25.74,0.001538814658545454
25.75,0.0014658943413519514
25.76,0.0013052922163475117
25.77,0.001173200165510223
25.78,0.0010332897307520255
25.79,0.0009895065612812153
25.8,0.0010000015124164178
25.81,0.0009723146321782584
25.82,0.0009668497984259448
25.83,0.0008925350665888915
25.84,0.0007764028006391106
25.85,0.0006952820291998113
25.86,0.0006584414036764593
25.87,0.000745436521903544
25.88,0.0008144481276673292
25.89,0.000967421019140453
25.9,0.0010479705698652072
25.91,0.001088583402473097
25.92,0.0011018666201462832
25.93,0.0011913453856523932
25.94,0.0014020181450598843
25.95,0.0018167715796836585
25.96,0.0022822548955837084
25.97,0.0027816815088345637
25.98,0.003053112773715518
25.99,0.0031470504358900395
26.0,0.0030430799816602285
26.01,0.0027663455907060096
26.02,0.0024716863422553407
26.03,0.002141773240110987
26.04,0.0018769588644426593
26.05,0.0015958810456893264
26.06,0.0014029714360992826
26.07,0.0013201896485608542
26.08,0.0013125077689851374
26.09,0.0013183862836310205
26.1,0.0014458577301209264
26.11,0.001462068925473868
26.12,0.0014735446103591122
26.13,0.0015042653231149925
26.14,0.001686701017045597
26.15,0.0018144496400837968
26.16,0.0019879777174580168
26.17,0.0020113770227380566
26.18,0.0019949202614053586
26.19,0.0017588303136276255
26.2,0.0015778933653679257
26.21,0.0014119418754804957
26.22,0.0013611845514936297
26.23,0.0013841184908972369
26.24,0.0015171912754846002
26.25,0.0015313535399279078
26.26,0.0015827343323614512
26.27,0.0014933082128998428
26.28,0.0014303326616028939
26.29,0.0014175432135782409
26.3,0.0014092062549872276
26.31,0.0014177887795578901
26.32,0.0014658943413518978
26.33,0.0014263180953349745
26.34,0.0013567046193495125
26.35,0.0012067339498254672
26.36,0.001065597215337543
26.37,0.000962092689733368
26.38,0.000951461234253031
26.39,0.0011752490964198835
26.4,0.0014179779299475317
26.41,0.001710672105789277
26.42,0.002011650031428438
26.43,0.0020982356366200453
26.44,0.0020904140459025934
26.45,0.0020814494510069718
26.46,0.002100935876999287
26.47,0.0022427593010710878
26.48,0.002511454945458514
26.49,0.0027447043789660874
26.5,0.0028022366947356736
26.51,0.002706795556283026
26.52,0.0025285103702161905
26.53,0.0023195576801870958
26.54,0.0022063533919170694
26.55,0.0021923624491842187
26.56,0.002150355764681853
26.57,0.002119687697970431
26.58,0.0020655987277539787
26.59,0.0019345964723012368
26.6,0.0017382224816821518
26.61,0.0015769964899187436
26.62,0.0013584278955244202
26.63,0.0011249054533264936
26.64,0.0008857816730311001
26.65,0.0007993325721846815
26.66,0.0007346685620780572
26.67,0.0007662899198289141
26.68,0.0008350033135685315
26.69,0.0009481543930450721
26.7,0.001010114393226834
26.71,0.0011463575146769898
26.72,0.0013861674218071183
26.73,0.0016101482039092584
26.74,0.0018074544500919193
26.75,0.0019459704702065957
26.76,0.002055622351288937
26.77,0.0020795370244425506
26.78,0.002094238899031712
26.79,0.0021449435769741333
26.8,0.0021372616973983683
26.81,0.0020478355779366478
26.82,0.0019675590359021175
26.83,0.0018039546889485239
26.84,0.0017785897483103418
26.85,0.0017277275305469166
26.86,0.0018426550949918762
26.87,0.001956219855361895
26.88,0.0020661173024239254
26.89,0.002112363083697909
26.9,0.002142344460825452
26.91,0.0020429419648986713
26.92,0.0018962254905382408
26.93,0.0016738314802658655
26.94,0.0014247313235053393
26.95,0.001183831620990606
26.96,0.0010226582752716116
26.97,0.0009846129482433865
26.98,0.0010207458487070551
26.99,0.0011041611170357697
27.0,0.0012110563421487237
27.01,0.0012340951753288581
27.02,0.0012442080561391848
27.03,0.0012774962744747814
27.04,0.0013919052642496588
27.05,0.001559748145225708
27.06,0.001804473263618544
27.07,0.001971608419534936
27.08,0.002022716203278098
27.09,0.0019161255974241367
27.1,0.0016919767004082316
27.11,0.001493770371979717
27.12,0.0013488298198385594
27.13,0.0013155416015029674
27.14,0.0014123239458055578
27.15,0.0014575573827609065
27.16,0.0015803033311267694
27.17,0.0015494987600702134
27.18,0.0014558341065860202
27.19,0.0012979149560306312
27.2,0.001039770115619424
27.21,0.0008196147493953735
27.22,0.0005653479709067252
27.23,0.00046813091023473864
27.24,0.0005113428589910286
27.25,0.0006640427417738654
27.26,0.0009443821859603402
27.27,0.0013104588380755064
27.28,0.001625154697757222
27.29,0.001853013541781936
27.3,0.0020361359252964
27.31,0.0021541806178106827
27.32,0.002129800578780596
27.33,0.002003555432020498
27.34,0.0017779910848852117
27.35,0.0014728368852993058
27.36,0.00104867829492495
27.37,0.0006846505737194321
27.38,0.00046826741457996787
27.39,0.0003050451379513631
27.4,0.0003261715445669887
27.41,0.00045036776041744713
27.42,0.0006101466914928926
27.43,0.0007432510866488166
27.44,0.0008043352468570984
27.45,0.0008369157401329664
27.46,0.0007988704131047461
27.47,0.0007176131373202481
27.48,0.0007278625224757048
27.49,0.0007020880688020671
27.5,0.0007765393049842603
27.51,0.0009132794028795776
27.52,0.0010554843345271867
27.53,0.0011992201851635104
27.54,0.001272140502357026
27.55,0.0013047209956329358
27.56,0.0012548395116195544
27.57,0.0011629507803546995
27.58,0.0011525923335646432
27.59,0.0011144105021912972
27.6,0.0012012691160732476
27.61,0.0012822533831674367
27.62,0.0013589991162390748
27.63,0.0013408538960967557
27.64,0.0012515326704116206
27.65,0.0010636847887731163
27.66,0.0008758052965659821
27.67,0.0006790492356219722
27.68,0.0005879520877174834
27.69,0.0004884130874454849
27.7,0.0005115884249707512
27.71,0.0005265949188188307
27.72,0.0005496337519989356
27.73,0.0006134535327007438
27.74,0.0006689363548115806
27.75,0.0007176131373201478
27.76,0.0007432510866486106
27.77,0.0007732324637761461
27.78,0.0008089832939149326
27.79,0.0008376234651925031
27.8,0.0008957054034517151
27.81,0.0010557573432174964
27.82,0.0011191676108838668
27.83,0.0012222590183436747
27.84,0.0012491016691769984
27.85,0.0012410377192763821
27.86,0.0011505434026550755
27.87,0.001043648177542116
27.88,0.0009895065612812424
27.89,0.0009514612342530355
27.9,0.0009187442366319644
27.91,0.0010589276800804797
27.92,0.0011317114929288062
27.93,0.0011784758488728626
27.94,0.0012216877976291283
27.95,0.0011922244324225383
27.96,0.0011456497896171873
27.97,0.0010262106824593669
27.98,0.0009305803936171209
27.99,0.0008039005304876588
28.0,0.0006795678102920523
28.01,0.0006359737912108437
28.02,0.0006035298022800982
28.03,0.0005752717013274424
28.04,0.0006151768088756933
28.05,0.0006357846408212313
28.06,0.0006189183664530944
28.07,0.0006466052466912033
28.08,0.0007348050664231048
28.09,0.0008320221270950915
28.1,0.0010694226312156264
28.11,0.0013378727096233615
28.12,0.0015927107088265517
28.13,0.0019828385384405367
28.14,0.0023222126491765594
28.15,0.0025912345110479266
28.16,0.0026597587543979277
28.17,0.0025246887238839356
28.18,0.0021779061405748697
28.19,0.0017165990986215598
28.2,0.0013432811277856163
28.21,0.0011373402737368784
28.22,0.0010050316297993596
28.23,0.0010710094030454281
28.24,0.0012061627291110259
28.25,0.001468268926996366
28.26,0.0017071723446458783
28.27,0.0019986618189827866
28.28,0.0022489140312036875
28.29,0.0024156355062265266
28.3,0.0024434282413026438
28.31,0.0023090352863411653
28.32,0.0021142755102624036
28.33,0.0018645514867428646
28.34,0.001653360152665345
28.35,0.0014990987013866518
28.36,0.0013473521096432628
28.37,0.0012387432223867538
28.38,0.0011767832222050174
28.39,0.0011123615712815488
28.4,0.001069857347584973
28.41,0.0010275518883093317
28.42,0.0010121106780919182
28.43,0.0010000015124164098
28.44,0.0011024378408609418
28.45,0.0012011326117280642
28.46,0.0012284938372314194
28.47,0.001239125292711805
28.48,0.0012060262247658416
28.49,0.0011198753359436054
28.5,0.0010207458487071204
28.51,0.0009688987293356687
28.52,0.0009131428985345101
28.53,0.0009501200284030564
28.54,0.000989370056936081
28.55,0.0010556208388724818
28.56,0.0010743162442535185
28.57,0.001065979285662542
28.58,0.0011194406195743013
28.59,0.0011144105021913687
28.6,0.0011198753359436696
28.61,0.0012650888967751265
28.62,0.001317128373332754
28.63,0.001422818896940867
28.64,0.0014226823925956793
28.65,0.0013658051558412784
28.66,0.0013081643411861801
28.67,0.0011373128310262586
28.68,0.0010587911757353064
28.69,0.001000138016761566
28.7,0.0009687622249904621
28.71,0.0009825640173336998
28.72,0.0009292391877670837
28.73,0.0009181730159173331
28.74,0.0008544897395606801
28.75,0.000776402800639097
28.76,0.0007333273562279821
28.77,0.0006689363548116538
28.78,0.0005977393137930471
28.79,0.0004783002066352343
28.8,0.00040729231600623004
28.81,0.0003537219204598898
28.82,0.0003919037518332356
28.83,0.00048351947440776016
28.84,0.0006795678102920232
28.85,0.0009563548472907061
28.86,0.0011422064440639655
28.87,0.0012859422947002926
28.88,0.0013533977781415333
28.89,0.0013603403220889825
28.9,0.0013136291749384767
28.91,0.0012447792768537202
28.92,0.0011955312736306029
28.93,0.0011093277387638923
28.94,0.0010048951254541293
28.95,0.0009187442366318892
28.96,0.0008145846320124736
28.97,0.0008598455116784506
28.98,0.0009357996613897044
28.99,0.0011130692963413843
29.0,0.0013359602830589712
29.01,0.001507575371119612
29.02,0.0015526164508887796
29.03,0.0015045108890946964
29.04,0.0013759180366516002
29.05,0.0012062992334561649
29.06,0.0010763651751631148
29.07,0.0010988854336731648
29.08,0.0011406196722343162
29.09,0.0012166576802462529
29.1,0.0014035522708452995
29.11,0.0015058520949446743
29.12,0.0015307200591376897
29.13,0.0014989095509972627
29.14,0.0013828079345546316
29.15,0.0012493746778673503
29.16,0.0011737713862247702
29.17,0.0012395035934910884
29.18,0.0013587535502593035
29.19,0.0014244056687705887
29.2,0.0014987204006076307
29.21,0.0015164835504250214
29.22,0.001429814086932668
29.23,0.0013037054445176961
29.24,0.0011679808977375472
29.25,0.0010829820643756733
29.26,0.0009668497984259005
29.27,0.0008964131285114405
29.28,0.0008371048905224922
29.29,0.0007939768000669262
29.3,0.0007275368677409272
29.31,0.0007018989184124585
29.32,0.0007278625224756912
29.33,0.0007559841190831893
29.34,0.0009241000087495783
29.35,0.0011956677779757102
29.36,0.001610284708254274
29.37,0.0019873226384426266
29.38,0.002288238304005996
29.39,0.002460158011325555
29.4,0.0023987692318583114
29.41,0.002127751647870899
29.42,0.0018044732636184966
29.43,0.0013654230855162975
29.44,0.0011305342341345467
29.45,0.0010278775430441931
29.46,0.0012188957615455584
29.47,0.0014434267288864044
29.48,0.0016584993316830423
29.49,0.0017165812699421947
29.5,0.0016138371154420825
29.51,0.0013741947604765778
29.52,0.001180850434517185
29.53,0.0009720690661984067
29.54,0.0008649846906958881
29.55,0.0008419458575157896
29.56,0.000832022127095097
29.57,0.0008477363460028579
29.58,0.0009289936217873323
29.59,0.000979257176125643
29.6,0.001134965688092346
29.61,0.00118528188847514
29.62,0.0013261730569833659
29.63,0.0013792248778596522
29.64,0.001371406493938743
29.65,0.0014048101811436333
29.66,0.0013833791552690497
29.67,0.0013792248778595835
29.68,0.0013523822270263208
29.69,0.0014524182037434867
29.7,0.0016147962509673328
29.71,0.0016955291075961545
29.72,0.0017792489951838411
29.73,0.0016985935896210256
29.74,0.0014221111718812436
29.75,0.0010542796330225048
29.76,0.0007503827809858144
29.77,0.0005444945729815387
29.78,0.0004023987029685188
29.79,0.0004885495917907929
29.8,0.0007628740169862623
29.81,0.0010481597202549235
29.82,0.0013421328418708166
29.83,0.0015468786084459852
29.84,0.0017037602113488036
29.85,0.0016612875982208095
29.86,0.0016196276039290543
29.87,0.00149349736328919
29.88,0.0014424418272781635
29.89,0.0012921771135879963
29.9,0.0012015146820529231
29.91,0.0010636847887730467
29.92,0.0009640051162978995
29.93,0.0008039531765321754
29.94,0.000743958811708471
29.95,0.0006738299678495232
29.96,0.0007679041343691756
29.97,0.0008039531765321212
29.98,0.0009782416250104522
29.99,0.0011399119471745117
30.0,0.0012740002828769907
30.01,0.0013077021821060945
30.02,0.0013159236718277376
30.03,0.0012492908195664608
30.04,0.0011963755030353698
30.05,0.001157485946602351
30.06,0.00122360022419358
30.07,0.0012165211759009916
30.08,0.0012930213429928794
30.09,0.0012510140957414468
30.1,0.0012117640672084865
30.11,0.0011123615712817297
30.12,0.0009966946712084816
30.13,0.0009390538565534152
30.14,0.0008269920097123868
30.15,0.0008095545146297281
30.16,0.0008196147493955932
30.17,0.0008337454032702096
30.18,0.000862553689461562
30.19,0.0008863002477013583
30.2,0.0009614376107182936
30.21,0.0011270908885814622
30.22,0.0012266340567114304
30.23,0.0013694940673742214
30.24,0.0014013668355903849
30.25,0.0013709717775692704
30.26,0.001221740443673508
30.27,0.001097544227823095
30.28,0.0010276883926544978
30.29,0.0009737923423734255
30.3,0.001010632967896818
30.31,0.0010586546713901585
30.32,0.0010992675039980606
30.33,0.001145078568902679
30.34,0.001121598612118449
30.35,0.001112361571281607
30.36,0.0011250419576716688
30.37,0.0011593983731669033
30.38,0.001221876948018736
30.39,0.0012221225139984614
30.4,0.0013097511130158177
30.41,0.0012459313323139938
30.42,0.0010797810780056726
30.43,0.0009013067415492559
30.44,0.0007140607301325025
30.45,0.0005649132545374844
30.46,0.000527302643878647
30.47,0.0006359737912109034
30.48,0.0008321586314403053
30.49,0.0009667132940807636
30.5,0.0011196861855538964
30.51,0.0011728745107753243
30.52,0.0011423429484090863
30.53,0.0010969730071085754
30.54,0.0010331532264067922
30.55,0.0009618196810430585
30.56,0.0009288044713978294
30.57,0.0008161714038423027
30.58,0.0007383574736110456
30.59,0.0006084234153180022
30.6,0.0005009569694905326
30.61,0.0005268679275093004
30.62,0.0006153659592653542
30.63,0.0007713726832561817
30.64,0.0010313773041873706
30.65,0.0011971180454601665
30.66,0.0012876655708750184
30.67,0.001290972412083073
30.68,0.0012253761464128396
30.69,0.0010969730071085486
30.7,0.0009119381970296254
30.71,0.0008056764527070099
30.72,0.0007121483035679764
30.73,0.0006572367021716307
30.74,0.0007122009496123737
30.75,0.0009034921768040004
30.76,0.0010636847887729275
30.77,0.0013002094529199477
30.78,0.0014219746675357956
30.79,0.0014251133938300452
30.8,0.0012697095011223241
30.81,0.0011375858397164327
30.82,0.000961437610718047
30.83,0.00091398712793927
30.84,0.0008575235720784713
30.85,0.0008649846906960046
30.86,0.0007655821947692111
30.87,0.0006795678102921182
30.88,0.0005979284641827326
30.89,0.0005930348511449481
30.9,0.0006466052466912883
30.91,0.0007606885817314228
30.92,0.0008698783037337872
30.93,0.0009668497984260271
30.94,0.000994971395033518
30.95,0.0009775338999508537
30.96,0.0009619561853882337
30.97,0.0008974286796267068
30.98,0.0008093653642399539
30.99,0.0006619938108642365
31.0,0.0005009569694904261
31.01,0.0003587520378428205
31.02,0.0002393129306850139
31.03,0.00020113109931167185
31.04,0.00020616121669461788
31.05,0.000299962374523968
31.06,0.0003966608605258624
31.07,0.000499615763640434
31.08,0.0006565289771119132
31.09,0.0007468867893880681
31.1,0.0007919278691572801
31.11,0.0008250795831477393
31.12,0.0008006463353241235
31.13,0.000743387590993951
31.14,0.0006413859789187724
31.15,0.0006584414036765
31.16,0.0006847870780646305
31.17,0.0008096910189747588
31.18,0.0009893700569360672
31.19,0.0011578680169274168
31.2,0.0012646267376952257
31.21,0.0012895779974398359
31.22,0.0012267705610566327
31.23,0.0011200118402888177
31.24,0.0009893700569360384
31.25,0.0010002745211067038
31.26,0.0009893700569359597
31.27,0.0010436481775419732
31.28,0.0010361344128800092
31.29,0.0009635429572178668
31.3,0.0008037640261424573
31.31,0.0006572367021716288
31.32,0.000582403395664538
31.33,0.0006312166825182976
31.34,0.0007001756422376555
31.35,0.0009080601351071465
31.36,0.00102722623357466
31.37,0.0010209914146869223
31.38,0.0009443821859604847
31.39,0.000800782839669339
31.4,0.000651635364074294
31.41,0.0005703780882898179
31.42,0.0005771841278920762
31.43,0.0007279990268209548
31.44,0.0008318856227500169
31.45,0.0010104964635516043
31.46,0.0012111928464938488
31.47,0.0013171283733325679
31.48,0.0013621694531017303
31.49,0.0013415616211561985
31.5,0.0012734817082069316
31.51,0.0012062992334560933
31.52,0.0010642560094875782
31.53,0.001033153226406864
31.54,0.0009563548472908326
31.55,0.0008268028593227167
31.56,0.0007432510866488301
31.57,0.0006640427417740065
31.58,0.000559746632809404
31.59,0.00049415092988823
31.6,0.0005441689182467783
31.61,0.0006202595723031677
31.62,0.000743958811708471
31.63,0.0008957054034518903
31.64,0.0010348765025817793
31.65,0.001117391688664618
31.66,0.0011528378995444273
31.67,0.0011573494422572707
31.68,0.0011250419576716822
31.69,0.0010762286708179479
31.7,0.0011907741649380041
31.71,0.0013155416015029522
31.72,0.0015703796007061118
31.73,0.0017987354211759544
31.74,0.0019566019256868784
31.75,0.0019822398750153564
31.76,0.001864849698767213
31.77,0.0016896822035188032
31.78,0.0014786273737864399
31.79,0.0012773597701296216
31.8,0.0012062992334561512
31.81,0.001174923441685053
31.82,0.0011629507803546956
31.83,0.0012325084034991562
31.84,0.0012510140957415065
31.85,0.0012722770067023197
31.86,0.0013186592923215093
31.87,0.0013502800873232135
31.88,0.0014280381647134351
31.89,0.001532334273677961
31.9,0.0016375620754569835
31.91,0.0017538840545454613
31.92,0.0016948213825362325
31.93,0.001615041816946901
31.94,0.001412323945805521
31.95,0.0011580571673168896
31.96,0.0009670389488155475
31.97,0.0008321586314402584
31.98,0.000712011799222748
31.99,0.0006795678102919925
32.0,0.0006133170283555942
32.01,0.0005878155833722733
32.02,0.0005265949188188173
32.03,0.0005497702563441012
32.04,0.0005646402458470422
32.05,0.0006746741972542752
32.06,0.0007708014625417277
32.07,0.000936318236059833
32.08,0.0011018666201465118
32.09,0.0012290650579460387
32.1,0.0012595966203122395
32.11,0.0012391252927118005
32.12,0.0010603779475649553
32.13,0.0008632614145210068
32.14,0.0006466052466912112
32.15,0.0004904620183552126
32.16,0.00044561065172479705
32.17,0.00044533764303452815
32.18,0.0005878155833724901
32.19,0.0006945743041402899
32.2,0.000783727414911646
32.21,0.0008625536894615619
32.22,0.0008599545733132031
32.23,0.0007812964136770723
32.24,0.0007559314730389237
32.25,0.0007346685620781501
32.26,0.000847872850348195
32.27,0.000977533899950892
32.28,0.0011854183928203448
32.29,0.0012820642327777694
32.3,0.0012494837395018393
32.31,0.0011679808977376246
32.32,0.001060840106644975
32.33,0.0009621453357778687
32.34,0.000939488572922694
32.35,0.000946105462135375
32.36,0.0009129537481449175
32.37,0.0007711835328666265
32.38,0.0006466052466912693
32.39,0.0006207217313830785
32.4,0.0007074438409198413
32.41,0.0009013067415493077
32.42,0.0011245797985917835
32.43,0.0012281681824966415
32.44,0.0011245797985916974
32.45,0.0009776704042959233
32.46,0.000898079989096246
32.47,0.0009085749402315132
32.48,0.0011076044625891275
32.49,0.0013757288862621348
32.5,0.0015542032227186017
32.51,0.0015631114020240588
32.52,0.0014245948191602452
32.53,0.0012670013233396064
32.54,0.0010920793940708778
32.55,0.0009949713950334457
32.56,0.0010813952925460345
32.57,0.0011367416103117295
32.58,0.0012116275628633027
32.59,0.0012754473435651462
32.6,0.0012790830463045603
32.61,0.0012110563421488204
32.62,0.0010591732460602423
32.63,0.000913142898534528
32.64,0.0007453000175584481
32.65,0.000532196256916418
32.66,0.0004454741473796626
32.67,0.0004524166913271231
32.68,0.0004835194744078875
32.69,0.0005426912080516974
32.7,0.0005976028094480319
32.71,0.0006151768088758521
32.72,0.000537089869954243
32.73,0.0004891208125053419
32.74,0.0004348426918993029
32.75,0.0003866844840607911
32.76,0.00033595877064254416
32.77,0.00034850265268743176
32.78,0.0003204337021243864
32.79,0.0002879897131936429
32.8,0.0002823883750961886
32.81,0.00033800770155220655
32.82,0.00040729231600633033
32.83,0.0005703780882897771
32.84,0.0007451635132132671
32.85,0.0008855925226414973
32.86,0.0009773447495611512
32.87,0.0010605144519100626
32.88,0.0010380468394444423
32.89,0.0009499835240576727
32.9,0.0008369157401327433
32.91,0.0007677676300238103
32.92,0.0006896806911022804
32.93,0.0006902519118168632
32.94,0.0007277260181306084
32.95,0.0008164444125326583
32.96,0.0008799911845442205
32.97,0.0009292391877673269
32.98,0.0009062003545872141
32.99,0.000816307908187551
33.0,0.00071214830356811
33.01,0.0006084234153180293
33.02,0.0005653479709068989
33.03,0.0006029585815657366
33.04,0.0006101466914929196
33.05,0.0006670239282473173
33.06,0.0007176131373204026
33.07,0.0007833453445867347
33.08,0.0008527664633859929
33.09,0.0009187442366320476
33.1,0.0011194406195743517
33.11,0.0012234637198486006
33.12,0.0013033797897830718
33.13,0.0012977784516856028
33.14,0.0012028558879030031
33.15,0.001102003124491554
33.16,0.0009900777819956208
33.17,0.0010052207801888376
33.18,0.0010763651751629828
33.19,0.0011854183928201505
33.2,0.001374142114432121
33.21,0.0014732716016686487
33.22,0.0014989095509971282
33.23,0.001402074560650061
33.24,0.0011903120058580543
33.25,0.0009619561853882161
33.26,0.0007228324050928104
33.27,0.0005930348511449247
33.28,0.0005598831371545174
33.29,0.0006308910277834739
33.3,0.0007606885817313472
33.31,0.0009237743540148262
33.32,0.0009998650080712218
33.33,0.0010104964635516307
33.34,0.0009286679670526586
33.35,0.0007781260768141029
33.36,0.0006134535327009076
33.37,0.00047862586137006235
33.38,0.00046813091023483724
33.39,0.0005217013057811582
33.4,0.0006795678102920315
33.41,0.0008799911845439805
33.42,0.0010279339586341785
33.43,0.0011505434026548775
33.44,0.001180388275437272
33.45,0.0011297990663642382
33.46,0.001053708412307931
33.47,0.0008923985622438384
33.48,0.0007383574736110493
33.49,0.0005703780882898314
33.5,0.0005286438497286803
33.51,0.0005598831371545791
33.52,0.0006189183664532003
33.53,0.0007606885817314443
33.54,0.0008593833525985348
33.55,0.0008474106912681296
33.56,0.0007868977517743186
33.57,0.0007453000175583288
33.58,0.000658441403676407
33.59,0.0005808730394249104
33.6,0.0005752717013275137
33.61,0.0005614699089842808
33.62,0.0005372263742993504
33.63,0.000532196256916418
33.64,0.0005771841278920145
33.65,0.0006134535327008424
33.66,0.0006795678102920733
33.67,0.0008264207889977456
33.68,0.0009951078993787317
33.69,0.0011455132852721912
33.7,0.0012721405023572233
33.71,0.001282064232777919
33.72,0.001162761629965201
33.73,0.0010000015124164597
33.74,0.0009136050576144618
33.75,0.0008322112774848411
33.76,0.0008632614145211912
33.77,0.0009129537481450098
33.78,0.0009303912432276954
33.79,0.0008681550275589891
33.8,0.0007282972388451844
33.81,0.000674292126929434
33.82,0.0007349415707683539
33.83,0.0008700674541233584
33.84,0.001079781078005767
33.85,0.001200806956993341
33.86,0.0012127796183237108
33.87,0.0010535719079627882
33.88,0.0008964131285115528
33.89,0.0008267464437325484
33.9,0.0008166335629222419
33.91,0.000868155027558935
33.92,0.0009566004132706003
33.93,0.0009509990751731154
33.94,0.0008475471956133181
33.95,0.0006464687423460536
33.96,0.0005168076927432985
33.97,0.00039679736487093165
33.98,0.0003866844840606323
33.99,0.0004503677604173413
34.0,0.0005114519206256826
34.01,0.0005370898699541889
34.02,0.0005164820380086767
34.03,0.0004678052555001193
34.04,0.00040729231600633033
34.05,0.00036421687159520004
34.06,0.00035861553349774577
34.07,0.0003866844840607911
34.08,0.0004503677604174336
34.09,0.0005496337519990765
34.1,0.0006133170283557115
34.11,0.0006413859789187263
34.12,0.0005976028094479002
34.13,0.0005928457007553032
34.14,0.000559746632809356
34.15,0.000603529802280177
34.16,0.0006514988597290783
34.17,0.0007400807497859051
34.18,0.0007655821947691846
34.19,0.0007662899198288284
34.2,0.0006895441867571839
34.21,0.0005878155833723127
34.22,0.0004503677604172872
34.23,0.0003866844840606323
34.24,0.0003586155334976264
34.25,0.00036421687159511135
34.26,0.00040729231600624907
34.27,0.00046780525550003797
34.28,0.00047830020663525575
34.29,0.0004608627115525666
34.3,0.00038654797971549785
34.31,0.00035875203784278804
34.32,0.00031554008908652673
34.33,0.00032603504022178653
34.34,0.0004505042647625951
34.35,0.0005232880776109756
34.36,0.0005857666524628276
34.37,0.0006239484838361599
34.38,0.0006758788987591973
34.39,0.0006896806911024303
34.4,0.0006675951489617198
34.41,0.0007120117992228167
34.42,0.0008059494613973679
34.43,0.0008908117904141291
34.44,0.0010593623964499307
34.45,0.0012442080561393396
34.46,0.0014140472219806557
34.47,0.0014450135007162282
34.48,0.0014282837306932405
34.49,0.0013204352145408586
34.5,0.001131847997274078
34.51,0.0009063368589323214
34.52,0.000755794968693735
34.53,0.0006584414036765929
34.54,0.0005703780882898315
34.55,0.0005321962569164722
34.56,0.0005822142452750357
34.57,0.0005927091964102611
34.58,0.0005857666524628276
34.59,0.0006308910277836204
34.6,0.0006202595723032336
34.61,0.0006572367021717754
34.62,0.0007277260181306896
34.63,0.0008112777908045643
34.64,0.00087318514494186
34.65,0.0009030300177241869
34.66,0.0008749610671611021
34.67,0.0007870342561194802
34.68,0.0006689363548116101
34.69,0.0005822142452748498
34.7,0.0004559690985147685
34.71,0.0003691104846328823
34.72,0.00037618953292545753
34.73,0.00035861553349761035
34.74,0.00037471182273024787
34.75,0.00041218592904386265
34.76,0.00044719742355428944
34.77,0.00045036776041716784
34.78,0.0004891208125050757
34.79,0.0005215648014358576
34.8,0.0005928457007552367
34.81,0.0005976028094479125
34.82,0.0006032041475453975
34.83,0.0005370898699541889
34.84,0.0004629116424623212
34.85,0.0003967973648711051
34.86,0.0003642168715952001
34.87,0.0004072923160063032
34.88,0.0004678052555000651
34.89,0.0005546638693819744
34.9,0.0006133170283556809
34.91,0.0006745376929091408
34.92,0.0006945743041401705
34.93,0.0006970053053747748
34.94,0.0006563924727668763
34.95,0.0007128560286277664
34.96,0.0007170945626503299
34.97,0.0007613963067912165
34.98,0.0007863265310600048
34.99,0.0007955635718968502
35.0,0.0007050692552755151
35.01,0.000619054870798389
35.02,0.0005285073453834645
35.03,0.0005218378101263198
35.04,0.0004940144255429935
35.05,0.0006308910277834887
35.06,0.0007120117992228292
35.07,0.0007281080884555393
35.08,0.0007432510866487933
35.09,0.0006863738498943955
35.1,0.0005752717013275137
35.11,0.0004559690985147957
35.12,0.00033787119720691324
35.13,0.00024434304806787146
35.14,0.0002012676036567718
35.15,0.00022868147520461733
35.16,0.00028798971319361576
35.17,0.00033595877064254416
35.18,0.00044719742355458
35.19,0.0004884130874456585
35.2,0.0005377975950139264
35.21,0.0005646402458472157
35.22,0.0005721013644647217
35.23,0.0005039381559638162
35.24,0.0005497702563442922
35.25,0.0006254788400757766
35.26,0.0008047974059370647
35.27,0.0010206093443620222
35.28,0.0013327899461960775
35.29,0.001488088945127239
35.3,0.001499291621322123
35.31,0.0013358237787137353
35.32,0.0010938026702457912
35.33,0.0007659078495039677
35.34,0.0005654844752520064
35.35,0.0004348426918993029
35.36,0.0003866844840607911
35.37,0.0003741406020158764
35.38,0.0004247298110889348
35.39,0.00044533764303443947
35.4,0.0004941509298881279
35.41,0.0005440324139014905
35.42,0.000592709196410053
35.43,0.0005857666524626196
35.44,0.0005545273650367158
35.45,0.0004678052554999728
35.46,0.0003692469889780438
35.47,0.0003155400890865342
35.48,0.00035372192045989356
35.49,0.00048365597875296034
35.5,0.0006689363548116988
35.51,0.0008474106912681837
35.52,0.0009391629181879111
35.53,0.0009079236307620157
35.54,0.0007988704131048111
35.55,0.000608423415317948
35.56,0.00044044402999666847
35.57,0.00032057020646942863
35.58,0.00022359871177715827
35.59,0.00016797938532115274
35.6,0.00016308577228341242
35.61,0.00019063614817641956
35.62,0.00023931293068503117
35.63,0.0002928833262314138
35.64,0.0003533962657252027
35.65,0.00035339626572520276
35.66,0.00033106515760477316
35.67,0.0003537219204599749
35.68,0.0003917672474881726
35.69,0.00045596909851491495
35.7,0.0005213756510464748
35.71,0.0005769949775024927
35.72,0.0005752717013275753
35.73,0.0005271661395334855
35.74,0.0005217013057811581
35.75,0.0005441689182467186
35.76,0.00055452736503677
35.77,0.0006239484838360677
35.78,0.0007071181861850887
35.79,0.0007451635132133213
35.8,0.0007488524247463017
35.81,0.0007225067503581737
35.82,0.0006532221359040499
35.83,0.0005372263742993775
35.84,0.00044044402999670305
35.85,0.00042994907886144325
35.86,0.0005218378101262891
35.87,0.000630754523438327
35.88,0.0007711835328666389
35.89,0.0008906226400245186
35.9,0.0009305803936172248
35.91,0.0009013067415493618
35.92,0.0008632614145211566
35.93,0.0008056764527070448
35.94,0.0007990069174498679
35.95,0.0007382209692657144
35.96,0.0007507648513105634
35.97,0.0007327561355133564
35.98,0.0006588234740012136
35.99,0.0005801653143651347
36.0,0.0004734065935973961
36.01,0.0003586155334976103
36.02,0.0002774947620583093
36.03,0.00023931293068496956
36.04,0.00032057020646940153
36.05,0.0003865479797154437
36.06,0.0004990445429258372
36.07,0.000592709196410053
36.08,0.000630754523438273
36.09,0.0006239484838360405
36.1,0.0005545273650368129
36.11,0.0004678052555000651
36.12,0.00033106515760474606
36.13,0.000315676593431777
36.14,0.00034309046497958803
36.15,0.00041289365410378465
36.16,0.0005421199873371755
36.17,0.000632477799613349
36.18,0.000628842096873958
36.19,0.0005426912080516974
36.2,0.00041409835560860214
36.21,0.0003207067108147095
36.22,0.0002011310993116989
36.23,0.00020113109931169893
36.24,0.0002443430480679908
36.25,0.00029982587017884715
36.26,0.00036911048463297104
36.27,0.0004177872671415556
36.28,0.0005059870868734786
36.29,0.0005440324139016763
36.3,0.0005808730394250567
36.31,0.0006514988597291595
36.32,0.0006863738498944767
36.33,0.0006670239282473173
36.34,0.0006413859789188456
36.35,0.0005820777409298742
36.36,0.0004941509298882744
36.37,0.0004072923160063032
36.38,0.0003760530285803502
36.39,0.00036924698897804377
36.4,0.00044547414737951615
36.41,0.0005771841278918632
36.42,0.0007383574736108067
36.43,0.0008855925226413475
36.44,0.0010223326205366764
36.45,0.0011299355707093458
36.46,0.0011247689489813054
36.47,0.001086723621953146
36.48,0.0009668497984259785
36.49,0.000854489739560791
36.5,0.0007659078495039874
36.51,0.0006902519118169866
36.52,0.0007278625224758512
36.53,0.0008058129570523258
36.54,0.0008474106912683154
36.55,0.0009168318100676009
36.56,0.0008923985622439467
36.57,0.0007988704131048924
36.58,0.000623948483836187
36.59,0.0004627751381171868
36.6,0.0003587520378429073
36.61,0.00023931293068505828
36.62,0.00020113109931169893
36.63,0.0002443430480679908
36.64,0.0002616440388054878
36.65,0.00033106515760474606
36.66,0.0003691104846329169
36.67,0.0003865479797155408
36.68,0.0004505042647625029
36.69,0.0005009569694903873
36.7,0.0005702415839444965
36.71,0.000662130315209369
36.72,0.0006912674629320742
36.73,0.0007226432547031763
36.74,0.0007001756422376248
36.75,0.0006639062374287969
36.76,0.0006134535327009076
36.77,0.000554663869382036
36.78,0.0005440324139016763
36.79,0.0005703780882898043
36.8,0.0005702415839446158
36.81,0.0006308910277835317
36.82,0.0006357846408212719
36.83,0.0006413859789186868
36.84,0.0006133170283556268
36.85,0.0005496337519989532
36.86,0.0004503677604172872
36.87,0.0003485026526872729
36.88,0.00028238837509606923
36.89,0.00027749476205832897
36.9,0.00027735825771320197
36.91,0.0003692469889781054
36.92,0.0004296234241267599
36.93,0.0004783002066353445
36.94,0.0004608627115526859
36.95,0.0003865479797156296
36.96,0.00032057020646954795
36.97,0.00023931293068505828
36.98,0.00020113109931169893
36.99,0.00020616121669463143
37.0,0.00022359871177729
37.01,0.0002823883750961615
37.02,0.0003642168715951459
37.03,0.0004835194744077988
37.04,0.0005927091964101417
37.05,0.0006844614233298441
37.06,0.0007988704131047731
37.07,0.0009082492854967877
37.08,0.000977533899950946
37.09,0.0010486782949251491
37.1,0.0011035898963215106
37.11,0.0010710094030456055
37.12,0.0009548771370957986
37.13,0.0007938402957219599
37.14,0.0005822142452750357
37.15,0.0004074288203514648
37.16,0.00027735825771320197
37.17,0.00023931293068496956
37.18,0.00020616121669451209
37.19,0.0002617805431504634
37.2,0.00032043370212415874
37.21,0.00037471182273015913
37.22,0.00045036776041714073
37.23,0.0005616064133291518
37.24,0.0006133170283554729
37.25,0.000743958811708261
37.26,0.0008262842846524634
37.27,0.0008649846906959621
37.28,0.0008350033135685006
37.29,0.0008112777908045372
37.3,0.0007277260181306355
37.31,0.0006572367021716867
37.32,0.0005820777409297548
37.33,0.0005546638693819315
37.34,0.000499044542925926
37.35,0.0005391388008638168
37.36,0.0005597466328093906
37.37,0.0005808730394250296
37.38,0.0005976028094480319
37.39,0.0006533586402492114
37.4,0.0006133170283558003
37.41,0.0005758429220421243
37.42,0.0006029585815657366
37.43,0.0005996517403576944
37.44,0.0006239484838361599
37.45,0.00070017564223769
37.46,0.0008007828396693045
37.47,0.0008958419077970039
37.48,0.000929239187767141
37.49,0.0010048951254541545
37.5,0.0010606509562553336
37.51,0.000999865008071244
37.52,0.0009499835240578812
37.53,0.0008750975715063609
37.54,0.0008058129570522445
37.55,0.0007383574736110223
37.56,0.0006951455248547229
37.57,0.0006689363548116988
37.58,0.0005977393137930619
37.59,0.0005164820380085845
37.6,0.00044533764303443947
37.61,0.00036421687159514593
37.62,0.000358752037842826
37.63,0.00037605302858029606
37.64,0.0004559690985147375
37.65,0.0005370898699540044
37.66,0.0006483285228660154
37.67,0.0006945743041400512
37.68,0.0007232144754176796
37.69,0.0007326196311683793
37.7,0.0006970053053748093
37.71,0.0006183471457387327
37.72,0.000587815583372463
37.73,0.0005215648014360311
37.74,0.0004941509298881856
37.75,0.00042962342412664056
37.76,0.0003915780970984303
37.77,0.0002928833262312945
37.78,0.00027749476205832897
37.79,0.00026686330657797676
37.8,0.00028798971319361576
37.81,0.00033595877064254416
37.82,0.00037083376080786126
37.83,0.0003741406020158764
37.84,0.00032603504022178653
37.85,0.00031554008908652673
37.86,0.000358752037842788
37.87,0.0005010934738354946
37.88,0.0006895441867570755
37.89,0.0008530120293654148
37.9,0.0009335615800901639
37.91,0.0008873157988161429
37.92,0.0007814329180218758
37.93,0.0006797569606815493
37.94,0.0006310801781730413
37.95,0.000689817195447545
37.96,0.0007399442454407434
37.97,0.0008524408086511015
37.98,0.0008474106912681296
37.99,0.0007556584643483926
38.0,0.0006134535327007538
38.01,0.00042472981108880305
38.02,0.0002823883750960421
38.03,0.00016308577228341242
38.04,0.00011440898977483525
38.05,0.000190772652521554
38.06,0.00031554008908652673
38.07,0.0005321962569163529
38.08,0.0007225067503580419
38.09,0.0008316964723604278
38.1,0.0008906226400245186
38.11,0.0008318856227501036
38.12,0.0008096910189748085
38.13,0.0007659078495039678
38.14,0.0007350506324028839
38.15,0.0007482812040315413
38.16,0.0006968688010293844
38.17,0.0006514988597288322
38.18,0.000608559919662894
38.19,0.000577184127891836
38.2,0.0006516353640740935
38.21,0.0007557949686935846
38.22,0.0008749610671611146
38.23,0.0009342693051501006
38.24,0.0008904861356793265
38.25,0.0008163079081874622
38.26,0.0007278625224757699
38.27,0.0006797569606816802
38.28,0.000684650573719409
38.29,0.0007226432547030965
38.3,0.0007831561941968607
38.31,0.0007987339087594923
38.32,0.0008201859701099376
38.33,0.0008421350079054979
38.34,0.0008876414535512288
38.35,0.0009112304719700578
38.36,0.0009135249688594393
38.37,0.0008799911845440617
38.38,0.0007557949686935886
38.39,0.0006084234153178518
38.4,0.0005598831371544056
38.41,0.0005391388008636925
38.42,0.0005752717013273943
38.43,0.0006032041475452783
38.44,0.0006357846408211783
38.45,0.0006308910277834198
38.46,0.0006084234153178518
38.47,0.0006084234153178558
38.48,0.0006308910277834616
38.49,0.0006739664721946313
38.5,0.0006794313059469546
38.51,0.0006619938108643307
38.52,0.0006308910277835933
38.53,0.0005440324139016763
38.54,0.0005323327612615794
38.55,0.000521564801435977
38.56,0.0005878155833723126
38.57,0.0006565289771118534
38.58,0.0006968688010294385
38.59,0.0007814329180219952
38.6,0.0007938402957217825
38.61,0.0007938402957218516
38.62,0.0007814329180221796
38.63,0.0007350506324030613
38.64,0.0006945743041402898
38.65,0.0005983105345077153
38.66,0.0005647767501923771
38.67,0.0005391388008639056
38.68,0.0005321962569164722
38.69,0.0006516353640742668
38.7,0.0007626010082959256
38.71,0.0008681550275588387
38.72,0.0009342693051499936
38.73,0.0009736558380281186
38.74,0.0009237743540147068
38.75,0.0008250795831475892
38.76,0.0007833453445864675
38.77,0.0007071181861849498
38.78,0.000662130315209369
38.79,0.0006689363548116176
38.8,0.0006689363548116052
38.81,0.0006239484838359789
38.82,0.0005545273650366937
38.83,0.0005441689182465979
38.84,0.0004835194744076328
38.85,0.000527302643878435
38.86,0.0006791857399670009
38.87,0.000811277790804328
38.88,0.000921725423105133
38.89,0.0009566004132705115
38.9,0.0008592468482534116
38.91,0.0006621303152094921
38.92,0.0004404440299967572
38.93,0.00038140880069810896
38.94,0.00039190375183330707
38.95,0.0004940144255430587
38.96,0.0007226432547032465
38.97,0.0008592468482534005
38.98,0.0008960874737767683
38.99,0.0008299731961855376
39.0,0.0007245556812677474
39.01,0.000564776750192323
39.02,0.00045107548547711684
39.03,0.0003966608605259436
39.04,0.0004630481468074556
39.05,0.0005265949188189095
39.06,0.000674537692909095
39.07,0.0008194782450501929
39.08,0.0009030300177240699
39.09,0.0008904861356792071
39.1,0.0008475471956132996
39.11,0.0007833453445866263
39.12,0.0007228324050928917
39.13,0.0006571001978266139
39.14,0.0006357846408213913
39.15,0.0005769949775024927
39.16,0.0004608627115526859
39.17,0.0003260350402218407
39.18,0.0001906361481764737
39.19,0.00011454549412005097
39.2,0.00011440898977486238
39.21,0.00023931293068496956
39.22,0.0003691104846328517
39.23,0.00047830020663521276
39.24,0.0005213756510463554
39.25,0.0005164820380086151
39.26,0.00044533764303447405
39.27,0.0004023987029685323
39.28,0.00035861553349774577
39.29,0.00034850265268743176
39.3,0.0004123224333892629
39.31,0.00046277513811718676
39.32,0.0004940144255431129
39.33,0.0004990445429260453
39.34,0.00048524275058277783
39.35,0.0004503677604174607
39.36,0.000451075485477144
39.37,0.000511069850300833
39.38,0.000587815583372436
39.39,0.000705205759620588
39.4,0.0008543532352156024
39.41,0.0009236378496696867
39.42,0.0009168318100673929
39.43,0.0008161714038421814
39.44,0.000712148303567897
39.45,0.0005321962569162715
39.46,0.0004022621986232204
39.47,0.0003587520378427067
39.48,0.0002998258701786342
39.49,0.0003310651576045651
39.5,0.000369110484632763
39.51,0.00042472981108877594
39.52,0.0004885495917906193
39.53,0.0005496337519989532
39.54,0.0006133170283556268
39.55,0.0006413859789186867
39.56,0.0005976028094479126
39.57,0.0005164820380086151
39.58,0.0003691104846329169
39.59,0.00023931293068503117
39.6,0.0001525908211482759
39.61,0.00011440898977491652
39.62,0.000163085772283474
39.63,0.00032057020646949385
39.64,0.0005009569694904574
39.65,0.0007001756422375978
39.66,0.0008474106912681296
39.67,0.000984287293508615
39.68,0.0010430769568275137
39.69,0.0010436481775420307
39.7,0.0010587911757352893
39.71,0.0010174390074990725
39.72,0.0009286679670526315
39.73,0.0008093653642399588
39.74,0.0007071181861850582
39.75,0.0006361102955560747
39.76,0.0005653479709068447
39.77,0.0005752717013275753
39.78,0.0005769949775024926
39.79,0.0006359211451664715
39.8,0.0006464687423460646
39.81,0.0006520700804434152
39.82,0.0007328926398584528
39.83,0.0007468867893878705
39.84,0.0007537460377837418
39.85,0.0007488524247460626
39.86,0.0006757423944139274
39.87,0.0006899536997926793
39.88,0.0006846505737194239
39.89,0.0007888101783387612
39.9,0.0009113669763149229
39.91,0.0009635429572176729
39.92,0.001043076956827275
39.93,0.0010262106824591995
39.94,0.0009567895636600053
39.95,0.0009183095202625408
39.96,0.0008163079081874622
39.97,0.0007764028006392201
39.98,0.0008478728503481679
39.99,0.0009357996613897603
40.0,0.0011250419576717754
40.01,0.0013359602830589497
40.02,0.0014956027097892052
40.03,0.0015144346195153666
40.04,0.0013638927292767265
40.05,0.001174923441685006
40.06,0.0009289936217873387
40.07,0.0007284337431902226
40.08,0.0006791857399671583
40.09,0.0006483285228661706
40.1,0.0006288420968738693
40.11,0.0006413859789187263
40.12,0.0006202595723030747
40.13,0.0006085599196630173
40.14,0.0005702415839444925
40.15,0.0005927091964100876
40.16,0.0005595574824196753
40.17,0.0005164820380085845
40.18,0.0004835194744077988
40.19,0.00047862586137003535
40.2,0.0005217013057811656
40.21,0.0006308910277835316
40.22,0.0007225067503580544
40.23,0.0008093653642399859
40.24,0.0007987339087596115
40.25,0.0007557949686936733
40.26,0.0006896806911024377
40.27,0.0006258609104006067
40.28,0.0005752717013275137
40.29,0.0005164820380085845
40.3,0.00046780525549998755
40.31,0.000407292316006211
40.32,0.00032603504022175195
40.33,0.0003205702064694667
40.34,0.00037618953292548464
40.35,0.0004453376430344394
40.36,0.0005426912080515781
40.37,0.0005976028094479002
40.38,0.0006151768088757327
40.39,0.000613453532700873
40.4,0.0006415751293083749
40.41,0.0006846505737195053
40.42,0.0007608250860766058
40.43,0.0007830196898518432
40.44,0.0007711835328666265
40.45,0.0007765393049843437
40.46,0.0007296384446951289
40.47,0.000695282029199919
40.48,0.0007052057596206496
40.49,0.0007087049580149063
40.5,0.0007052057596206767
40.51,0.0006189183664532544
40.52,0.0005771841278921033
40.53,0.0005649132545375387
40.54,0.0005114519206257714
40.55,0.0006134535327009618
40.56,0.0006689363548118181
40.57,0.0006794313059470434
40.58,0.0007433875909939818
40.59,0.0007626010082959256
40.6,0.0007764028006391239
40.61,0.0007488524247460901
40.62,0.0007294492943053165
40.63,0.0007503301349411765
40.64,0.0007333273562279049
40.65,0.0007713726832561413
40.66,0.0008370522444780659
40.67,0.0008212015212252026
40.68,0.0008093653642400289
40.69,0.0007382209692658879
40.7,0.00066404274177402
40.71,0.0005647767501923771
40.72,0.00047340659359757355
40.73,0.0004503677604174607
40.74,0.0004629116424623483
40.75,0.00048351947440788756
40.76,0.0005321962569164721
40.77,0.0005545273650369017
40.78,0.0006359211451665528
40.79,0.0006307545234384588
40.8,0.0006189183664532546
40.81,0.0006134535327009617
40.82,0.000561469908984335
40.83,0.0004990445429260453
40.84,0.00045596909851491495
40.85,0.00041409835560860214
40.86,0.00036924698897813256
40.87,0.00033106515760474606
40.88,0.00041423485995370957
40.89,0.0005217013057811581
40.9,0.0006189183664531352
40.91,0.0007988704131047607
40.92,0.0008974286796267598
40.93,0.0008960874737768113
40.94,0.0008299731961856027
40.95,0.0006863738498944497
40.96,0.0005649132545375387
40.97,0.0004404440299967572
40.98,0.00040226219862339786
40.99,0.00041232243338926286
41.0,0.00044719742355458
41.01,0.0005265949188189907
41.02,0.0005758429220420701
41.03,0.0006133170283557116
41.04,0.0006151768088757327
41.05,0.0005213756510463431
41.06,0.00045596909851479563
41.07,0.00035358541611472456
41.08,0.00027749476205836355
41.09,0.0002825248794413231
41.1,0.0003760530285804043
41.11,0.0005321962569164721
41.12,0.0006619938108643848
41.13,0.0007399442454408322
41.14,0.0007275368677411062
41.15,0.0006413859789188185
41.16,0.0005215648014360312
41.17,0.0004023987029684707
41.18,0.0002823883750960693
41.19,0.00029996237452382273
41.2,0.0003586155334975181
41.21,0.0004891208125050757
41.22,0.0006133170283555074
41.23,0.000701898918412344
41.24,0.0007275368677408675
41.25,0.0007557949686935846
41.26,0.000722695900747676
41.27,0.000695282029199919
41.28,0.0006357846408213913
41.29,0.000615176808875825
41.3,0.0005370898699541889
41.31,0.0005273026438786124
41.32,0.0005492516816741001
41.33,0.0006259974147456906
41.34,0.000743251086648701
41.35,0.0009412118490975152
41.36,0.0010429404524823866
41.37,0.0010591732460602423
41.38,0.0009667132940808837
41.39,0.0008544897395608216
41.4,0.0007278625224757699
41.41,0.0006415751293083208
41.42,0.0006084234153178518
41.43,0.0006741029765396734
41.44,0.0006912674629319843
41.45,0.0007488524247460901
41.46,0.0007764028006391239
41.47,0.0007626010082959256
41.48,0.0007052057596206225
41.49,0.0006795678102922049
41.5,0.0006583048993314314
41.51,0.0006190548707984162
41.52,0.0005752717013276024
41.53,0.000561469908984335
41.54,0.0004990445429260453
41.55,0.0004177872671415556
41.56,0.0003760530285804043
41.57,0.000320570206469548
41.58,0.00028798971319361576
41.59,0.00032043370212433227
41.6,0.00038668448406070237
41.61,0.000412185929043982
41.62,0.0004734065935974147
41.63,0.0005265949188188443
41.64,0.0005496337519989532
41.65,0.0006134535327007341
41.66,0.000668936354811551
41.67,0.0007176131373201059
41.68,0.0007432510866485472
41.69,0.0007732324637760489
41.7,0.000770801462541473
41.71,0.0007232144754175022
41.72,0.0006563924727665836
41.73,0.0005721013644644041
41.74,0.000450367760417222
41.75,0.0003642168715950226
41.76,0.00031554008908648006
41.77,0.0003205702064694396
41.78,0.0003866844840607024
41.79,0.0004884130874455391
41.8,0.000636492365880943
41.81,0.0007326196311683683
41.82,0.0007837274149115573
41.83,0.0007481446996865912
41.84,0.0006970053053748364
41.85,0.0005646402458472157
41.86,0.000451075485477144
41.87,0.00032043370212438637
41.88,0.0002617805431506493
41.89,0.00016797938532127208
41.9,0.00020126760365680625
41.91,0.0002286814752045632
41.92,0.0003261715445668248
41.93,0.000450367760417222
41.94,0.0005719648601192968
41.95,0.0006288420968737192
41.96,0.0006032041475453088
41.97,0.0005058505825282088
41.98,0.00044561065172479705
41.99,0.00035358541611481324
42.0,0.0004023987029685594
42.01,0.0004503677604174607
42.02,0.000495737701718003
42.03,0.0005039381559638162
42.04,0.00047340659359754644
42.05,0.00043484269189924873
42.06,0.00044058053434183005
42.07,0.00044533764303440884
42.08,0.0005546638693819044
42.09,0.0005976028094478584
42.1,0.0006032041475453088
42.11,0.0005370898699540695
42.12,0.0005392753052088268
42.13,0.0005110698503005783
42.14,0.0005377975950135715
42.15,0.0005801653143649611
42.16,0.0005944324725847289
42.17,0.0005039381559634582
42.18,0.0004128936541035184
42.19,0.00034309046497939846
42.2,0.0003538584248050008
42.21,0.0004072923160062416
42.22,0.0005927091964101146
42.23,0.0007606885817313472
42.24,0.0008855925226414668
42.25,0.0009236378496696644
42.26,0.0008855925226414889
42.27,0.0007606885817313866
42.28,0.0006308910277835316
42.29,0.0004835194744078334
42.3,0.0004023987029685323
42.31,0.0003967973648711051
42.32,0.0004629116424623483
42.33,0.0005752717013275753
42.34,0.0006794313059469893
42.35,0.0007225067503580851
42.36,0.0007226432547032158
42.37,0.000630754523438327
42.38,0.0006085599196630714
42.39,0.0005979284641827153
42.4,0.0006640427417739659
42.41,0.0008577965807688713
42.42,0.001017302503154
42.43,0.0012166576802463286
42.44,0.0013359602830589768
42.45,0.0013658051558413469
42.46,0.0013185227879762994
42.47,0.0011528378995444438
42.48,0.0009944001743189782
42.49,0.0008321586314403614
42.5,0.0006464687423461384
42.51,0.0006085599196631096
42.52,0.0005822142452749544
42.53,0.0005927091964101723
42.54,0.0005857666524627084
42.55,0.00055452736503677
42.56,0.00046780525549999997
42.57,0.0003310651576046845
42.58,0.0002774947620583093
42.59,0.00030504513795125474
42.6,0.00040239870296838196
42.61,0.0005370898699540044
42.62,0.0006637170870390117
42.63,0.0007275368677408675
42.64,0.0006794313059468659
42.65,0.0005702415839445616
42.66,0.0004836559787529948
42.67,0.0004142348599537637
42.68,0.00040729231600633033
42.69,0.00045596909851488784
42.7,0.0005058505825282629
42.71,0.0005164820380086151
42.72,0.0004990445429258989
42.73,0.0004627751381170009
42.74,0.0004072923160061223
42.75,0.00033106515760456516
42.76,0.0002998258701786342
42.77,0.0003205702064693473
42.78,0.00032603504022166326
42.79,0.0003691104846327975
42.8,0.0003915780970984032
42.81,0.0003915780970984427
42.82,0.000445474147379601
42.83,0.0004784893570249009
42.84,0.0005321962569164451
42.85,0.0005595574824198341
42.86,0.0005388131461291334
42.87,0.0004990445429260182
42.88,0.0004022621986233437
42.89,0.00031554008908652673
42.9,0.00024434304806787146
42.91,0.00018541688040379892
42.92,0.00016797938532115274
42.93,0.00012490394091005304
42.94,7.622715840150302e-05
42.95,3.8181831373332244e-05
42.96,0.0
42.97,3.8181831373332244e-05
42.98,7.622715840150302e-05
42.99,0.00016308577228341242
43.0,0.0002442065437227099
43.01,0.0003103208213139407
43.02,0.00037414060201578414
43.03,0.00038654797971554084
43.04,0.00040729231600624907
43.05,0.00040729231600624907
43.06,0.0003865479797155408
43.07,0.0003741406020157842
43.08,0.0003485026526872729
43.09,0.00035861553349757224
43.1,0.0003642168715950226
43.11,0.0003691104846327975
43.12,0.0003915780970984032
43.13,0.00046794175984516144
43.14,0.000559746632809356
43.15,0.0006902519118169594
43.16,0.0008194782450503503
43.17,0.0009636794615631952
43.18,0.0010097887384920138
43.19,0.0009779159702757799
43.2,0.0008957054034518695
43.21,0.0007627375126411067
43.22,0.0006516353640742127
43.23,0.0006466052466912532
43.24,0.0007402699001754268
43.25,0.0008576600764235524
43.26,0.0009135249688592952
43.27,0.0009717434114636967
43.28,0.0009412118490975152
43.29,0.0008526299590407231
43.3,0.000771509187601422
43.31,0.0006689363548117294
43.32,0.0006741029765397928
43.33,0.0006689363548116593
43.34,0.0007333273562279976
43.35,0.0007764028006391239
43.36,0.0008544897395607368
43.37,0.0009181730159173939
43.38,0.0010056028505138722
43.39,0.0010968365027635104
43.4,0.0011805247797825507
43.41,0.0011728745107754215
43.42,0.001119686185553982
43.43,0.0010048951254541542
43.44,0.0008702039584684656
43.45,0.0007228324050927453
43.46,0.0006847870780645705
43.47,0.0007071181861849769
43.48,0.0008370522444780387
43.49,0.000961819681043024
43.5,0.0010485417905798063
43.51,0.001053571907962761
43.52,0.0009461054621353174
43.53,0.0007988704131048036
43.54,0.0006084234153179751
43.55,0.00047862586137008945
43.56,0.0003967973648711051
43.57,0.0003866844840607911
43.58,0.00041218592904410133
43.59,0.0004352247622242142
43.6,0.00041218592904410133
43.61,0.00034850265268743176
43.62,0.00024420654372282925
43.63,0.0002012676036568605
43.64,0.00015245431680311434
43.65,0.00016308577228350113
43.66,0.00016797938532127208
43.67,0.00022359871177729
43.68,0.00024420654372282925
43.69,0.00028798971319361576
43.7,0.0003586155334976916
43.71,0.0004247298110889002
43.72,0.0004608627115525666
43.73,0.00047830020663521276
43.74,0.00042962342412664056
43.75,0.0003310651576046845
43.76,0.00023931293068497702
43.77,0.00019063614817639243
43.78,0.00016308577228341242
43.79,0.00016797938532115274
43.8,0.00018541688040379892
43.81,0.00016797938532115274
43.82,0.00012490394091005304
43.83,0.00011440898977483525
43.84,0.00011440898977483526
43.85,0.00012490394091005304
43.86,0.00016797938532115274
43.87,0.00018541688040379892
43.88,0.00016797938532115274
43.89,0.00016308577228341242
43.9,0.00022881797954972465
43.91,0.0003919037518331988
43.92,0.0005702415839444925
43.93,0.0007711835328665196
43.94,0.0008747719167714141
43.95,0.0008698783037336678
43.96,0.0007382209692657646
43.97,0.0005653479709067906
43.98,0.00039679736487105086
43.99,0.0002617805431506493
44.0,0.00016797938532127208
44.01,0.000163085772283474
44.02,0.00015245431680306019
44.03,0.0002012676036567718
44.04,0.0002442065437227099
44.05,0.0003103208213139407
44.06,0.0003359587706424248
44.07,0.00031032082131398367
44.08,0.0002442065437227751
44.09,0.00016308577228347403
44.1,7.622715840155717e-05
44.11,3.818183137335936e-05
44.12,7.636366274666449e-05
44.13,0.00015245431680300603
44.14,0.00032617154456682484
44.15,0.0004884130874454198
44.16,0.0006206416426278814
44.17,0.0006719175412848496
44.18,0.0006206416426279673
44.19,0.0005265949188188824
44.2,0.0004787623657151698
44.21,0.000467994405889641
44.22,0.0005703780882897121
44.23,0.0006462795919564847
44.24,0.0007067925314502862
44.25,0.0006462795919565278
44.26,0.0004940144255430587
44.27,0.00031554008908658837
44.28,0.00022895448389499465
44.29,0.0001906361481764737
44.3,0.0002498078818202835
44.31,0.0003741406020159035
44.32,0.0004470609192094185
44.33,0.0004990445429260182
44.34,0.000532196256916418
44.35,0.0005390022965186551
44.36,0.0005372263742992854
44.37,0.0005164820380085451
44.38,0.0005440324139015029
44.39,0.000570378088289654
44.4,0.0005702415839444965
44.41,0.0006690728591568208
44.42,0.0007501936305961886
44.43,0.0008043352468570964
44.44,0.0008299731961856027
44.45,0.0008163079081875238
44.46,0.0007120117992229485
44.47,0.0005808730394250568
44.48,0.00048351947440788756
44.49,0.0004142348599537637
44.5,0.00033106515760477316
44.51,0.00040742882035141054
44.52,0.0004903255140099968
44.53,0.0006190548707981499
44.54,0.0007814329180218216
44.55,0.0009861997200728205
44.56,0.0011123615712813099
44.57,0.0011840771869700382
44.58,0.0011796805503774804
44.59,0.0010711459073904472
44.6,0.0008299731961854794
44.61,0.0006258609104005796
44.62,0.0004349791962443831
44.63,0.00027749476205836355
44.64,0.0002011310993116102
44.65,0.0002825248794411766
44.66,0.000337871197206805
44.67,0.0004177872671412588
44.68,0.0004608627115523585
44.69,0.00044706091920910086
44.7,0.0003741406020156377
44.71,0.0002498078818201061
44.72,0.00015245431680300603
44.73,7.636366274666449e-05
44.74,7.636366274671872e-05
44.75,0.00015245431680311434
44.76,0.0002498078818202835
44.77,0.0004123224333892629
44.78,0.0005232880776109756
44.79,0.0006239484838361599
44.8,0.0006619938108643307
44.81,0.0006481920185210287
44.82,0.0005803018187104155
44.83,0.00043522476222408247
44.84,0.00032043370212426705
44.85,0.00023944943503013112
44.86,0.00015245431680306019
44.87,0.00016308577228347403
44.88,0.00016797938532127208
44.89,0.00018541688040393063
44.9,0.00016797938532127208
44.91,0.00012490394091014176
44.92,7.622715840155717e-05
44.93,7.636366274671872e-05
44.94,0.00015259082114822166
44.95,0.0002773582577131478
44.96,0.00041778726714137817
44.97,0.0005213756510462362
44.98,0.0005388131461288699
44.99,0.0004608627115524472
45.0,0.0003642168715950226
45.01,0.0002668633065779226
45.02,0.00020126760365680627
45.03,0.00016797938532127208
45.04,0.00018541688040393063
45.05,0.00016797938532127208
45.06,0.00012490394091014176
45.07,0.00011440898977491653
45.08,0.00011440898977491652
45.09,0.00012490394091014176
45.1,0.00020616121669463146
45.11,0.00029982587017884715
45.12,0.00036911048463297104
45.13,0.00045596909851491495
45.14,0.0005058505825283171
45.15,0.0005164820380087039
45.16,0.0004608627115526859
45.17,0.0003865479797156296
45.18,0.00032057020646954795
45.19,0.00031567659343172274
45.2,0.000353585416114705
45.21,0.0004559690985147375
45.22,0.0005595574824195684
45.23,0.000615040304530373
45.24,0.0005857666524625002
45.25,0.0005321962569161754
45.26,0.0004522801869817215
45.27,0.000369246988977959
45.28,0.00029288332623132507
45.29,0.0002998258701787659
45.3,0.00028238837509610734
45.31,0.0002498078818201948
45.32,0.0002442065437227099
45.33,0.0002617805431504905
45.34,0.0002823883750960151
45.35,0.00032603504022166326
45.36,0.0003691104846327975
45.37,0.0003915780970984032
45.38,0.0003915780970984427
45.39,0.0004072923160062416
45.4,0.0004022621986233437
45.41,0.0004072923160063032
45.42,0.0004297599284719214
45.43,0.0004678052555001193
45.44,0.0004940144255431128
45.45,0.0004940144255431129
45.46,0.0004678052555001193
45.47,0.00039157809709856206
45.48,0.0002928833262314138
45.49,0.00020113109931169893
45.5,0.00011440898977491652
45.51,3.818183137335936e-05
45.52,0.0001145454941200781
45.53,0.00022868147520467149
45.54,0.00041289365410375755
45.55,0.0006183471457386786
45.56,0.0007955635718967615
45.57,0.0008730486405966678
45.58,0.0008911938607389703
45.59,0.0008644661160258893
45.6,0.000793976800066944
45.61,0.0007001756422375707
45.62,0.0006689363548116593
45.63,0.0005927091964101418
45.64,0.000537226374299316
45.65,0.0005391388008637971
45.66,0.0005597466328093093
45.67,0.0005808730394248792
45.68,0.0005976028094477932
45.69,0.0006533586402488938
45.7,0.0006133170283554532
45.71,0.0005758429220417693
45.72,0.0005647767501920032
45.73,0.0005234245819557654
45.74,0.00046086271155235846
45.75,0.0004559690985146182
45.76,0.00045228018698169434
45.77,0.00048365597875282135
45.78,0.0004940144255429353
45.79,0.0005927091964100605
45.8,0.000712148303567897
45.81,0.0007556584643483926
45.82,0.0007868977517743185
45.83,0.0007988704131046794
45.84,0.0007676311256787657
45.85,0.0007001756422375668
45.86,0.0006571001978264403
45.87,0.0006202595723030747
45.88,0.0005928457007553032
45.89,0.0005370898699541543
45.9,0.0005114519206257173
45.91,0.0004885495917907929
45.92,0.00042472981108898893
45.93,0.00036911048463297104
45.94,0.00033106515760477316
45.95,0.00029982587017884715
45.96,0.0002823883750961886
45.97,0.00028798971319361576
45.98,0.00032043370212433227
45.99,0.000348502652687343
46.0,0.00033595877064242484
46.01,0.0003103208213139407
46.02,0.0002442065437227099
46.03,0.00016308577228341242
46.04,7.622715840150302e-05
46.05,0.00011454549412005098
46.06,0.00015245431680311434
46.07,0.00028798971319364287
46.08,0.00041218592904410133
46.09,0.000495737701718003
46.1,0.0005039381559638162
46.11,0.0004352247622242142
46.12,0.00032043370212438637
46.13,0.00023944943503021986
46.14,0.00019063614817647372
46.15,0.00023931293068505828
46.16,0.0002928833262314138
46.17,0.0003533962657252027
46.18,0.00035339626572520276
46.19,0.0002928833262314138
46.2,0.00020113109931169893
46.21,0.00011440898977491652
46.22,0.00011454549412002385
46.23,0.00015245431680300603
46.24,0.0002498078818201061
46.25,0.0003359587706423055
46.26,0.00037083376080759785
46.27,0.0003359587706423055
46.28,0.00028798971319346544
46.29,0.00026686330657789544
46.3,0.0003156765934316686
46.31,0.0003691104846328823
46.32,0.0004783002066352251
46.33,0.0005595574824196753
46.34,0.0005545273650367282
46.35,0.000570378088289654
46.36,0.0005597466328092712
46.37,0.0005496337519989719
46.38,0.0006184836500837749
46.39,0.000686373849894388
46.4,0.0007764028006392201
46.41,0.0008632614145211641
46.42,0.0008923985622438579
46.43,0.0008906226400244879
46.44,0.0007711835328666265
46.45,0.0006307545234383395
46.46,0.00048365597875296034
46.47,0.0003155400890865613
46.48,0.00023931293068503117
46.49,0.00020616121669463143
46.5,0.00018541688040393063
46.51,0.00016797938532127208
46.52,0.00012490394091014176
46.53,7.622715840155717e-05
46.54,7.63636627466916e-05
46.55,0.00011440898977486238
46.56,0.0002011310993116102
46.57,0.0002928833262312945
46.58,0.0003915780970984032
46.59,0.00046780525549994576
46.6,0.0004940144255429353
46.61,0.0004940144255429394
46.62,0.00046780525549996045
46.63,0.00039157809709844274
46.64,0.00029288332623132507
46.65,0.00020113109931164477
46.66,0.00015259082114824876
46.67,0.0001525908211482759
46.68,0.0002011310993116989
46.69,0.00033106515760474606
46.7,0.00046780525550006507
46.71,0.0005545273650368129
46.72,0.0005857666524627084
46.73,0.0005927091964101293
46.74,0.0005440324139015571
46.75,0.00045596909851482626
46.76,0.00040729231600624907
46.77,0.0004142348599536824
46.78,0.00044547414737960094
46.79,0.0004940144255429935
46.8,0.00055452736503677
46.81,0.0005977393137930742
46.82,0.0005927091964101723
46.83,0.000608423415317948
46.84,0.0006466052466913074
46.85,0.0006689363548117294
46.86,0.0006844614233298566
46.87,0.0006462795919564847
46.88,0.0005545273650367823
46.89,0.00048365597875296034
46.9,0.0003917672474881185
46.91,0.00036421687159517293
46.92,0.00041232243338926286
46.93,0.0004470609192094185
46.94,0.0004608627115526859
46.95,0.0004177872671415556
46.96,0.00033787119720704497
46.97,0.00024434304806799083
46.98,0.00016308577228350113
46.99,0.00019063614817647372
47.0,0.00023931293068505828
47.01,0.0002928833262314138
47.02,0.000391578097098562
47.03,0.0004678052555001193
47.04,0.0004940144255431128
47.05,0.0004940144255431129
47.06,0.0004678052555001193
47.07,0.0004297599284719214
47.08,0.00036911048463297104
47.09,0.0003260350402218407
47.1,0.0002823883750961886
47.11,0.00022359871177729
47.12,0.00020616121669460432
47.13,0.00020113109931164477
47.14,0.0002011310993116102
47.15,0.00024434304806784436
47.16,0.0002998258701786613
47.17,0.0004072923160061223
47.18,0.0004940144255429047
47.19,0.0005545273650367159
47.2,0.0005595574824196877
47.21,0.0005164820380086151
47.22,0.0004835194744078063
47.23,0.00044044402999667595
47.24,0.0004072923160062416
47.25,0.00039157809709844274
47.26,0.00035339626572507103
47.27,0.00036924698897801325
47.28,0.00039176724748808385
47.29,0.0005168076927433676
47.3,0.0006514988597290242
47.31,0.0007886210279492394
47.32,0.0008573344216887803
47.33,0.0007886210279491535
47.34,0.0006133170283555617
47.35,0.0004405805343417413
47.36,0.0002668633065779226
47.37,0.00020126760365680627
47.38,0.00024434304806799083
47.39,0.0003760530285804043
47.4,0.0004940144255431128
47.41,0.000623948483836187
47.42,0.0007676311256789663
47.43,0.0008369157401330903
47.44,0.0008355745342831112
47.45,0.0007987339087597309
47.46,0.0006914039672774093
47.47,0.0004990445429260453
47.48,0.0003260350402218407
47.49,0.0001906361481764737
47.5,7.636366274671872e-05
47.51,0.0
47.52,0.0
47.53,0.0
47.54,0.0
47.55,0.0
47.56,0.0
47.57,0.0
47.58,0.0
47.59,3.818183137335936e-05
47.6,7.622715840155717e-05
47.61,0.00012490394091014176
47.62,0.00020616121669460432
47.63,0.000299825870178793
47.64,0.0003691104846328823
47.65,0.0004177872671414363
47.66,0.0004296234241266282
47.67,0.00039157809709844274
47.68,0.00029288332623132507
47.69,0.00020113109931164477
47.7,0.00015259082114824876
47.71,0.00019077265252163527
47.72,0.0003155400890865883
47.73,0.0004940144255430587
47.74,0.0006844614233298871
47.75,0.0008212015212252026
47.76,0.0008474106912681837
47.77,0.0008250795831477667
47.78,0.0007451635132132866
47.79,0.0007072546905302306
47.8,0.0006514988597290242
47.81,0.000674537692909095
47.82,0.0007327561355134105
47.83,0.0007732324637761301
47.84,0.0008194782450501388
47.85,0.0008425170782302784
47.86,0.0007987339087595032
47.87,0.0007226432547031492
47.88,0.0005927091964101417
47.89,0.0005217013057811582
47.9,0.00047862586137003535
47.91,0.0004835194744078063
47.92,0.0005546638693819744
47.93,0.0005976028094479126
47.94,0.0006032041475453546
47.95,0.0005370898699541237
47.96,0.0004247298110889002
47.97,0.00028238837509613444
47.98,0.00027763126640355213
47.99,0.00034309046497958803
48.0,0.0005273026438787012
48.01,0.0007432510866488474
48.02,0.0009253611258447088
48.03,0.0010586020253457906
48.04,0.0010867236219532274
48.05,0.00107119855343503
48.06,0.0010589276800804437
48.07,0.0009792571761256825
48.08,0.0009668497984259514
48.09,0.0008855925226414743
48.1,0.0007938402957217825
48.11,0.0006896806911023455
48.12,0.0005496337519989719
48.13,0.00045036776041734136
48.14,0.0004248663154340618
48.15,0.00039666086052588944
48.16,0.00041289365410375755
48.17,0.0004885495917908199
48.18,0.000561469908984335
48.19,0.0005857666524628276
48.2,0.0005857666524628276
48.21,0.0005232880776109756
48.22,0.00041232243338926286
48.23,0.0002498078818202835
48.24,0.00015245431680311434
48.25,0.0001145454941200781
48.26,0.0001144089897748894
48.27,0.00023931293068500415
48.28,0.0004072923160062416
48.29,0.0005545273650367823
48.3,0.0006462795919564847
48.31,0.0007608250860765754
48.32,0.0007832088402414843
48.33,0.0007820041387367015
48.34,0.0007432510866488475
48.35,0.0007088414623600679
48.36,0.0006183471457387327
48.37,0.0004996157636405671
48.38,0.0004348426918993029
48.39,0.00037618953292556595
48.4,0.00040742882035141054
48.41,0.0005215648014359228
48.42,0.0006363558615356469
48.43,0.0007864630354048084
48.44,0.0008717907302979851
48.45,0.0009825640173335207
48.46,0.0010643925138325895
48.47,0.0010935296615553639
48.48,0.001134965688092385
48.49,0.0010328275716721268
48.5,0.0009236378496697838
48.51,0.0007383574736110494
48.52,0.0005391388008638783
48.53,0.0003967973648711051
48.54,0.0002879897131936429
48.55,0.00024420654372282925
48.56,0.0002617805431506493
48.57,0.00024420654372282925
48.58,0.00036435337594028025
48.59,0.0005110698503006976
48.6,0.0006745376929090062
48.61,0.0008350033135682313
48.62,0.0009253611258443677
48.63,0.0009668497984258064
48.64,0.0009394885729225363
48.65,0.0008650373367404221
48.66,0.0008196147493955118
48.67,0.0007018989184126345
48.68,0.0005976028094480319
48.69,0.0005323327612615795
48.7,0.00042981257451626216
48.71,0.00040239870296838196
48.72,0.00041232243338899707
48.73,0.0004470609192091009
48.74,0.00046086271155235846
48.75,0.00041778726714125885
48.76,0.00033787119720680493
48.77,0.00024434304806781725
48.78,0.00016308577228341242
48.79,0.00019063614817639243
48.8,0.00023931293068497704
48.81,0.0003310651576046844
48.82,0.0005059870868733593
48.83,0.000630754523438327
48.84,0.0007106705933728501
48.85,0.000722506750358085
48.86,0.0006532221359039958
48.87,0.0004990445429260182
48.88,0.0003260350402218407
48.89,0.00022881797954983304
48.9,0.0001525908211482759
48.91,0.0002012676036568605
48.92,0.00032043370212438637
48.93,0.0005115884249709329
48.94,0.0006563924727669306
48.95,0.000783727414911646
48.96,0.0008243718580882026
48.97,0.0008219092462849782
48.98,0.000770801462541793
48.99,0.0007890831870292619
49.0,0.0008039531765321546
49.01,0.0008806989096037721
49.02,0.0008904861356793265
49.03,0.0008698783037338179
49.04,0.0007225067503581195
49.05,0.0005703780882898043
49.06,0.00039176724748817265
49.07,0.0002774947620584177
49.08,0.0002825248794412959
49.09,0.000376053028580296
49.1,0.0004940144255429354
49.11,0.000585766652462589
49.12,0.0006150403045304271
49.13,0.0005595574824195955
49.14,0.00041778726714137817
49.15,0.0002773582577131478
49.16,0.00019077265252158103
49.17,0.00011440898977491652
49.18,0.00016308577228350113
49.19,0.00024420654372282925
49.2,0.00034850265268743176
49.21,0.00041218592904410133
49.22,0.00047340659359754644
49.23,0.000564776750192323
49.24,0.0006258609104005992
49.25,0.0006619938108642655
49.26,0.0007226432547031763
49.27,0.0007294492943054335
49.28,0.0007001756422375668
49.29,0.000618918366453081
49.3,0.0005440324139015175
49.31,0.0005061235912185208
49.32,0.00048351947440779876
49.33,0.0005271661395334855
49.34,0.0005752717013275753
49.35,0.0005769949775024926
49.36,0.0005213756510464748
49.37,0.0004177872671415556
49.38,0.00027735825771325613
49.39,0.0001525908211482759
49.4,0.00011454549412002385
49.41,0.00015245431680300603
49.42,0.00028798971319346544
49.43,0.000450367760417222
49.44,0.000610146691492629
49.45,0.0007050692552752223
49.46,0.000728108088455362
49.47,0.0007120117992226937
49.48,0.0006308910277833803
49.49,0.0004940144255429048
49.5,0.0004072923160061223
49.51,0.0002998258701786613
49.52,0.00024434304806784436
49.53,0.00023931293068496956
49.54,0.00027735825771320197
49.55,0.00033106515760474606
49.56,0.000391578097098562
49.57,0.00042962342412675993
49.58,0.0004177872671415556
49.59,0.00036911048463297104
49.6,0.00037618953292556595
49.61,0.0003586155334977457
49.62,0.0003747118227304253
49.63,0.0004121859290441013
49.64,0.0004090155921812206
49.65,0.00033595877064254416
49.66,0.0002498078818202835
49.67,0.00015245431680311434
49.68,0.0001145454941200781
49.69,7.622715840155717e-05
49.7,0.0002012676036568605
49.71,0.00032043370212438637
49.72,0.00047340659359754644
49.73,0.0005801653143653193
49.74,0.0006588234740014155
49.75,0.0006945743041401704
49.76,0.000712719524282473
49.77,0.0007277260181305432
49.78,0.0007557949686935846
49.79,0.0007606885817313325
49.8,0.00076068858173132
49.81,0.0006794313059468353
49.82,0.0005752717013273943
49.83,0.0004629116424621353
49.84,0.0003967973648709045
49.85,0.00040239870296838196
49.86,0.0004453376430343547
49.87,0.0005928457007552095
49.88,0.0006738299678493614
49.89,0.0007662899198287211
49.9,0.0008194782450501117
49.91,0.0008112777908042737
49.92,0.0007814329180219065
49.93,0.0007176131373201059
49.94,0.0006307545234382187
49.95,0.0005372263742992311
49.96,0.00038654797971554084
49.97,0.00028238837509613444
49.98,0.00016308577228347403
49.99,7.622715840155717e-05
50.0,3.818183137335936e-05
50.01,0.0
50.02,0.0
50.03,0.0
50.04,0.0
50.05,3.818183137335936e-05
50.06,7.622715840155717e-05
50.07,0.0002012676036568605
50.08,0.00032043370212438637
50.09,0.0004352247622242142
50.1,0.0005039381559638162
50.11,0.000495737701718003
50.12,0.0004121859290441013
50.13,0.0002879897131936429
50.14,0.00015245431680311434
50.15,7.636366274671872e-05
50.16,0.0
50.17,0.0
50.18,0.0
50.19,0.0
50.2,7.636366274671872e-05
50.21,0.00015245431680311434
50.22,0.00028798971319361576
50.23,0.0004121859290440472
50.24,0.0004957377017179142
50.25,0.0005039381559636968
50.26,0.00043522476222408247
50.27,0.0003586155334976264
50.28,0.00027749476205832897
50.29,0.00020113109931164477
50.3,0.00020616121669460432
50.31,0.0002617805431506493
50.32,0.0003586155334977457
50.33,0.0004891208125053148
50.34,0.0006514988597291054
50.35,0.0007781260768141028
50.36,0.0008524408086511286
50.37,0.0008474106912681837
50.38,0.0007556584643484813
50.39,0.0006516353640742324
50.4,0.000500956969490492
50.41,0.0004072923160063032
50.42,0.00033106515760477316
50.43,0.0002616440388054878
50.44,0.00020616121669463143
50.45,0.00012490394091014176
50.46,7.622715840155717e-05
50.47,3.818183137335936e-05
50.48,0.0
50.49,0.0
50.5,0.0
50.51,3.8181831373332244e-05
50.52,0.00011440898977486238
50.53,0.0002011310993116102
50.54,0.0002928833262312945
50.55,0.00035339626572507103
50.56,0.00046794175984516144
50.57,0.000559746632809356
50.58,0.0006902519118169594
50.59,0.0008576600764237097
50.6,0.001001724788591393
50.61,0.001096647352373958
50.62,0.0010972185730884674
50.63,0.0009998650080713105
50.64,0.0008370522444781631
50.65,0.0005927091964102069
50.66,0.0004072923160063032
50.67,0.00023931293068505828
50.68,0.00011440898977491652
50.69,7.63636627466916e-05
50.7,7.622715840150302e-05
50.71,0.00012490394091005304
50.72,0.00020616121669448495
50.73,0.00026164403880530197
50.74,0.00029288332623120575
50.75,0.00029288332623120575
50.76,0.00033800770155196645
50.77,0.000358615533497491
50.78,0.0004128936541035184
50.79,0.0004884130874453657
50.8,0.0005339195330910718
50.81,0.0005039381559635774
50.82,0.0004734065935973961
50.83,0.0003966608605258353
50.84,0.0003643533759403074
50.85,0.0003204337021243864
50.86,0.0003866844840607911
50.87,0.00041218592904410133
50.88,0.0004352247622242142
50.89,0.00041218592904410133
50.9,0.00034850265268743176
50.91,0.00024420654372282925
50.92,0.00016308577228350113
50.93,7.622715840155717e-05
50.94,3.818183137335936e-05
50.95,0.0
50.96,0.0
50.97,0.0
50.98,0.0
50.99,0.0
51.0,0.0
51.01,3.8181831373332244e-05
51.02,0.00011440898977486238
51.03,0.0002011310993116102
51.04,0.0002928833262312945
51.05,0.00035339626572507103
51.06,0.0003533962657250834
51.07,0.00029288332623132507
51.08,0.00020113109931164477
51.09,0.0001144089897748894
51.1,7.636366274671872e-05
51.11,7.622715840155717e-05
51.12,0.000163085772283474
51.13,0.00028238837509613444
51.14,0.0004629116424622596
51.15,0.0006133170283556809
51.16,0.0007281080884554964
51.17,0.0007655821947691847
51.18,0.0007018989184125458
51.19,0.0005370898699541889
51.2,0.00036421687159517293
51.21,0.00022881797954983304
51.22,0.0001525908211482759
51.23,0.00012490394091014176
51.24,0.00016797938532127208
51.25,0.00018541688040393063
51.26,0.00016797938532127208
51.27,0.00012490394091014176
51.28,7.622715840155717e-05
51.29,3.818183137335936e-05
51.3,0.0
51.31,0.0
51.32,0.0
51.33,0.0
51.34,0.0
51.35,0.0
51.36,0.0
51.37,3.8181831373332244e-05
51.38,0.00011440898977486238
51.39,0.00023931293068496956
51.4,0.0004072923160061839
51.41,0.0005545273650367158
51.42,0.0007226432547031271
51.43,0.0007987339087595229
51.44,0.0008043352468569992
51.45,0.0007432510866487281
51.46,0.0006483285228661902
51.47,0.0005265949188189636
51.48,0.0004892573168504762
51.49,0.0005110698503008601
51.5,0.0005878155833724901
51.51,0.000628842096873958
51.52,0.0007018989184126345
51.53,0.000673829967849589
51.54,0.0006190548707983891
51.55,0.0005215648014360312
51.56,0.0005010934738356189
51.57,0.0004885495917907007
51.58,0.0005496337519989719
51.59,0.0006133170283556268
51.6,0.0006413859789186682
51.61,0.0005976028094478585
51.62,0.0005546638693818772
51.63,0.00044533764303435474
51.64,0.0003642168715950226
51.65,0.00032057020646934737
51.66,0.0002998258701786342
51.67,0.00029288332623120575
51.68,0.00029288332623120575
51.69,0.00026164403880530197
51.7,0.00020616121669448495
51.71,0.00012490394091005304
51.72,7.622715840150302e-05
51.73,3.8181831373332244e-05
51.74,0.0
51.75,3.818183137335936e-05
51.76,0.0001144089897748894
51.77,0.00020113109931164477
51.78,0.0003310651576046844
51.79,0.0004678052554999728
51.8,0.0005545273650367158
51.81,0.0005857666524626196
51.82,0.000592709196410053
51.83,0.0005440324139014905
51.84,0.0004941509298881279
51.85,0.00044533764303443947
51.86,0.0004247298110889348
51.87,0.00041232243338920865
51.88,0.00038654797971557543
51.89,0.0003691104846328823
51.9,0.0003692469889779861
51.91,0.00033787119720685914
51.92,0.0003310651576045651
51.93,0.0003310651576045651
51.94,0.00033787119720685914
51.95,0.00033106515760462674
51.96,0.00029288332623132507
51.97,0.0002998258701787659
51.98,0.0003205702064694667
51.99,0.0004023987029684707
52.0,0.0005979284641826847
52.01,0.0007938402957218283
52.02,0.0010155265809346297
52.03,0.0011521301744848447
52.04,0.001195913343955666
52.05,0.0011123615712817642
52.06,0.0009361817317146716
52.07,0.0007327561355135299
52.08,0.0005115884249708012
52.09,0.0003586155334976264
52.1,0.00031567659343168826
52.11,0.0003155400890865613
52.12,0.0004072923160063032
52.13,0.00047830020663534444
52.14,0.0005595574824198341
52.15,0.000592709196410234
52.16,0.0005702415839446158
52.17,0.0005321962569163834
52.18,0.00046780525549999997
52.19,0.0003915780970984303
52.2,0.0002928833262312945
52.21,0.0002011310993116102
52.22,0.00011440898977486238
52.23,7.63636627466916e-05
52.24,7.622715840155717e-05
52.25,0.00012490394091014176
52.26,0.00016797938532127208
52.27,0.00018541688040393063
52.28,0.00016797938532127208
52.29,0.000163085772283474
52.3,0.00015245431680306019
52.31,0.00016308577228341242
52.32,0.00016797938532115274
52.33,0.00022359871177713117
52.34,0.0002442065437226557
52.35,0.00028798971319346544
52.36,0.0003204337021242129
52.37,0.0003485026526872729
52.38,0.0003359587706424248
52.39,0.00031032082131398367
52.4,0.0002442065437227751
52.41,0.00016308577228347403
52.42,7.622715840155717e-05
52.43,3.818183137335936e-05
52.44,0.0
52.45,0.0
52.46,0.0
52.47,3.8181831373332244e-05
52.48,0.00011440898977486238
52.49,0.00023931293068496956
52.5,0.0003691104846328517
52.51,0.00047830020663521276
52.52,0.0005213756510463554
52.53,0.0005546638693819744
52.54,0.0005597466328093635
52.55,0.0005653479709068177
52.56,0.0005752717013275137
52.57,0.0005769949775023734
52.58,0.0005595574824196753
52.59,0.0004940144255429393
52.6,0.0004404440299965797
52.61,0.00039679736487093165
52.62,0.0003485026526872729
52.63,0.0003359587706424248
52.64,0.00031032082131398367
52.65,0.0002442065437227751
52.66,0.00016308577228347403
52.67,7.622715840155717e-05
52.68,3.818183137335936e-05
52.69,0.0
52.7,0.0
52.71,0.0
52.72,3.8181831373332244e-05
52.73,7.622715840150302e-05
52.74,0.00012490394091005304
52.75,0.00020616121669451209
52.76,0.0002616440388053561
52.77,0.0002928833262312945
52.78,0.00029288332623132507
52.79,0.00026164403880543364
52.8,0.0002443430480679637
52.81,0.0002011310993116989
52.82,0.00020113109931169893
52.83,0.00020616121669463143
52.84,0.00022359871177729
52.85,0.00024420654372282925
52.86,0.0002498078818202835
52.87,0.0002823883750961615
52.88,0.00029982587017879305
52.89,0.0003310651576046844
52.9,0.0003691104846328517
52.91,0.0004247298110888572
52.92,0.00045036776041734136
52.93,0.00043522476222412546
52.94,0.0004503677604173794
52.95,0.00042472981108890767
52.96,0.0003691104846328823
52.97,0.00033106515760465384
52.98,0.00029982587017871547
52.99,0.0002823883750960693
53.0,0.00024980788182019483
53.01,0.00028238837509610734
53.02,0.0002998258701787659
53.03,0.00029288332623132507
53.04,0.0002928833262312945
53.05,0.00029982587017871547
53.06,0.0002823883750960693
53.07,0.00024980788182019483
53.08,0.0002442065437227751
53.09,0.0002617805431506222
53.1,0.00024420654372282925
53.11,0.0002498078818202835
53.12,0.00024420654372282925
53.13,0.00022359871177729
53.14,0.00016797938532127208
53.15,0.000163085772283474
53.16,0.00015245431680306019
53.17,0.00016308577228341242
53.18,0.00020616121669451209
53.19,0.0002616440388053561
53.2,0.0002928833262312945
53.21,0.00029288332623132507
53.22,0.00026164403880543364
53.23,0.0002443430480679637
53.24,0.0002011310993116989
53.25,0.00020113109931169893
53.26,0.0002443430480679637
53.27,0.00026164403880543364
53.28,0.00029288332623132507
53.29,0.0002928833262312945
53.3,0.0003380077015520749
53.31,0.0003586155334976264
53.32,0.0003747118227303366
53.33,0.0004121859290440471
53.34,0.00044719742355455285
53.35,0.00041218592904410133
53.36,0.0003747118227304253
53.37,0.00032043370212438637
53.38,0.0002617805431506493
53.39,0.00016797938532127208
53.4,0.00012490394091014176
53.41,7.622715840155717e-05
53.42,3.818183137335936e-05
53.43,3.818183137335936e-05
53.44,7.622715840155717e-05
53.45,0.00012490394091014176
53.46,0.00016797938532127208
53.47,0.00018541688040393063
53.48,0.00020616121669463146
53.49,0.0002011310993116989
53.5,0.00020113109931169893
53.51,0.00020616121669463143
53.52,0.00018541688040393063
53.53,0.00016797938532127208
53.54,0.000163085772283474
53.55,0.00015245431680306019
53.56,0.00016308577228341242
53.57,0.00020616121669451209
53.58,0.0002616440388053561
53.59,0.00033106515760465384
53.6,0.000445474147379601
53.61,0.0005771841278920491
53.62,0.000700175642237717
53.63,0.0007711835328667583
53.64,0.0007830196898519626
53.65,0.0006844614233299758
53.66,0.0004940144255431128
53.67,0.0003155400890866155
53.68,0.00019077265252163527
53.69,0.00011440898977491652
53.7,0.00012490394091014176
53.71,0.00020616121669463146
53.72,0.0002616440388054878
53.73,0.00033106515760477316
53.74,0.00036911048463297104
53.75,0.0004247298110889889
53.76,0.0004503677604174607
53.77,0.00047340659359757355
53.78,0.0004884130874456585
53.79,0.00047340659359757355
53.8,0.00041218592904410133
53.81,0.00034850265268743176
53.82,0.000320570206469548
53.83,0.0003155400890866155
53.84,0.00036421687159520004
53.85,0.00048854959179082
53.86,0.0005719648601195602
53.87,0.000628842096873958
53.88,0.0006032041475454862
53.89,0.0005440324139016763
53.9,0.00044547414737968973
53.91,0.0003260350402218407
53.92,0.00032057020646954795
53.93,0.00033800770155220655
53.94,0.00036911048463297104
53.95,0.0004177872671415556
53.96,0.0004296234241267599
53.97,0.0004297599284718943
53.98,0.0003691104846329169
53.99,0.00032603504022175195
54.0,0.0002823883750960693
54.01,0.00022359871177715827
54.02,0.00020616121669451209
54.03,0.0002011310993116102
54.04,0.00020113109931164477
54.05,0.00020616121669460432
54.06,0.00018541688040393063
54.07,0.00016797938532127208
54.08,0.00012490394091014176
54.09,7.622715840155717e-05
54.1,3.818183137335936e-05
54.11,0.0
54.12,3.8181831373332244e-05
54.13,7.622715840150302e-05
54.14,0.00012490394091005304
54.15,0.00016797938532115274
54.16,0.00018541688040379892
54.17,0.00020616121669451209
54.18,0.0002011310993116102
54.19,0.00020113109931164477
54.2,0.00020616121669460432
54.21,0.00018541688040393063
54.22,0.00016797938532127208
54.23,0.0002012676036568605
54.24,0.00026686330657803086
54.25,0.0003642168715952001
54.26,0.0004608627115526859
54.27,0.0005388131461291333
54.28,0.0005977393137931935
54.29,0.0005702415839446699
54.3,0.0005271661395335397
54.31,0.00048854959179082
54.32,0.00044719742355457995
54.33,0.00041218592904410133
54.34,0.0003747118227304253
54.35,0.00032043370212438637
54.36,0.0003381442058973681
54.37,0.0003586155334977186
54.38,0.0004509389811319283
54.39,0.0005370898699541543
54.4,0.0005769949775023734
54.41,0.0005213756510463431
54.42,0.0004177872671414363
54.43,0.0002773582577131674
54.44,0.00015259082114822174
54.45,0.00015272732549341034
54.46,0.00022868147520467149
54.47,0.00037471182273042536
54.48,0.0005039381559638162
54.49,0.000556250641211792
54.5,0.0005039381559638162
54.51,0.00041289365410375755
54.52,0.00030490863360617453
54.53,0.00023944943503013112
54.54,0.00020616121669448495
54.55,0.00026164403880530197
54.56,0.00029288332623120575
54.57,0.00029288332623120575
54.58,0.0002998258701786342
54.59,0.00028238837509598797
54.6,0.0002498078818201061
54.61,0.0002442065437226557
54.62,0.00022359871177713117
54.63,0.00016797938532115274
54.64,0.00012490394091005304
54.65,7.622715840150302e-05
54.66,3.8181831373332244e-05
54.67,0.0
54.68,0.0
54.69,0.0
54.7,0.0
54.71,0.0
54.72,0.0
54.73,0.0
54.74,3.818183137335936e-05
54.75,7.622715840155717e-05
54.76,0.00012490394091014176
54.77,0.00016797938532127208
54.78,0.00018541688040393063
54.79,0.00016797938532127208
54.8,0.00012490394091014176
54.81,7.622715840155717e-05
54.82,7.636366274671872e-05
54.83,7.622715840155717e-05
54.84,0.00012490394091014176
54.85,0.00016797938532127208
54.86,0.00018541688040393063
54.87,0.00016797938532127208
54.88,0.00012490394091014176
54.89,7.622715840155717e-05
54.9,3.818183137335936e-05
54.91,0.0
54.92,0.0
54.93,0.0
54.94,0.0
54.95,3.818183137335936e-05
54.96,7.622715840155717e-05
54.97,0.00012490394091014176
54.98,0.00016797938532127208
54.99,0.00022359871177729
55.0,0.00024420654372282925
55.01,0.0002498078818202835
55.02,0.0002823883750961886
55.03,0.0002998258701788472
55.04,0.0002928833262314138
55.05,0.00033106515760477316
55.06,0.00033787119720704497
55.07,0.00033106515760477316
55.08,0.0002928833262314138
55.09,0.0002616440388054878
55.1,0.00020616121669463143
55.11,0.00012490394091014176
55.12,0.0001144089897748894
55.13,0.00015259082114822174
55.14,0.00023931293068496956
55.15,0.0003691104846328517
55.16,0.00047830020663521276
55.17,0.0005213756510463554
55.18,0.00047830020663525575
55.19,0.0003691104846329169
55.2,0.00023931293068503117
55.21,0.0001525908211482759
55.22,0.00011440898977491652
55.23,0.00012490394091014176
55.24,0.00020616121669463146
55.25,0.0002616440388054878
55.26,0.0002928833262314138
55.27,0.0002928833262314138
55.28,0.00033800770155220655
55.29,0.0003586155334977457
55.3,0.0003747118227304253
55.31,0.0004503677604174606
55.32,0.00048524275058277783
55.33,0.0004990445429260182
55.34,0.0004940144255430587
55.35,0.000462775138117098
55.36,0.00041232243338914354
55.37,0.0003103208213139407
55.38,0.0002442065437227099
55.39,0.00016308577228341242
55.4,7.622715840150302e-05
55.41,3.8181831373332244e-05
55.42,7.636366274671872e-05
55.43,0.00015245431680311434
55.44,0.0002498078818202835
55.45,0.00033595877064254416
55.46,0.0004090155921812206
55.47,0.00041218592904410133
55.48,0.0003747118227304253
55.49,0.00032043370212438637
55.5,0.0002617805431506493
55.51,0.00016797938532127208
55.52,0.00016308577228350113
55.53,0.00015245431680311434
55.54,0.00016308577228350113
55.55,0.00016797938532127208
55.56,0.00022359871177729
55.57,0.00024420654372282925
55.58,0.000326171544566948
55.59,0.00039666086052583534
55.6,0.0004734065935973961
55.61,0.0005039381559635776
55.62,0.0004957377017177396
55.63,0.00041218592904386265
55.64,0.00028798971319346544
55.65,0.00015245431680300603
55.66,0.00011454549412002386
55.67,7.622715840155717e-05
55.68,0.00012490394091014176
55.69,0.00016797938532127208
55.7,0.00018541688040393063
55.71,0.00024434304806799083
55.72,0.0002773582577132561
55.73,0.0003260350402218407
55.74,0.0003741406020159035
55.75,0.0004090155921812206
55.76,0.0004503677604174336
55.77,0.0004891208125052877
55.78,0.0005215648014359965
55.79,0.0005546638693819439
55.8,0.0005595574824197024
55.81,0.0005545273650367823
55.82,0.0004940144255430241
55.83,0.0004072923160062762
55.84,0.0003761895329255388
55.85,0.0003586155334977457
55.86,0.0003747118227304253
55.87,0.0004121859290441013
55.88,0.0004090155921812206
55.89,0.00033595877064254416
55.9,0.00028798971319361576
55.91,0.00022868147520461736
55.92,0.00020126760365677177
55.93,0.00016797938532115274
55.94,0.00022359871177713117
55.95,0.0002442065437226557
55.96,0.0002498078818201061
55.97,0.0002442065437226557
55.98,0.00022359871177713117
55.99,0.00016797938532115274
56.0,0.00012490394091005304
56.01,7.622715840150302e-05
56.02,3.8181831373332244e-05
56.03,0.0
56.04,3.8181831373332244e-05
56.05,7.622715840150302e-05
56.06,0.00012490394091005304
56.07,0.00016797938532115274
56.08,0.00018541688040379892
56.09,0.00016797938532115274
56.1,0.00016308577228341242
56.11,0.00015245431680306019
56.12,0.00016308577228347403
56.13,0.00016797938532127208
56.14,0.00022359871177729
56.15,0.00024420654372282925
56.16,0.0002498078818202835
56.17,0.0002823883750961886
56.18,0.00033800770155220655
56.19,0.00036911048463297104
56.2,0.0004177872671415556
56.21,0.0004296234241267599
56.22,0.0004297599284718943
56.23,0.0003691104846329169
56.24,0.00032603504022175195
56.25,0.0002823883750960693
56.26,0.0002617805431504905
56.27,0.0002442065437226557
56.28,0.0002498078818201061
56.29,0.0002442065437226557
56.3,0.0002617805431504905
56.31,0.0002442065437227099
56.32,0.00024980788182019483
56.33,0.0002442065437227751
56.34,0.00022359871177726287
56.35,0.00016797938532127208
56.36,0.00012490394091014176
56.37,0.0001144089897748894
56.38,0.00011440898977486238
56.39,0.00016308577228341242
56.4,0.0002442065437227099
56.41,0.00034850265268730003
56.42,0.00041218592904398196
56.43,0.00043522476222412546
56.44,0.0004503677604173794
56.45,0.00042472981108890767
56.46,0.0004072923160062416
56.47,0.000407292316006211
56.48,0.00038654797971549785
56.49,0.0003741406020157842
56.5,0.00031032082131398367
56.51,0.0002442065437227751
56.52,0.0002012676036568334
56.53,0.00019063614817647372
56.54,0.00023931293068505828
56.55,0.0002928833262314138
56.56,0.0003533962657252027
56.57,0.00035339626572520276
56.58,0.00033106515760474606
56.59,0.0003155400890865613
56.6,0.00031554008908652673
56.61,0.0003692469889780132
56.62,0.0004296234241266282
56.63,0.0004783002066352251
56.64,0.00046086271155259715
56.65,0.00038654797971557543
56.66,0.0002823883750961615
56.67,0.00016308577228350113
56.68,7.622715840155717e-05
56.69,3.818183137335936e-05
56.7,0.0
56.71,0.0
56.72,0.0
56.73,0.0
56.74,0.0
56.75,0.0
56.76,3.8181831373332244e-05
56.77,7.622715840150302e-05
56.78,0.00012490394091005304
56.79,0.00016797938532115274
56.8,0.00018541688040379892
56.81,0.00016797938532115274
56.82,0.00012490394091005304
56.83,7.622715840150302e-05
56.84,7.63636627466916e-05
56.85,7.622715840155717e-05
56.86,0.00012490394091014176
56.87,0.00016797938532127208
56.88,0.00018541688040393063
56.89,0.00020616121669463146
56.9,0.0002011310993116989
56.91,0.00020113109931169893
56.92,0.00020616121669463143
56.93,0.00018541688040393063
56.94,0.00016797938532127208
56.95,0.00012490394091014176
56.96,7.622715840155717e-05
56.97,7.63636627466916e-05
56.98,7.622715840150302e-05
56.99,0.00012490394091005304
57.0,0.00016797938532115274
57.01,0.00018541688040379892
57.02,0.00016797938532115274
57.03,0.00016308577228341242
57.04,0.00015245431680306019
57.05,0.00016308577228347403
57.06,0.00016797938532127208
57.07,0.00018541688040393063
57.08,0.00020616121669460432
57.09,0.00020113109931164477
57.1,0.00023931293068496956
57.11,0.0002823883750960693
57.12,0.0003485026526872729
57.13,0.00045036776041728715
57.14,0.0005114519206255939
57.15,0.0005370898699540696
57.16,0.000516482038008545
57.17,0.00042962342412664056
57.18,0.0003310651576046845
57.19,0.00023931293068497702
57.2,0.00022881797954975178
57.21,0.00023931293068496956
57.22,0.0002928833262312945
57.23,0.00035339626572507103
57.24,0.0003533962657250834
57.25,0.0003310651576046844
57.26,0.00027735825771320197
57.27,0.00023931293068503117
57.28,0.0002443430480679908
57.29,0.0002616440388054878
57.3,0.0002928833262314138
57.31,0.00033106515760477316
57.32,0.00033787119720704497
57.33,0.0003692469889781054
57.34,0.0003691104846329169
57.35,0.0003865479797155408
57.36,0.0004123224333891435
57.37,0.00038654797971549785
57.38,0.00036911048463285167
57.39,0.0003310651576046845
57.4,0.00026164403880543364
57.41,0.00020616121669460432
57.42,0.00012490394091014176
57.43,7.622715840155717e-05
57.44,3.818183137335936e-05
57.45,0.0
57.46,0.0
57.47,0.0
57.48,0.0
57.49,0.0
57.5,0.0
57.51,0.0
57.52,3.818183137335936e-05
57.53,7.622715840155717e-05
57.54,0.000163085772283474
57.55,0.0002442065437227751
57.56,0.000348502652687343
57.57,0.00045036776041734136
57.58,0.0005496337519989719
57.59,0.0006133170283556268
57.6,0.0006413859789186682
57.61,0.0005976028094478585
57.62,0.000516482038008545
57.63,0.0003691104846328517
57.64,0.00023931293068496956
57.65,0.00011440898977486238
57.66,7.63636627466916e-05
57.67,7.622715840155717e-05
57.68,0.00012490394091014176
57.69,0.00020616121669460432
57.7,0.00026164403880543364
57.71,0.0003310651576046844
57.72,0.0003691104846328517
57.73,0.00038654797971549785
57.74,0.0004123224333891435
57.75,0.00038654797971554084
57.76,0.0003691104846329169
57.77,0.0003692469889781054
57.78,0.00033787119720704497
57.79,0.00033106515760477316
57.8,0.0002928833262314138
57.81,0.0002616440388054878
57.82,0.00020616121669463143
57.83,0.00012490394091014176
57.84,7.622715840155717e-05
57.85,3.818183137335936e-05
57.86,0.0
57.87,0.0
57.88,0.0
57.89,3.818183137335936e-05
57.9,0.0001144089897748894
57.91,0.00020113109931164477
57.92,0.00029288332623132507
57.93,0.0003533962657250834
57.94,0.00042975992847173547
57.95,0.00048351947440765993
57.96,0.0005271661395332734
57.97,0.0006516353640739741
57.98,0.0007294492943052082
57.99,0.0007711835328663421
58.0,0.0007537460377836836
58.01,0.0006481920185207457
58.02,0.0004885495917905271
58.03,0.00028798971319346544
58.04,0.00015245431680300603
58.05,7.636366274666449e-05
58.06,0.0
58.07,0.0
58.08,0.0
58.09,0.0
58.1,0.0
58.11,0.0
58.12,0.0
58.13,0.0
58.14,0.0
58.15,0.0
58.16,0.0
58.17,3.818183137335936e-05
58.18,0.00011440898977491653
58.19,0.0002011310993116989
58.2,0.0002928833262314138
58.21,0.0003533962657252027
58.22,0.00035339626572520276
58.23,0.0002928833262314138
58.24,0.00020113109931169893
58.25,0.00011440898977491652
58.26,3.818183137335936e-05
58.27,0.0
58.28,0.0
58.29,0.0
58.3,0.0
58.31,0.0
58.32,0.0
58.33,0.0
58.34,0.0
58.35,7.636366274671872e-05
58.36,0.00015245431680311434
58.37,0.0002498078818202835
58.38,0.00033595877064254416
58.39,0.00037083376080786126
58.4,0.00033595877064254416
58.41,0.0002498078818202835
58.42,0.00015245431680311434
58.43,0.0001145454941200781
58.44,0.0001144089897748894
58.45,0.00020113109931164477
58.46,0.00029288332623132507
58.47,0.0003533962657250834
58.48,0.00042975992847178973
58.49,0.00044533764303440884
58.5,0.00045093898113189373
58.51,0.0004503677604174065
58.52,0.0004090155921811935
58.53,0.0004123224333892629
58.54,0.0004022621986233978
58.55,0.00040226219862339786
58.56,0.00041232243338926286
58.57,0.00037083376080786126
58.58,0.00033595877064254416
58.59,0.0002498078818202835
58.6,0.00015245431680311434
58.61,0.0001145454941200781
58.62,7.622715840155717e-05
58.63,0.00016308577228350113
58.64,0.00024420654372282925
58.65,0.0003103208213140724
58.66,0.0003741406020159035
58.67,0.0003865479797156296
58.68,0.00040729231600633033
58.69,0.0004454741473796626
58.7,0.0004627751381171326
58.71,0.0004990445429259566
58.72,0.0004783002066352252
58.73,0.00046780525549998755
58.74,0.000407292316006211
58.75,0.00032603504022175195
58.76,0.00028238837509613444
58.77,0.00022359871177726287
58.78,0.00016797938532127208
58.79,0.00012490394091014176
58.8,7.622715840155717e-05
58.81,3.818183137335936e-05
58.82,3.818183137335936e-05
58.83,7.622715840155717e-05
58.84,0.00016308577228350113
58.85,0.00024420654372282925
58.86,0.0003103208213140724
58.87,0.0003741406020158764
58.88,0.00038654797971557543
58.89,0.0003691104846328823
58.9,0.0003692469889779861
58.91,0.00033787119720685914
58.92,0.0003310651576045651
58.93,0.00029288332623120575
58.94,0.0002998258701786342
58.95,0.00028238837509598797
58.96,0.0002498078818201061
58.97,0.00028238837509598797
58.98,0.0002998258701786342
58.99,0.0003310651576045651
59.0,0.0004072923160061223
59.01,0.0004627751381170009
59.02,0.0004990445429258988
59.03,0.00047830020663525575
59.04,0.0004296234241267058
59.05,0.0003692469889781054
59.06,0.0003155400890866155
59.07,0.0003537219204599748
59.08,0.0004454741473796626
59.09,0.0005927091964102069
59.1,0.000722506750358085
59.11,0.0008093653642399983
59.12,0.0007987339087595992
59.13,0.0007176131373202834
59.14,0.0005752717013275137
59.15,0.0004247298110889348
59.16,0.0002823883750961615
59.17,0.00016308577228350113
59.18,0.00011440898977491653
59.19,0.00011440898977491652
59.2,0.00016308577228350113
59.21,0.00024420654372282925
59.22,0.0003103208213140724
59.23,0.00033595877064254416
59.24,0.00034850265268743176
59.25,0.0003204337021243864
59.26,0.0002879897131936429
59.27,0.00024420654372282925
59.28,0.0002617805431506493
59.29,0.00032057020646949374
59.3,0.0004404440299966489
59.31,0.0005702415839444925
59.32,0.0006844614233297372
59.33,0.0007067925314501421
59.34,0.0006462795919563778
59.35,0.0004940144255429354
59.36,0.00031554008908650716
59.37,0.00015259082114822166
59.38,3.818183137335936e-05
59.39,3.818183137335936e-05
59.4,7.622715840155717e-05
59.41,0.00012490394091014176
59.42,0.00016797938532127208
59.43,0.00018541688040393063
59.44,0.00016797938532127208
59.45,0.00012490394091014176
59.46,7.622715840155717e-05
59.47,3.818183137335936e-05
59.48,0.0
59.49,0.0
59.5,0.0
59.51,0.0
59.52,3.818183137335936e-05
59.53,0.00011440898977491653
59.54,0.0002011310993116989
59.55,0.0002928833262314138
59.56,0.0004297599284719214
59.57,0.0005440324139016763
59.58,0.0006189183664532544
59.59,0.0006619938108643848
59.6,0.0006532221359040499
59.61,0.0005977393137931935
59.62,0.0004940144255431128
59.63,0.00040226219862339786
59.64,0.00032057020646954795
59.65,0.00022359871177729
59.66,0.00016797938532127208
59.67,0.00012490394091014176
59.68,7.622715840155717e-05
59.69,3.818183137335936e-05
59.7,0.0
59.71,0.0
59.72,0.0
59.73,0.0
59.74,0.0
59.75,0.0
59.76,0.0
59.77,3.818183137335936e-05
59.78,7.622715840155717e-05
59.79,0.00012490394091014176
59.8,0.00016797938532127208
59.81,0.00018541688040393063
59.82,0.00020616121669463146
59.83,0.0002011310993116989
59.84,0.00020113109931169893
59.85,0.00020616121669463143
59.86,0.00018541688040393063
59.87,0.00020616121669460432
59.88,0.00020113109931164477
59.89,0.00023931293068496956
59.9,0.0002823883750960693
59.91,0.0003103208213139407
59.92,0.00037414060201578414
59.93,0.00038654797971554084
59.94,0.00040729231600624907
59.95,0.00040729231600624907
59.96,0.0003865479797155408
59.97,0.0004044832068988565
59.98,0.0004248274304494067
59.99,0.00022561045250036685
60.0,0.0
