# Name: Feat 3-Feat 2
# Variable_type: slip rate
# Unit: m/ky
0.0,0.0
0.01,0.0
0.02,0.0
0.03,0.0
0.04,0.0
0.05,0.0
0.06,0.0
0.07,0.0
0.08,0.0
0.09,0.0
0.1,0.0
0.11,3.8181882792957895e-05
0.12,0.00011440914384988126
0.13,0.00020113137017561527
0.14,0.00029288372065835745
0.15,0.00039157862443807987
0.16,0.00046780588549500334
0.17,0.0005321969736269308
0.18,0.0006084242346838544
0.19,0.0006689372556706189
0.2,0.0007226442278893957
0.21,0.0007225077233604031
0.22,0.0007176141037323874
0.23,0.0006514997371048277
0.24,0.0006259982577786379
0.25,0.0006791866546289757
0.26,0.0008271296279542539
0.27,0.0010587926016130682
0.28,0.0012721422155531263
0.29,0.001406970068456842
0.3,0.0014069700684568413
0.31,0.001348505981139041
0.32,0.001325792772105787
0.33,0.001343801512155364
0.34,0.001466085466121305
0.35,0.0016256754617272383
0.36,0.0018262356104190678
0.37,0.002114551366622743
0.38,0.0024788213748253565
0.39,0.0030160484726092962
0.4,0.0036309004547724587
0.41,0.004228178413840836
0.42,0.004618279326093738
0.43,0.004824766475599694
0.44,0.004783221331479245
0.45,0.004565360168750619
0.46,0.004351821404166221
0.47,0.004230553002683132
0.48,0.004157496082758592
0.49,0.004113079372681432
0.5,0.004228829724187499
0.51,0.004441933771817101
0.52,0.004733476284819276
0.53,0.005336435678391331
0.54,0.0059912981140737825
0.55,0.0066726433269030565
0.56,0.007198776795186869
0.57,0.007550915624839579
0.58,0.007638786701376258
0.59,0.007631619617272974
0.6,0.007554218700950178
0.61,0.0076857887491940695
0.62,0.00787963031264535
0.63,0.008225916385853302
0.64,0.008675384669324507
0.65,0.009258825437300743
0.66,0.009826500280154244
0.67,0.010590083613268216
0.68,0.01123505712257773
0.69,0.011941055416327756
0.7,0.012196742157127577
0.71,0.012709857461493187
0.72,0.013054237348367569
0.73,0.01356764558341535
0.74,0.01441285678668584
0.75,0.015798856999046443
0.76,0.016999807206626083
0.77,0.018062633340474726
0.78,0.019084600725488805
0.79,0.0201613721331701
0.8,0.02087219673852082
0.81,0.021868312479203195
0.82,0.022595102212687772
0.83,0.022833360650653178
0.84,0.02237524909470615
0.85,0.02179247634028009
0.86,0.021188310150659924
0.87,0.021171828163797077
0.88,0.02201957302611406
0.89,0.024122863210846376
0.9,0.02646312727542995
0.91,0.02907931617113602
0.92,0.031565860660537806
0.93,0.033615265581117014
0.94,0.035081713043636366
0.95,0.036573515223100046
0.96,0.0372307696346465
0.97,0.03765537245503736
0.98,0.037561633829358156
0.99,0.037561109562313406
1.0,0.03732647332922257
1.01,0.0373108269262784
1.02,0.03695495751378788
1.03,0.036513556157643644
1.04,0.03584894658186088
1.05,0.0356027253075021
1.06,0.0362718636916684
1.07,0.03816197445890198
1.08,0.04085105228046076
1.09,0.04355422860682423
1.1,0.04559618938744689
1.11,0.04748016812203477
1.12,0.048485012630226844
1.13,0.049613788051568346
1.14,0.05125771601223997
1.15,0.05326008506866158
1.16,0.055516821483998384
1.17,0.057348601592427995
1.18,0.05963558673629167
1.19,0.06149000888540033
1.2,0.06313475977358247
1.21,0.06492957483491724
1.22,0.06572499224048758
1.23,0.06589024319148451
1.24,0.06510734837655931
1.25,0.06396973828109813
1.26,0.06376952722054206
1.27,0.06373970414605584
1.28,0.0656578212368221
1.29,0.06893322977740848
1.3,0.07290260248347394
1.31,0.07680762116346061
1.32,0.07989537089087285
1.33,0.08112806436979483
1.34,0.08169508000189751
1.35,0.08148346795948157
1.36,0.08237543552954958
1.37,0.08369500112818266
1.38,0.0863607735334472
1.39,0.08934873193882006
1.4,0.09211187222378797
1.41,0.09385656360830008
1.42,0.09511134551096191
1.43,0.09526704377222467
1.44,0.09527033099148462
1.45,0.09509363217485013
1.46,0.09507009857290885
1.47,0.0953088928521961
1.48,0.09682434713863143
1.49,0.09868016439779712
1.5,0.10054568114908845
1.51,0.10260645955379162
1.52,0.10397547698925559
1.53,0.10460849593867869
1.54,0.10515238560434996
1.55,0.10625382819554081
1.56,0.10679122550138585
1.57,0.10750943187372598
1.58,0.10882876179207614
1.59,0.11029150670900405
1.6,0.1109509983798483
1.61,0.11207027616138784
1.62,0.11281042044188823
1.63,0.11338761973510249
1.64,0.11343844672225886
1.65,0.11376418427273019
1.66,0.11533248754622728
1.67,0.11720417045213836
1.68,0.12013699046696769
1.69,0.12449084257142831
1.7,0.12823009379473102
1.71,0.13192082338737257
1.72,0.13474111883481177
1.73,0.13766288546049413
1.74,0.1399320720620765
1.75,0.14109290833768018
1.76,0.14277742549447828
1.77,0.1430438518057946
1.78,0.1419289637083953
1.79,0.13985451249819902
1.8,0.13716036864958106
1.81,0.13506059772967993
1.82,0.13408745439152966
1.83,0.13508259997224842
1.84,0.13779740147714292
1.85,0.14057334900933488
1.86,0.14409747529910813
1.87,0.14615918712191797
1.88,0.14781684978167822
1.89,0.14880955685243802
1.9,0.1499570220190197
1.91,0.15180365024876222
1.92,0.15380051600789485
1.93,0.15582979721532772
1.94,0.15827722316337786
1.95,0.15996993323069075
1.96,0.16289730164895697
1.97,0.16569943553530725
1.98,0.1686255188906973
1.99,0.1717714950701729
2.0,0.17323288481406757
2.01,0.17369652656227977
2.02,0.1718785283095048
2.03,0.1688680299339037
2.04,0.1662341323389239
2.05,0.16299486537315003
2.06,0.16135737729252883
2.07,0.16134063318896913
2.08,0.1620358819820015
2.09,0.16437122806884488
2.1,0.1669240418335733
2.11,0.16976171685038194
2.12,0.17153141880738335
2.13,0.1721134858770879
2.14,0.17227194804000906
2.15,0.1722210480404319
2.16,0.17170719099562576
2.17,0.17262527154171592
2.18,0.1739404668150833
2.19,0.1767266647824135
2.2,0.1800250094492903
2.21,0.18392319120154083
2.22,0.18839508309990197
2.23,0.19241389671464962
2.24,0.19430294899000797
2.25,0.19540396970006801
2.26,0.19468565674556038
2.27,0.19358076485429018
2.28,0.1912883287756498
2.29,0.18970271100738612
2.3,0.1869838077928049
2.31,0.18411057372605832
2.32,0.1803920972698129
2.33,0.1774782221891992
2.34,0.17564120103691863
2.35,0.1759707200216447
2.36,0.1787812330687927
2.37,0.18236723111773326
2.38,0.18599223590505795
2.39,0.18939384440355142
2.4,0.1903170582024469
2.41,0.19137286836590703
2.42,0.1909880666592396
2.43,0.1914527711882597
2.44,0.1914138700051767
2.45,0.1919384090636609
2.46,0.19320262808757815
2.47,0.19339044602704217
2.48,0.19280175601217617
2.49,0.1918163688685905
2.5,0.19080366775932034
2.51,0.1901008906487612
2.52,0.18994977690233922
2.53,0.19175625932792298
2.54,0.19418471837288626
2.55,0.19672505546858698
2.56,0.19846194202275724
2.57,0.19928122455086986
2.58,0.19875500793973963
2.59,0.19752755877454964
2.6,0.19650475980904375
2.61,0.19614649817519328
2.62,0.1957925335335753
2.63,0.19595025891245274
2.64,0.1960122435869673
2.65,0.19545233230279557
2.66,0.19362228156285102
2.67,0.19201506674302263
2.68,0.18927722593224036
2.69,0.18738672408624135
2.7,0.18587931490945378
2.71,0.18536447344340432
2.72,0.18371314563303526
2.73,0.1828120745099635
2.74,0.18103208636473947
2.75,0.1794052956722754
2.76,0.1781387881706627
2.77,0.17843404400164617
2.78,0.18061851887832822
2.79,0.18336897816006917
2.8,0.18601744458448768
2.81,0.18797409069230833
2.82,0.18767045558245757
2.83,0.18628499665124118
2.84,0.18347453621545984
2.85,0.18146502306095466
2.86,0.18027521732157473
2.87,0.1792012300343011
2.88,0.1803243148390586
2.89,0.18203261184602448
2.9,0.18341947548862533
2.91,0.184908113581383
2.92,0.18568880833094636
2.93,0.18597154826739282
2.94,0.1854210787203799
2.95,0.1849609945448149
2.96,0.18470578069690313
2.97,0.18439463739449968
2.98,0.1850539719520136
2.99,0.18592247596489722
3.0,0.18606134135346317
3.01,0.18559327207295434
3.02,0.1855062203344872
3.03,0.1850547343990841
3.04,0.18477430196287814
3.05,0.18449678550800933
3.06,0.1840042332683211
3.07,0.18193594401203483
3.08,0.1785034758186397
3.09,0.17415353100379155
3.1,0.1691625327483488
3.11,0.1643125050716311
3.12,0.16146133561706102
3.13,0.16065144001237017
3.14,0.16188825897107603
3.15,0.1644066081796807
3.16,0.16817448458516027
3.17,0.17140270109700737
3.18,0.17387428851802483
3.19,0.175610248522725
3.2,0.1755900941761063
3.21,0.17518662993307046
3.22,0.17420521191891272
3.23,0.17273781629299673
3.24,0.17123878717308694
3.25,0.16981195122560694
3.26,0.16887027762590354
3.27,0.1678572596568469
3.28,0.167684659434737
3.29,0.16776529599471562
3.3,0.16888562778827373
3.31,0.17029995809490506
3.32,0.1726861660707922
3.33,0.17516447275451
3.34,0.1769196038765683
3.35,0.17723167427511585
3.36,0.17651822354905042
3.37,0.1740671472534843
3.38,0.17179042784412127
3.39,0.1695606819920288
3.4,0.1692519730473931
3.41,0.16851341898979713
3.42,0.1676018264377496
3.43,0.16590512486584091
3.44,0.16307224625504113
3.45,0.15845042393819317
3.46,0.1548855653256775
3.47,0.1513009020464983
3.48,0.14996617344347732
3.49,0.14909174123252164
3.5,0.15020494161210013
3.51,0.1520668690250107
3.52,0.15472200968133046
3.53,0.1571726231213391
3.54,0.1599670083464205
3.55,0.16140086604107737
3.56,0.16303677118794455
3.57,0.1623905143334376
3.58,0.16231573682243725
3.59,0.1611596040113857
3.6,0.16029022436515505
3.61,0.16038118592147854
3.62,0.16112719047359153
3.63,0.1629233533142626
3.64,0.1642186238260434
3.65,0.16392207905428102
3.66,0.16320924645331455
3.67,0.16058670793795382
3.68,0.15868481378401122
3.69,0.15774164981571448
3.7,0.15653712093568073
3.71,0.1555295475446898
3.72,0.15263629130019346
3.73,0.14821084923047134
3.74,0.1430640307900324
3.75,0.13805990299249027
3.76,0.1356840963039276
3.77,0.13548317989578487
3.78,0.1363303597701098
3.79,0.13854393321949823
3.8,0.1399525503935973
3.81,0.14094492832959468
3.82,0.14178569036866345
3.83,0.14211722523895468
3.84,0.14183840030727926
3.85,0.1413491702559832
3.86,0.14003567701144323
3.87,0.13907924343477338
3.88,0.13878774157731824
3.89,0.14015957200707146
3.9,0.14166421442508287
3.91,0.1440036805529852
3.92,0.14580340340890732
3.93,0.14605638004615168
3.94,0.14435532099642062
3.95,0.1416695310726788
3.96,0.13878212785551333
3.97,0.13609860947302438
3.98,0.13384042191460416
3.99,0.1327723814010049
4.0,0.13189340795509427
4.01,0.13140729815948785
4.02,0.1314957761149144
4.03,0.13167667248049986
4.04,0.13246399362642422
4.05,0.13343252874288558
4.06,0.1342550709010518
4.07,0.1341900660884639
4.08,0.13481354241955165
4.09,0.1342034884546275
4.1,0.13325653851023636
4.11,0.1322015558550398
4.12,0.13159719274289483
4.13,0.13107589935540295
4.14,0.13116592636216454
4.15,0.13135524699330006
4.16,0.13167146134755953
4.17,0.1310189429722393
4.18,0.13072230121773457
4.19,0.12914090648429583
4.2,0.1272459731750122
4.21,0.12506385147728902
4.22,0.12315938927589569
4.23,0.12087165513499594
4.24,0.11991651470807489
4.25,0.12066162018711683
4.26,0.12271016193457109
4.27,0.12589326540003934
4.28,0.12953481768455616
4.29,0.13047448064868897
4.3,0.12931970513128724
4.31,0.1263095125639355
4.32,0.12290553342435835
4.33,0.11987301409638455
4.34,0.11814466318634814
4.35,0.11767880466847336
4.36,0.11715503354891493
4.37,0.11578939186674965
4.38,0.11408700457140522
4.39,0.11163765649275348
4.4,0.1096305066480362
4.41,0.10865878617022716
4.42,0.10900135310935004
4.43,0.10961035330248946
4.44,0.11137735219536757
4.45,0.11324149651508465
4.46,0.11498233468723376
4.47,0.11631542115032484
4.48,0.1167559116203867
4.49,0.11643902207600056
4.5,0.11519314856718503
4.51,0.1128456028671674
4.52,0.11142659456687866
4.53,0.1095532270515902
4.54,0.10859642090531728
4.55,0.10843887539191366
4.56,0.10837300490970517
4.57,0.10983907995243984
4.58,0.11127750130058818
4.59,0.11274579533969112
4.6,0.11379796647254785
4.61,0.11328838996378039
4.62,0.11233761339879612
4.63,0.11128313430020917
4.64,0.11000925746049771
4.65,0.1099754881720672
4.66,0.10921767932221141
4.67,0.10958525104714902
4.68,0.10934665716917039
4.69,0.10858292591978506
4.7,0.10805171428105653
4.71,0.10717043435731524
4.72,0.10650453206374791
4.73,0.10624259430358098
4.74,0.1059191580631013
4.75,0.10660601117640625
4.76,0.10792049917815903
4.77,0.10878132054854424
4.78,0.10920385412694876
4.79,0.10783506548798363
4.8,0.10543074908853131
4.81,0.10167432494297354
4.82,0.09825328744073293
4.83,0.09597344515434039
4.84,0.09473747868610638
4.85,0.09383299503086813
4.86,0.09438117204339576
4.87,0.09473604356431069
4.88,0.0954222186127958
4.89,0.09522714931682906
4.9,0.09470814451648125
4.91,0.09375270002292328
4.92,0.09271091010185294
4.93,0.09223059188802152
4.94,0.09283315639626742
4.95,0.09410033231164527
4.96,0.09600972968619619
4.97,0.0969146886276019
4.98,0.09723149318697778
4.99,0.09658547069553895
5.0,0.09530781475068974
5.01,0.09451499242769011
5.02,0.09386495991508048
5.03,0.09485674799790632
5.04,0.09567204381338361
5.05,0.09642825001339005
5.06,0.09747833831095744
5.07,0.09851221503749329
5.08,0.09914334826361959
5.09,0.09883324921273186
5.1,0.09782427826259599
5.11,0.09609382895523966
5.12,0.09247821399886176
5.13,0.08882447260157751
5.14,0.08572647587376203
5.15,0.0843053928303184
5.16,0.08385930284636808
5.17,0.08555186098426551
5.18,0.08850384486055149
5.19,0.09065408373777775
5.2,0.09238619128863336
5.21,0.09263518159993521
5.22,0.09158708176085852
5.23,0.0894158322128135
5.24,0.08695538657703254
5.25,0.08539410764325947
5.26,0.08410351292576597
5.27,0.08418175025628433
5.28,0.08527429705031525
5.29,0.0860381525188415
5.3,0.08653878563329889
5.31,0.0857916682994112
5.32,0.08439719116040681
5.33,0.08257903036309973
5.34,0.08148820712480892
5.35,0.08070558583832291
5.36,0.08092856451929724
5.37,0.08120748844731072
5.38,0.08119434088600103
5.39,0.08028152753547504
5.4,0.07905055900641733
5.41,0.07723079861093934
5.42,0.0759504338240813
5.43,0.0748718673731489
5.44,0.07509786385146067
5.45,0.07581767076169713
5.46,0.07709406390586195
5.47,0.07865535357282084
5.48,0.07983196261275487
5.49,0.08019402783024367
5.5,0.07961494607888094
5.51,0.0779647864977259
5.52,0.07638048039509147
5.53,0.07502229751479464
5.54,0.07322976410084515
5.55,0.07260255392971175
5.56,0.07183030126913983
5.57,0.07148650626458895
5.58,0.07154351879779373
5.59,0.07223641227344084
5.6,0.07299882487448682
5.61,0.0736684421795469
5.62,0.07341889034296134
5.63,0.07383665244363098
5.64,0.0737759773858733
5.65,0.0746390612727044
5.66,0.07600204962718568
5.67,0.0770678733838397
5.68,0.07735585679402361
5.69,0.07618272191826557
5.7,0.07384759254288285
5.71,0.07175544029168035
5.72,0.06959810522781922
5.73,0.06845424793417113
5.74,0.06780519635472056
5.75,0.067133039716916
5.76,0.0670601259860084
5.77,0.06675028233137303
5.78,0.06712666168599549
5.79,0.06861947857158916
5.8,0.0706132530740211
5.81,0.073283138605976
5.82,0.07563317556515786
5.83,0.07742771777661017
5.84,0.07766825120286344
5.85,0.07671187864804553
5.86,0.07514699753411226
5.87,0.07280307757274176
5.88,0.07064319101477232
5.89,0.06955539941371464
5.9,0.06907383126531523
5.91,0.0691011039502586
5.92,0.06906740881755774
5.93,0.06938188921685816
5.94,0.06920930458407211
5.95,0.06880457795028426
5.96,0.06851897221657746
5.97,0.06784158015189824
5.98,0.06692219158230268
5.99,0.06599061317275293
6.0,0.06532585651733418
6.01,0.06485254275865629
6.02,0.06519530498813958
6.03,0.0657253173265526
6.04,0.06659625234394442
6.05,0.06672931805414507
6.06,0.06641271102450949
6.07,0.06527411546862551
6.08,0.064149453945627
6.09,0.06322910577955494
6.1,0.0628620026712901
6.11,0.06320374569980838
6.12,0.06388900324080343
6.13,0.064021100762893
6.14,0.06390403888585788
6.15,0.06290922560779035
6.16,0.0620117298479614
6.17,0.06067385309724043
6.18,0.06007522419204412
6.19,0.059507125770092845
6.2,0.058976521147398916
6.21,0.058503832052946
6.22,0.05848061313275824
6.23,0.05785947363382704
6.24,0.0576260711265091
6.25,0.057117101719693204
6.26,0.056918490942223246
6.27,0.05687315614918932
6.28,0.05760968689277526
6.29,0.058574233437555925
6.3,0.060408560217606995
6.31,0.061336368741788945
6.32,0.062439477370793785
6.33,0.06207736615466739
6.34,0.06127309894005228
6.35,0.06023810319824994
6.36,0.05901828175941166
6.37,0.05836022570135447
6.38,0.057843578059458375
6.39,0.057217890834950616
6.4,0.056698570948178005
6.41,0.0556147298175681
6.42,0.05515384071289403
6.43,0.05439519363316621
6.44,0.053875874151064936
6.45,0.05399083948982492
6.46,0.053822996787485596
6.47,0.05380383334637324
6.48,0.05344280736092259
6.49,0.05245478399116932
6.5,0.052216232546724375
6.51,0.052016330355856906
6.52,0.05219062878388012
6.53,0.05309025861301144
6.54,0.05448185347490518
6.55,0.055801609468848386
6.56,0.05736406457977291
6.57,0.058547779633327836
6.58,0.059464509226931875
6.59,0.05865075030968648
6.6,0.058209473030277396
6.61,0.05729461394126369
6.62,0.056585924224275476
6.63,0.05641381772911069
6.64,0.05752568470766151
6.65,0.05842120060479882
6.66,0.059145020864477996
6.67,0.05906003873456139
6.68,0.058015144502068954
6.69,0.05573693632036379
6.7,0.05399971230096504
6.71,0.052273018867231465
6.72,0.05142962216917652
6.73,0.05090546548311334
6.74,0.05072003373110553
6.75,0.05089730584416654
6.76,0.050941026648003665
6.77,0.05164933350088548
6.78,0.05300916348682435
6.79,0.054104531698288966
6.8,0.05551178607809767
6.81,0.056064681019001146
6.82,0.05594694747803128
6.83,0.05480976416737184
6.84,0.05303126898669027
6.85,0.052134304327852155
6.86,0.05107636834566197
6.87,0.050519482758135004
6.88,0.050950235853860756
6.89,0.05110529799052604
6.9,0.051419962105910155
6.91,0.051079535896284396
6.92,0.05072115457581867
6.93,0.0501225963035196
6.94,0.048804824426452016
6.95,0.04852904198772063
6.96,0.04841038175718055
6.97,0.048213815713767094
6.98,0.04849995356451601
6.99,0.04887734077444138
7.0,0.049164536084244405
7.01,0.04904446446009382
7.02,0.04942517413865517
7.03,0.04997331516490208
7.04,0.04987098901657308
7.05,0.05004086642899195
7.06,0.0498846246628784
7.07,0.04961499431851748
7.08,0.04968778740510583
7.09,0.05096883195584799
7.1,0.05298689460879014
7.11,0.05456164818612737
7.12,0.055409169764206075
7.13,0.05514254877500605
7.14,0.05308128940285616
7.15,0.050496295284121404
7.16,0.047858100905394836
7.17,0.04613549689046423
7.18,0.04514374326038862
7.19,0.0449949405979839
7.2,0.04504199345085024
7.21,0.04526323794298937
7.22,0.04525289230309482
7.23,0.045482919063472634
7.24,0.04572427636667945
7.25,0.04574752958489819
7.26,0.045674096040314784
7.27,0.04556305183442215
7.28,0.045317308594594444
7.29,0.045452018334422264
7.3,0.04563050196252515
7.31,0.04596905934419023
7.32,0.04602656525575413
7.33,0.0464198533767799
7.34,0.046111514599832815
7.35,0.04549660012363407
7.36,0.04428359710001059
7.37,0.04327693042643324
7.38,0.04231538701898043
7.39,0.04159909129606027
7.4,0.04166066750142886
7.41,0.042037845252392556
7.42,0.042032702150444565
7.43,0.04262018869603477
7.44,0.04254319296735675
7.45,0.0424208326877202
7.46,0.04198853003925651
7.47,0.04148424659526121
7.48,0.04147309197756002
7.49,0.04081510359855033
7.5,0.04063473819085588
7.51,0.040691798679572073
7.52,0.041091135121288654
7.53,0.04154606376075372
7.54,0.04196375187526643
7.55,0.042716979659218765
7.56,0.043245868826121525
7.57,0.04350307199049684
7.58,0.044287069700364036
7.59,0.0444169881862377
7.6,0.04389480050305906
7.61,0.042456347068966956
7.62,0.04088131464443677
7.63,0.039200225793277234
7.64,0.03749680773876617
7.65,0.03731724937403603
7.66,0.03783631660533902
7.67,0.03897149610096311
7.68,0.040216502546034434
7.69,0.04110375575582992
7.7,0.041440848638109526
7.71,0.041433671541649085
7.72,0.041251785623574386
7.73,0.04138867984053746
7.74,0.04136813840886256
7.75,0.04135548281045069
7.76,0.04077187809519788
7.77,0.04002575611828338
7.78,0.039081206620322655
7.79,0.038207436257130405
7.8,0.0376987660735301
7.81,0.0379810585879833
7.82,0.038581783104043005
7.83,0.038869415223721705
7.84,0.03920159806677279
7.85,0.03896521807717062
7.86,0.038618588961767675
7.87,0.038030416680373144
7.88,0.03771314551954591
7.89,0.03728679590554118
7.9,0.03676224240566782
7.91,0.036349978868674186
7.92,0.03600749802734475
7.93,0.03581347732560623
7.94,0.036018909097359185
7.95,0.036046734049583334
7.96,0.03653675936743964
7.97,0.03689129742655265
7.98,0.0370155996646393
7.99,0.03733750846811423
8.0,0.03751675928025985
8.01,0.03796966090156415
8.02,0.03792464648831826
8.03,0.03814908820794553
8.04,0.038394565244271324
8.05,0.038357786561767145
8.06,0.03863343248961138
8.07,0.03894509397542925
8.08,0.038870867169789595
8.09,0.038607934779836234
8.1,0.0381551032350372
8.11,0.03770588956281215
8.12,0.03712861078685333
8.13,0.03668535725622505
8.14,0.036722606483886325
8.15,0.037010879606332155
8.16,0.03733408975854177
8.17,0.037781891179183485
8.18,0.03796248015662116
8.19,0.03773808916098317
8.2,0.0370295207141446
8.21,0.036217351644978815
8.22,0.03569374568966707
8.23,0.03549178111209695
8.24,0.036263301913799735
8.25,0.037836552557605624
8.26,0.039030315214685855
8.27,0.04032894621631594
8.28,0.0410221881739799
8.29,0.04114396176723626
8.3,0.04071036414363011
8.31,0.040074537695825835
8.32,0.039119563594607755
8.33,0.03765650347654536
8.34,0.03655552791686785
8.35,0.035815034563904474
8.36,0.035207067207179046
8.37,0.03565031348421112
8.38,0.0364755407017411
8.39,0.03741986302484468
8.4,0.03765863442756122
8.41,0.03782458685650308
8.42,0.0374943786963931
8.43,0.037274988021716395
8.44,0.03728355993301081
8.45,0.03756850899356846
8.46,0.03723099472820215
8.47,0.036967255612539114
8.48,0.03596069891207931
8.49,0.035119714706011454
8.5,0.03441033852267316
8.51,0.03445422985182532
8.52,0.034992911949660095
8.53,0.03606239243673678
8.54,0.03706925719754283
8.55,0.03764144415193491
8.56,0.037482832253707445
8.57,0.03687127513299626
8.58,0.035973427395484925
8.59,0.03478437209693483
8.6,0.03396958343536574
8.61,0.033434309991376934
8.62,0.03311319293676545
8.63,0.03271328207312263
8.64,0.03261909455026809
8.65,0.0320790263716392
8.66,0.03159574500046984
8.67,0.031226748925029555
8.68,0.031226009025655446
8.69,0.03131530028483098
8.7,0.031679023876604644
8.71,0.03176231597189817
8.72,0.03172180493615092
8.73,0.031174962319365177
8.74,0.030561304465222365
8.75,0.029873020462288454
8.76,0.029185139009306475
8.77,0.02854313246689526
8.78,0.02793620810540022
8.79,0.027160598885966936
8.8,0.02707351465688482
8.81,0.02677723478597107
8.82,0.026901372678468396
8.83,0.027551525232637757
8.84,0.028151997212393694
8.85,0.028661718453065903
8.86,0.028862651058552655
8.87,0.028825986588787596
8.88,0.02899763215284009
8.89,0.02876112052010854
8.9,0.029208389583474152
8.91,0.02999948557925583
8.92,0.03075082907670974
8.93,0.03182776900946359
8.94,0.03260711963343411
8.95,0.03294691332883755
8.96,0.03264187058221055
8.97,0.031672445002694186
8.98,0.03069299038080371
8.99,0.0296136916066096
9.0,0.028840330648283907
9.01,0.028536076683953433
9.02,0.02839348781332839
9.03,0.028903709953483056
9.04,0.029295565192092827
9.05,0.029770907013372597
9.06,0.030185916585214113
9.07,0.030201192907887253
9.08,0.029943570058392276
9.09,0.029464718458898947
9.1,0.029097516136772604
9.11,0.028973317109615437
9.12,0.028992506316845478
9.13,0.029489213999786067
9.14,0.030055736387315058
9.15,0.030101104548648894
9.16,0.03015406537232902
9.17,0.030163397973006083
9.18,0.029967587969419774
9.19,0.029792742135514787
9.2,0.02969356251271586
9.21,0.029341519236822294
9.22,0.02896704301981118
9.23,0.028619948778139524
9.24,0.028601992121455616
9.25,0.028532876256022726
9.26,0.028562324476255323
9.27,0.028858514479824977
9.28,0.0286504535016247
9.29,0.02860125391033076
9.3,0.02881694036278576
9.31,0.02878585745944314
9.32,0.0290766621596342
9.33,0.029368405518626142
9.34,0.02912237007530322
9.35,0.028474556610647964
9.36,0.027908845717549847
9.37,0.027436394416429807
9.38,0.026806204983292357
9.39,0.026744804136943065
9.4,0.026832625211415644
9.41,0.026468288059622695
9.42,0.026188960583584102
9.43,0.02591668904330461
9.44,0.025663896990527995
9.45,0.025904977116813093
9.46,0.026649902879144947
9.47,0.027931477870299343
9.48,0.028963848841045428
9.49,0.02980100486732294
9.5,0.029881912355058493
9.51,0.02884402486450648
9.52,0.027543051758290377
9.53,0.026215769567034038
9.54,0.02507852343982343
9.55,0.02471152477743653
9.56,0.02463760804400524
9.57,0.025078115490059106
9.58,0.02567671222189415
9.59,0.026200320650461687
9.6,0.02684636155538492
9.61,0.027165278151582834
9.62,0.027338695161486667
9.63,0.02718347115884601
9.64,0.026924746811892275
9.65,0.02646044597399766
9.66,0.02606558266490214
9.67,0.02621992858065186
9.68,0.026495675639221034
9.69,0.02652161296100156
9.7,0.026255901352049592
9.71,0.025506668492032866
9.72,0.024714158316184346
9.73,0.023553683611373225
9.74,0.023102357784257288
9.75,0.023292513233337288
9.76,0.023916621064901084
9.77,0.0249209204032321
9.78,0.02599944462507726
9.79,0.026567352487281495
9.8,0.026510053003935264
9.81,0.025626618245176633
9.82,0.024308396777397944
9.83,0.022647659367274527
9.84,0.020858180573578616
9.85,0.019759447430514783
9.86,0.0193466122737243
9.87,0.01930525741210628
9.88,0.020076809426107206
9.89,0.02109227775854655
9.9,0.022145301860441616
9.91,0.023539993664354057
9.92,0.02459236853720334
9.93,0.025703747829071238
9.94,0.02641338599832029
9.95,0.026553597477973086
9.96,0.026396683648514812
9.97,0.025417313289709233
9.98,0.024597447702361906
9.99,0.023924635579988824
10.0,0.02322029510413241
10.01,0.022943409770458972
10.02,0.022758373750130026
10.03,0.022645200357268514
10.04,0.022567513775479484
10.05,0.0224985272801454
10.06,0.022719977348887938
10.07,0.02282396954138931
10.08,0.02280836532416338
10.09,0.02306371751131269
10.1,0.0232116979397425
10.11,0.02353600012818387
10.12,0.023962678718872674
10.13,0.024580066599462123
10.14,0.024996554446238606
10.15,0.025088436894007134
10.16,0.025237608806406138
10.17,0.025343105989402984
10.18,0.025351818622817143
10.19,0.025208150132134018
10.2,0.024815043395133428
10.21,0.024340359854193767
10.22,0.023377832959267864
10.23,0.022505382768227944
10.24,0.021877287814095946
10.25,0.021398748373373397
10.26,0.021074735908812998
10.27,0.020910214275724263
10.28,0.020899511199249512
10.29,0.020745652248257015
10.3,0.02097327640793671
10.31,0.02178274719331997
10.32,0.02258205756708497
10.33,0.023575910020086233
10.34,0.02417062311416825
10.35,0.024494584456425574
10.36,0.0240986001381793
10.37,0.02350635174051797
10.38,0.022576729230501767
10.39,0.02139603530851223
10.4,0.020373627066827306
10.41,0.019379743565964773
10.42,0.018666088180990345
10.43,0.01838211208888415
10.44,0.018815833958924017
10.45,0.01951270842904274
10.46,0.020522905403315143
10.47,0.021404441913154992
10.48,0.021709586511336112
10.49,0.021164328024465825
10.5,0.020346479760175947
10.51,0.019353919069157868
10.52,0.019049594907253387
10.53,0.019281094331948433
10.54,0.02025147000334578
10.55,0.02111576568436566
10.56,0.02206340238061227
10.57,0.022258078958874113
10.58,0.022307583048768783
10.59,0.021997491622094523
10.6,0.02149137015776534
10.61,0.02115635016149814
10.62,0.020792041971003896
10.63,0.020369655527223807
10.64,0.019993520935927666
10.65,0.01968353120272898
10.66,0.01957926712666959
10.67,0.019617219196912686
10.68,0.019483252398822464
10.69,0.019662128716240356
10.7,0.019745414397931944
10.71,0.020177536679518583
10.72,0.020827597285042805
10.73,0.021722237941884298
10.74,0.02256290959086894
10.75,0.023512363162496223
10.76,0.023937258858580675
10.77,0.024044703452566426
10.78,0.023234388038328477
10.79,0.021810036304221975
10.8,0.02017497934727496
10.81,0.01882659872644977
10.82,0.018114638051723867
10.83,0.018398288488656638
10.84,0.01961908482443073
10.85,0.021291668021523304
10.86,0.022845345710629676
10.87,0.023748346294919044
10.88,0.023761716032945527
10.89,0.02312383119550641
10.9,0.021994408908926608
10.91,0.02076347223597569
10.92,0.020128067842359296
10.93,0.01977681070471132
10.94,0.02013422578758124
10.95,0.020803304278394344
10.96,0.021734099318176804
10.97,0.022485201410825665
10.98,0.022608019131170838
10.99,0.02246273753765389
11.0,0.021923404129472093
11.01,0.020916753722677945
11.02,0.019979880832894464
11.03,0.01940332467873632
11.04,0.019131027782271923
11.05,0.019147500319527524
11.06,0.01965904679969824
11.07,0.020071394030668693
11.08,0.020217645898859386
11.09,0.02023770357257791
11.1,0.020030970294011453
11.11,0.019785068148416473
11.12,0.01942535592787433
11.13,0.019566635201454186
11.14,0.01986022664812548
11.15,0.02014586736368152
11.16,0.02076960233377902
11.17,0.02093105571752335
11.18,0.020934520665967533
11.19,0.020848617865128465
11.2,0.020736141623172763
11.21,0.020581995995924418
11.22,0.02078312696778733
11.23,0.02099271702597119
11.24,0.021042558478004597
11.25,0.02119400385487892
11.26,0.02107391158827554
11.27,0.02064379173395855
11.28,0.0200285404150023
11.29,0.019197555836708072
11.3,0.01825355500617587
11.31,0.016949968289194987
11.32,0.016172998503231565
11.33,0.016236869650260985
11.34,0.01623621009160413
11.35,0.017049784600438152
11.36,0.017561228995178715
11.37,0.017982406005218065
11.38,0.017883624997286657
11.39,0.017549474718532434
11.4,0.0175134162813052
11.41,0.017390862126769383
11.42,0.01727120778918336
11.43,0.01721831760475871
11.44,0.017005271086675076
11.45,0.01666614472290579
11.46,0.016014166804811023
11.47,0.01586940057986161
11.48,0.015957599557309875
11.49,0.016224603895666358
11.5,0.016817304838985636
11.51,0.017063866232341438
11.52,0.017243688025736423
11.53,0.017071721285269993
11.54,0.01678013794592519
11.55,0.016991617195375234
11.56,0.017600485198308435
11.57,0.018336392195363878
11.58,0.019356191021440244
11.59,0.019762394493767543
11.6,0.019712232558855836
11.61,0.019171284927601277
11.62,0.01824922507528869
11.63,0.017767705000469557
11.64,0.017604261742773554
11.65,0.01800139210910121
11.66,0.018598033942475223
11.67,0.019325403674852523
11.68,0.019936958260961486
11.69,0.020218132863616435
11.7,0.019973579698655205
11.71,0.01923660771616107
11.72,0.018166507124677395
11.73,0.01674274764755905
11.74,0.01547000299822391
11.75,0.014560330225644473
11.76,0.01371327566530822
11.77,0.013530982637463069
11.78,0.013245333838033889
11.79,0.013298003659515752
11.8,0.013577249516520491
11.81,0.01371453357730053
11.82,0.01408815667055436
11.83,0.014436988654545674
11.84,0.01461423692997291
11.85,0.014503019725509296
11.86,0.014374181133579205
11.87,0.014384839483374616
11.88,0.014342115402244712
11.89,0.014605536280768073
11.9,0.014888425220073071
11.91,0.014983813840941317
11.92,0.014876589609898003
11.93,0.014589359318245803
11.94,0.014184059534490185
11.95,0.013907110416844582
11.96,0.01386286446595867
11.97,0.01425547703433283
11.98,0.01462199306426329
11.99,0.015149572634121181
12.0,0.01551333424374948
12.01,0.015523959306303807
12.02,0.015392606414201523
12.03,0.015252173047793232
12.04,0.015029123658124525
12.05,0.01499916383887503
12.06,0.01480205441503824
12.07,0.014876945914619721
12.08,0.014570590206068188
12.09,0.01457210734521068
12.1,0.014916378170303515
12.11,0.015284281248449046
12.12,0.016117327581257272
12.13,0.017119056362925916
12.14,0.01768197185130077
12.15,0.018123668137272658
12.16,0.017956051079619537
12.17,0.017798568672728367
12.18,0.017487474803280657
12.19,0.017080424140203297
12.2,0.01712306772779901
12.21,0.016836475250091007
12.22,0.016526942793163805
12.23,0.016710688886217802
12.24,0.016586572996646176
12.25,0.016526939586363178
12.26,0.016684483450429666
12.27,0.016551819842141102
12.28,0.016327584703548177
12.29,0.01567124455568051
12.3,0.015074251301015557
12.31,0.01445680716919711
12.32,0.013752135187315431
12.33,0.013549205731524908
12.34,0.013471506204463387
12.35,0.013695431435284887
12.36,0.014332688635574164
12.37,0.015126142085030493
12.38,0.0159281940919034
12.39,0.016337269294624528
12.4,0.01632248410457267
12.41,0.01597987316595757
12.42,0.01538995031613703
12.43,0.01500632298556393
12.44,0.014683241254009992
12.45,0.014840592602552698
12.46,0.01510674910525358
12.47,0.015102399264361958
12.48,0.015053476849989887
12.49,0.014864780316970704
12.5,0.014572331313267153
12.51,0.014481973379305714
12.52,0.014381558403831124
12.53,0.014511194424680908
12.54,0.014892603739023473
12.55,0.015175315910206691
12.56,0.01559337731179172
12.57,0.015738954747569235
12.58,0.015618204921454595
12.59,0.015238512472005842
12.6,0.01457809436680457
12.61,0.014152711143212718
12.62,0.014007608687982785
12.63,0.014248397413756868
12.64,0.014739954620084877
12.65,0.015036477817929729
12.66,0.015365803990811945
12.67,0.015214597203896311
12.68,0.014940778163790249
12.69,0.014497141601259478
12.7,0.014165152956720387
12.71,0.013899333247049872
12.72,0.01365540856559159
12.73,0.013514110894200437
12.74,0.013363216981622785
12.75,0.012909608197055542
12.76,0.012742873278350155
12.77,0.012443428910797194
12.78,0.012608124951559278
12.79,0.012742795264429821
12.8,0.01307894100046092
12.81,0.013435350543205361
12.82,0.013801287015924693
12.83,0.014229953956752653
12.84,0.014456686253991557
12.85,0.01480010716848598
12.86,0.014956241829691611
12.87,0.014936257439279598
12.88,0.014500620331611718
12.89,0.01395104894593163
12.9,0.013332419174637691
12.91,0.012653635228039499
12.92,0.012513542259775454
12.93,0.013004786346269802
12.94,0.013663170544375592
12.95,0.014564734242822388
12.96,0.015309989031565413
12.97,0.01600271089531006
12.98,0.015988998918072875
12.99,0.01615306828274797
13.0,0.015791452684360358
13.01,0.015219323271134242
13.02,0.014479062949141702
13.03,0.013702097779081596
13.04,0.012850482616238454
13.05,0.012054487871902324
13.06,0.011665254984456315
13.07,0.011958516209777602
13.08,0.012182039699989636
13.09,0.012737868357560909
13.1,0.013002745350015178
13.11,0.013193685413528288
13.12,0.012918317623668709
13.13,0.012712671497903668
13.14,0.012416045651879369
13.15,0.01223046681387722
13.16,0.01212348814914433
13.17,0.012458242106346605
13.18,0.012907766242733933
13.19,0.013571207609431335
13.2,0.014161437558535035
13.21,0.014605785053879359
13.22,0.014731680473175962
13.23,0.014690569084947662
13.24,0.014520652239213195
13.25,0.014063524625137878
13.26,0.013443435539470056
13.27,0.013214404574387923
13.28,0.012640849367905114
13.29,0.012615472135012597
13.3,0.012654946184460206
13.31,0.012834246202044479
13.32,0.013102049094820592
13.33,0.013238447137653377
13.34,0.01346920625830336
13.35,0.01356967348158015
13.36,0.013465604407016848
13.37,0.01362349912962451
13.38,0.013422827679771546
13.39,0.013364118026143398
13.4,0.013162877594186438
13.41,0.012882646834247325
13.42,0.01287857640965694
13.43,0.012734812922703414
13.44,0.01288603753832216
13.45,0.012955871869311832
13.46,0.012921509000305349
13.47,0.012823752760588173
13.48,0.012598621865576694
13.49,0.012385058295937452
13.5,0.012315540006076778
13.51,0.012450833623796505
13.52,0.013160305917285207
13.53,0.01373927468449838
13.54,0.014395090975253898
13.55,0.014735561747121855
13.56,0.014703526665335913
13.57,0.014532127939552646
13.58,0.014364772195612116
13.59,0.014321234533488825
13.6,0.014318372581576259
13.61,0.014148483747697399
13.62,0.014075643421164678
13.63,0.013957479331103634
13.64,0.01367842262474339
13.65,0.013731999101363787
13.66,0.01345388690991786
13.67,0.013267423179468284
13.68,0.012785623523910694
13.69,0.012197932515597037
13.7,0.011646833125705861
13.71,0.011233984756115914
13.72,0.011227623436659935
13.73,0.011701650930281136
13.74,0.012114223090370677
13.75,0.012771355385414577
13.76,0.013205683857100236
13.77,0.013527893915364637
13.78,0.01355308756822067
13.79,0.013339737954280574
13.8,0.013215326654412666
13.81,0.013087855036256651
13.82,0.013151994713584718
13.83,0.013628960201185796
13.84,0.013911513871272993
13.85,0.013907935142053202
13.86,0.013610602132765737
13.87,0.012810472169077054
13.88,0.011831998845006964
13.89,0.010810806727909053
13.9,0.010385342852704722
13.91,0.010298295533955592
13.92,0.010779136451009358
13.93,0.011705924287423668
13.94,0.012397894562807304
13.95,0.012999056996264207
13.96,0.013249140867610632
13.97,0.013053145476572665
13.98,0.01279420189217587
13.99,0.012287750838685897
14.0,0.011950043696492973
14.01,0.011568634382150288
14.02,0.011303083918345242
14.03,0.011339843537197872
14.04,0.011147319343769
14.05,0.011285040360883493
14.06,0.011507168068840194
14.07,0.011624744353380075
14.08,0.011848129973329104
14.09,0.011750853728375834
14.1,0.01138037994075024
14.11,0.010960346651995233
14.12,0.010470072561027515
14.13,0.010310619069950606
14.14,0.010314690057290958
14.15,0.010625319122985283
14.16,0.011143661639566668
14.17,0.01155251062849311
14.18,0.011993662977649967
14.19,0.012386200738904687
14.2,0.012801091236607304
14.21,0.013150442757029895
14.22,0.013685207239694349
14.23,0.013960877409843472
14.24,0.014005697789014199
14.25,0.013773495204482799
14.26,0.013248125315127918
14.27,0.012464067982793623
14.28,0.011766921066366648
14.29,0.011237322649638394
14.3,0.0108636168234708
14.31,0.010469909176500961
14.32,0.010316532011612407
14.33,0.010122668849907092
14.34,0.009889686665159002
14.35,0.009709597871636241
14.36,0.00968107216975083
14.37,0.009763618116505562
14.38,0.009956953088798199
14.39,0.010246688464891199
14.4,0.010718104854654112
14.41,0.01111693385885926
14.42,0.011560108261687551
14.43,0.012082984323624346
14.44,0.012775505898867572
14.45,0.01347281676257094
14.46,0.014141040447735327
14.47,0.01471500653353924
14.48,0.014917808536095246
14.49,0.014569441918607207
14.5,0.013737796972313625
14.51,0.012456302234459185
14.52,0.011003338296002713
14.53,0.009645075725155978
14.54,0.00864296751669892
14.55,0.008060171651825987
14.56,0.007787297126634541
14.57,0.007936041298430589
14.58,0.008066581570602166
14.59,0.008293288664473349
14.6,0.008512922545011998
14.61,0.008699130696793948
14.62,0.009004946794472888
14.63,0.009386710736907439
14.64,0.009727725287511662
14.65,0.010100499982360027
14.66,0.010372340563615502
14.67,0.010833855206160155
14.68,0.01127451474606625
14.69,0.01178736497878821
14.7,0.012135552059676216
14.71,0.01208777585782238
14.72,0.011774060707722423
14.73,0.011049059156944234
14.74,0.01027104333338634
14.75,0.009479558728736105
14.76,0.008808131415198288
14.77,0.008620363932197105
14.78,0.008362761960127663
14.79,0.008270575455439973
14.8,0.008214468691011103
14.81,0.007984227981292584
14.82,0.007946070897196192
14.83,0.008028879676214745
14.84,0.008369076876274735
14.85,0.009089585269717478
14.86,0.0100049222108471
14.87,0.010900359018291396
14.88,0.011450320291157254
14.89,0.011493122221770494
14.9,0.011379720692989172
14.91,0.011164728452166234
14.92,0.010916416742238469
14.93,0.011030888708997716
14.94,0.010923289383466471
14.95,0.010642350897514518
14.96,0.01029042866125372
14.97,0.00960590349324789
14.98,0.00912328665158334
14.99,0.00887776922087909
15.0,0.008909614589270977
15.01,0.009324421791309797
15.02,0.009602821178392923
15.03,0.009994945820946906
15.04,0.00993834568451736
15.05,0.009555044976538963
15.06,0.009110038796183535
15.07,0.00864195517101709
15.08,0.008483948742576866
15.09,0.008776198981591802
15.1,0.009279023783411824
15.11,0.010086074303830395
15.12,0.010428539123872163
15.13,0.01077159523348078
15.14,0.010774190583578714
15.15,0.010618586755836755
15.16,0.010588286090403253
15.17,0.010635074751630122
15.18,0.01078061833105809
15.19,0.01095575124479302
15.2,0.01098423335185735
15.21,0.011157789105670031
15.22,0.011185448580446733
15.23,0.011330960549263696
15.24,0.011226909866153706
15.25,0.01101033726496592
15.26,0.010576316619750194
15.27,0.010366704400562553
15.28,0.010264976058492256
15.29,0.0103831515700132
15.3,0.010712864544348489
15.31,0.010923618245440922
15.32,0.010816671191319313
15.33,0.010595222799206747
15.34,0.010003061865072917
15.35,0.009685685405656425
15.36,0.009460969153158158
15.37,0.009831116722860415
15.38,0.010234861906010403
15.39,0.010680361458366623
15.4,0.011140386404516494
15.41,0.011465374720716756
15.42,0.011314806146058108
15.43,0.011337353479330776
15.44,0.010991049014669584
15.45,0.010654614412729815
15.46,0.010106620301681878
15.47,0.009902968939657872
15.48,0.009700344666286538
15.49,0.009431310753135583
15.5,0.009156691913944345
15.51,0.008932411656717874
15.52,0.008213869464030013
15.53,0.007883557420792092
15.54,0.007610216403597608
15.55,0.007748266845436178
15.56,0.007825598248003171
15.57,0.007944599598612831
15.58,0.008019162634532815
15.59,0.008006794104331411
15.6,0.007857839183636982
15.61,0.008055036235438224
15.62,0.007977537401549262
15.63,0.0080349016796577
15.64,0.007886163915105174
15.65,0.007732987322320826
15.66,0.007753790739906704
15.67,0.008008135311987569
15.68,0.008548949639155336
15.69,0.009412296074647155
15.7,0.01005001920418959
15.71,0.010616898857502916
15.72,0.010819753506174258
15.73,0.010919926122139266
15.74,0.01103288499655158
15.75,0.011081912703154508
15.76,0.011281268148719074
15.77,0.011320139928821459
15.78,0.01143146258995252
15.79,0.01164060150522239
15.8,0.011784572938944625
15.81,0.011946433192225017
15.82,0.011810659023349823
15.83,0.011425073429436258
15.84,0.01076351023721652
15.85,0.009914501453976545
15.86,0.009085157414905665
15.87,0.008476214206540433
15.88,0.008158277505418638
15.89,0.008104701193235413
15.9,0.008240594037936517
15.91,0.00871659565810734
15.92,0.009055179204203045
15.93,0.009736111298331424
15.94,0.010326098887925485
15.95,0.01072622843788117
15.96,0.01071475009349055
15.97,0.010367854218194465
15.98,0.010027469942432822
15.99,0.009553429229653666
16.0,0.009394413662332395
16.01,0.00955201377762808
16.02,0.009671776063115645
16.03,0.010050733337445784
16.04,0.010258937358204058
16.05,0.010344622996542846
16.06,0.010422983049682432
16.07,0.010231883922323454
16.08,0.010187113146904259
16.09,0.010028150225698373
16.1,0.010007023790631802
16.11,0.009975921528414748
16.12,0.009772660572957337
16.13,0.009750167726866777
16.14,0.009679348891255454
16.15,0.009692380153263326
16.16,0.010019511836653216
16.17,0.010164428348039638
16.18,0.010210814465672773
16.19,0.010274798279597479
16.2,0.009972204606416431
16.21,0.009822829755106632
16.22,0.009726491611465963
16.23,0.009719173400931353
16.24,0.009711142176281842
16.25,0.009407484074053308
16.26,0.009115503074545606
16.27,0.008706153901703874
16.28,0.008229465028274532
16.29,0.00817335826384568
16.3,0.008098528626111011
16.31,0.00825111965275379
16.32,0.008450580390549061
16.33,0.008657884327849261
16.34,0.008801928198525278
16.35,0.008828360973607851
16.36,0.008726663843836004
16.37,0.008364349296844377
16.38,0.008200029628887008
16.39,0.007991247416651729
16.4,0.008127956650834132
16.41,0.008325900812237018
16.42,0.008505625932731903
16.43,0.008508834291718961
16.44,0.008195766853210206
16.45,0.007735292397407835
16.46,0.007894870850485285
16.47,0.008111807529372024
16.48,0.008891046611947073
16.49,0.009672876435074843
16.5,0.010420558458775448
16.51,0.01071278445548549
16.52,0.010577946988537684
16.53,0.010454410967073058
16.54,0.010414045885461978
16.55,0.010306027432299626
16.56,0.010479314344917836
16.57,0.010485328410946366
16.58,0.010342169995467537
16.59,0.009994998467062317
16.6,0.009525904020026522
16.61,0.009079559838815865
16.62,0.008547639081047803
16.63,0.008058052243338703
16.64,0.00765782882261207
16.65,0.0074784535995956304
16.66,0.007600596881168855
16.67,0.00795670180424405
16.68,0.008870501012408712
16.69,0.009673447093809111
16.7,0.01040603666373752
16.71,0.010719453999724574
16.72,0.010558112321812588
16.73,0.010059887095058227
16.74,0.00929539310337914
16.75,0.008686477736074389
16.76,0.008331441574347339
16.77,0.00815496104571289
16.78,0.008453834590094978
16.79,0.008604814606824666
16.8,0.008836750589541491
16.81,0.008911254572102786
16.82,0.008926282121664254
16.83,0.009041132389712242
16.84,0.0091118357562986
16.85,0.009160218559798218
16.86,0.009239668409790014
16.87,0.008983194252427372
16.88,0.008657642531089454
16.89,0.008046132211999723
16.9,0.007645641228395809
16.91,0.00710136668339719
16.92,0.006620026151536572
16.93,0.006460200203664551
16.94,0.006544732261178854
16.95,0.006999084550233737
16.96,0.007719841552350827
16.97,0.008693722271348224
16.98,0.009568039613719099
16.99,0.009931154927217247
17.0,0.009937989379795602
17.01,0.009590273111591526
17.02,0.008914126138059558
17.03,0.008309601568774933
17.04,0.007944729126790262
17.05,0.008161496324802855
17.06,0.008338083675838997
17.07,0.008778774428043342
17.08,0.009293925005238231
17.09,0.009514080667946285
17.1,0.009511342399717815
17.11,0.0092494244367478
17.12,0.009199926633028188
17.13,0.008992455541650663
17.14,0.008986161661007635
17.15,0.008994701563378105
17.16,0.008798211440963655
17.17,0.008490275365688815
17.18,0.008178272918977405
17.19,0.007741654115176031
17.2,0.007553942086778385
17.21,0.00746542554438857
17.22,0.00760973281007819
17.23,0.0077200344725457835
17.24,0.008020819883317811
17.25,0.008199325109674705
17.26,0.008242128165787623
17.27,0.008450909815273081
17.28,0.008632172099624703
17.29,0.008945712720982777
17.3,0.009155514090814589
17.31,0.009388543077184383
17.32,0.009501291765448014
17.33,0.00918713869795058
17.34,0.008731302283108654
17.35,0.008189209008444281
17.36,0.007810121074078825
17.37,0.00776409655453083
17.38,0.00777234702824302
17.39,0.007905188207637345
17.4,0.007871570121435394
17.41,0.007526153482137075
17.42,0.007429227128303925
17.43,0.007523903690858853
17.44,0.008117268765370148
17.45,0.0087360593982084
17.46,0.009412325047566235
17.47,0.00960083827443467
17.48,0.009175249878910855
17.49,0.00856149033129249
17.5,0.007890279048396715
17.51,0.007675237368259389
17.52,0.007895754066302859
17.53,0.00842863452999604
17.54,0.00891694394402138
17.55,0.008870639047109295
17.56,0.008382781332389164
17.57,0.007562282263398023
17.58,0.006646430352013524
17.59,0.006082822726949476
17.6,0.00579953709490278
17.61,0.005777570198845237
17.62,0.005897773608530981
17.63,0.006188169909014899
17.64,0.006198329042316233
17.65,0.0064147679411046665
17.66,0.006469027743354181
17.67,0.006525411286391911
17.68,0.006890150424290126
17.69,0.007137902176115404
17.7,0.007594502726277665
17.71,0.007958860362444491
17.72,0.008337190005982863
17.73,0.00849612227764026
17.74,0.008155316236554761
17.75,0.007792635077261613
17.76,0.007304217164204903
17.77,0.006708583355832168
17.78,0.006337118820778743
17.79,0.006212686485406607
17.8,0.006062007887903622
17.81,0.005950570320497364
17.82,0.006306919279711795
17.83,0.0067023786153459965
17.84,0.007181801436323104
17.85,0.007866918861317082
17.86,0.008362744131424403
17.87,0.008698805604370596
17.88,0.00857666232279744
17.89,0.008254780563757301
17.9,0.00785560710825438
17.91,0.0071371950128522234
17.92,0.006751108672273536
17.93,0.00656309882976295
17.94,0.006489793143085544
17.95,0.006608991575395575
17.96,0.0069094413186370635
17.97,0.007261779311291176
17.98,0.00755596357769999
17.99,0.007498435915064801
18.0,0.0074542170086134285
18.01,0.007027825607203372
18.02,0.006319492151568381
18.03,0.005742439981358797
18.04,0.005443929148942032
18.05,0.005187806014557636
18.06,0.00530492390258744
18.07,0.005497202934377115
18.08,0.005739524820581251
18.09,0.005807793975858312
18.1,0.005931356314570974
18.11,0.0061452835572382335
18.12,0.006262180121262596
18.13,0.006406276638053933
18.14,0.006468205111066173
18.15,0.006275190347766224
18.16,0.0060819822659582985
18.17,0.005815941232282299
18.18,0.005702376318974203
18.19,0.005743592038370582
18.2,0.006017780328470766
18.21,0.00628226940559219
18.22,0.006542519942983012
18.23,0.00671170425764983
18.24,0.006778144279450702
18.25,0.006715907979968298
18.26,0.006756138796430275
18.27,0.0069636414984191345
18.28,0.007277515149615172
18.29,0.007596145915910222
18.3,0.007885288073952371
18.31,0.007973488012463241
18.32,0.007923795611918553
18.33,0.007710744210404237
18.34,0.00768005089902418
18.35,0.007604184110552646
18.36,0.007435490928506722
18.37,0.007293972495859782
18.38,0.007102350625268742
18.39,0.006831658331474304
18.4,0.00660061978816452
18.41,0.006370767556528854
18.42,0.006599781003803573
18.43,0.0068436310089286445
18.44,0.007255916940802181
18.45,0.007689481833558933
18.46,0.00797204094982674
18.47,0.007885595900422517
18.48,0.007578022269585553
18.49,0.007020407510608953
18.5,0.006793226714507097
18.51,0.0067501828226973004
18.52,0.006980470738709116
18.53,0.007444949305788563
18.54,0.007735708887345943
18.55,0.007595006679743522
18.56,0.0074407908549211175
18.57,0.007175944347578167
18.58,0.00716006839961118
18.59,0.0071713903294683854
18.6,0.007295888131800986
18.61,0.007340410696858749
18.62,0.007134214385113976
18.63,0.00681599673751975
18.64,0.006557056359923689
18.65,0.006410753369430212
18.66,0.006518412317428359
18.67,0.0065593023816513905
18.68,0.006688441425386879
18.69,0.006670022609000438
18.7,0.006669662136414971
18.71,0.0064571082747649396
18.72,0.006324605571389024
18.73,0.006265874882256602
18.74,0.006273326396877794
18.75,0.006367320999537586
18.76,0.006636646882308116
18.77,0.0068049343203179236
18.78,0.006826358967810348
18.79,0.006676059234346011
18.8,0.006511224197820924
18.81,0.006275872307661176
18.82,0.00629680638528245
18.83,0.00643529514918951
18.84,0.00681632616224342
18.85,0.007106726232278066
18.86,0.007241165607099025
18.87,0.007453695226443918
18.88,0.007452872031406336
18.89,0.00736899449103962
18.9,0.007122686038658663
18.91,0.00660448323340718
18.92,0.006091334788259374
18.93,0.005420040209699941
18.94,0.004749106666475759
18.95,0.004270837028010306
18.96,0.0038832019376778965
18.97,0.0037297318630811426
18.98,0.0038238281528576883
18.99,0.0042799338072068245
19.0,0.004864804371866448
19.01,0.005749088091780735
19.02,0.006674727077984281
19.03,0.007435354423978157
19.04,0.007928605935883135
19.05,0.008379848620152562
19.06,0.008527686699559868
19.07,0.008555693990513508
19.08,0.008439161105875236
19.09,0.008216573477595952
19.1,0.007724058658264001
19.11,0.007234737859619725
19.12,0.006826628207317328
19.13,0.006374431269661912
19.14,0.005925376667641368
19.15,0.005694726039664477
19.16,0.005511929064711738
19.17,0.005511410489343304
19.18,0.005679908676251435
19.19,0.005966865396095705
19.2,0.00626133589072075
19.21,0.006379297446542462
19.22,0.0064991988742517
19.23,0.0063602725912601955
19.24,0.00619994382178018
19.25,0.005916139614365139
19.26,0.005629322605850841
19.27,0.005486543054410678
19.28,0.005295570817536352
19.29,0.005385165172568581
19.3,0.005493594669488859
19.31,0.00556848392969037
19.32,0.0058553283809521595
19.33,0.005806561267233328
19.34,0.005747007945813174
19.35,0.005641102925859128
19.36,0.005521473944458065
19.37,0.005632626244710848
19.38,0.005630052328430085
19.39,0.005788254314757932
19.4,0.005815699435522354
19.41,0.0056583764971483265
19.42,0.005584058458430548
19.43,0.00557276774087171
19.44,0.005599473923325164
19.45,0.0057546055790077995
19.46,0.0061016932489993
19.47,0.0063999886019041755
19.48,0.006617160430073058
19.49,0.006639407709853156
19.5,0.006775299593491361
19.51,0.00690553844643626
19.52,0.006888340086937618
19.53,0.006967989662680845
19.54,0.0067903625232151555
19.55,0.006495184302577449
19.56,0.006204591875097648
19.57,0.005926462694942823
19.58,0.006140417380357579
19.59,0.006411271382048839
19.6,0.0068021680465918544
19.61,0.007263251741732563
19.62,0.0072744886876763394
19.63,0.007041565157974075
19.64,0.006546015939288716
19.65,0.006217271715814425
19.66,0.005944477842235691
19.67,0.005874616068498516
19.68,0.006125554745493828
19.69,0.006350243555244547
19.7,0.006408813497542937
19.71,0.006473287881338554
19.72,0.006235179331497046
19.73,0.005856281673275492
19.74,0.005429638298311529
19.75,0.005182204668916421
19.76,0.004960571294023235
19.77,0.004853213765251892
19.78,0.004978835214427722
19.79,0.005164388849062227
19.8,0.0053640951531679975
19.81,0.0057267257412886045
19.82,0.005984355560776777
19.83,0.006108881368606743
19.84,0.006150180946416734
19.85,0.006116013072548105
19.86,0.005977738662653168
19.87,0.005699038823764442
19.88,0.005490287823827559
19.89,0.005229658985148036
19.9,0.004754004055654626
19.91,0.004263484961126372
19.92,0.0041949096560091334
19.93,0.00420955930259496
19.94,0.004644968519838601
19.95,0.005425294864663741
19.96,0.00618169592902219
19.97,0.006619108239375567
19.98,0.0067426083179284516
19.99,0.006642524842120724
20.0,0.006478618457300948
20.01,0.006055363547032327
20.02,0.005873635333427726
20.03,0.005628993743876361
20.04,0.005481841792227635
20.05,0.005325667704064505
20.06,0.005412029457804795
20.07,0.005772483659021833
20.08,0.0063576482682436005
20.09,0.006810368511881186
20.1,0.007522622668419722
20.11,0.007918418234334505
20.12,0.0080445702430885
20.13,0.007840902974486757
20.14,0.0075606148378186714
20.15,0.00707338155344752
20.16,0.006729432613977051
20.17,0.006500508869609528
20.18,0.006565775400581495
20.19,0.006488105244751457
20.2,0.006533611751680864
20.21,0.006465910611086626
20.22,0.0063105275446000385
20.23,0.006086928531701584
20.24,0.005830125114051827
20.25,0.005561295810082925
20.26,0.005309764313349938
20.27,0.005097693646906487
20.28,0.005043604603848313
20.29,0.005055822847612802
20.3,0.005298201149483051
20.31,0.005571272199983417
20.32,0.005832283109502344
20.33,0.0060394569495169055
20.34,0.005970799316156996
20.35,0.005954594506215875
20.36,0.005760703901763161
20.37,0.0056001015604753065
20.38,0.005398070106841727
20.39,0.0051066050450097695
20.4,0.004889545479064621
20.41,0.004774225676649571
20.42,0.004590206568179214
20.43,0.0046755307728697055
20.44,0.004721565867524693
20.45,0.004933160592357945
20.46,0.005268272378094584
20.47,0.005692179566130996
20.48,0.006037926028466338
20.49,0.006252617412812437
20.5,0.006120826603313044
20.51,0.005747834347651747
20.52,0.005130656254898023
20.53,0.004538958043216455
20.54,0.004104958996254876
20.55,0.0039117024361953225
20.56,0.004067603515300421
20.57,0.0044956407440358
20.58,0.004840533361785091
20.59,0.005227736941963549
20.6,0.005553399964462671
20.61,0.005868908867876931
20.62,0.006006084827938116
20.63,0.006109008259091269
20.64,0.006041677205126753
20.65,0.0059069016000255214
20.66,0.005583214227888833
20.67,0.005347936582098662
20.68,0.0050758594858271765
20.69,0.004866611508775854
20.7,0.004989928843927874
20.71,0.00532572035017979
20.72,0.005810848847965504
20.73,0.006496333152788043
20.74,0.007017460739219845
20.75,0.007385451837284372
20.76,0.007574333353084469
20.77,0.007508851905350557
20.78,0.007313921107797039
20.79,0.006998678806197423
20.8,0.006756744835326216
20.81,0.0064892224843512295
20.82,0.0060304122536858264
20.83,0.005704534314424668
20.84,0.00533889829351101
20.85,0.004992521556333197
20.86,0.004747775072864088
20.87,0.0045778514215732155
20.88,0.0045161120992052535
20.89,0.004669410851860793
20.9,0.004804536917190273
20.91,0.005188874775905559
20.92,0.005469406955071387
20.93,0.00566168334281006
20.94,0.005688029052678028
20.95,0.0056758941045773345
20.96,0.005587448599755915
20.97,0.005400935828304648
20.98,0.005335973518688871
20.99,0.005334280889741628
21.0,0.005206039285413149
21.01,0.005215655202728179
21.02,0.005103518960603823
21.03,0.005127051196811186
21.04,0.005292217733003089
21.05,0.005574652727264596
21.06,0.00610417369282249
21.07,0.006419255253946477
21.08,0.006555617234701409
21.09,0.006282823361122676
21.1,0.005786037265949244
21.11,0.00522620865860623
21.12,0.004775448208480406
21.13,0.004671491396141212
21.14,0.005103462146625013
21.15,0.0056000805249711225
21.16,0.006217626906656305
21.17,0.006699349509356458
21.18,0.006887197643970366
21.19,0.006835403663641534
21.2,0.006737667896678664
21.21,0.006335016678244679
21.22,0.005831383026044701
21.23,0.005269119815437724
21.24,0.00470273393243783
21.25,0.00413956158707842
21.26,0.003662192430383746
21.27,0.0035252372315780307
21.28,0.0032823973327553158
21.29,0.003177141946518097
21.3,0.003218006244623389
21.31,0.003105509529913422
21.32,0.002866820707293809
21.33,0.0028910917173751247
21.34,0.0030917878078460972
21.35,0.00331942715853642
21.36,0.0036155376359933594
21.37,0.003926386501880355
21.38,0.004039156225648263
21.39,0.003943050827472825
21.4,0.003967809200624274
21.41,0.004055574422180398
21.42,0.004109337810065313
21.43,0.004221235860543962
21.44,0.004233643254952755
21.45,0.004053581904177616
21.46,0.003799205721485483
21.47,0.0036920647861058654
21.48,0.0037662431134937928
21.49,0.0040819765477144035
21.5,0.004553968326824687
21.51,0.004897686890995298
21.52,0.0049856670293134935
21.53,0.004956749642544505
21.54,0.004708335278078662
21.55,0.004619665805200816
21.56,0.0045805558334523775
21.57,0.004725139315000873
21.58,0.004849969742499997
21.59,0.005052274205191562
21.6,0.0051291569444588065
21.61,0.005254544811533838
21.62,0.005243566088308631
21.63,0.0053297693409530495
21.64,0.005333489868065043
21.65,0.005366389653147164
21.66,0.005509498060203156
21.67,0.005631231828189507
21.68,0.005658565647792845
21.69,0.005893892334584724
21.7,0.006046728364788189
21.71,0.006091685646800728
21.72,0.00601807910364643
21.73,0.005832916591145817
21.74,0.005573268487537014
21.75,0.005077881539498431
21.76,0.004799779802091193
21.77,0.004512612333348678
21.78,0.0042556940094240735
21.79,0.004160477273246892
21.8,0.0042654280398149395
21.81,0.0044764799469746465
21.82,0.004777312159368482
21.83,0.005261847837416462
21.84,0.005732582267284164
21.85,0.0059460409430057235
21.86,0.006078899951103396
21.87,0.0058598335224976745
21.88,0.005384703012866206
21.89,0.004863410518094967
21.9,0.004349855766160923
21.91,0.004180562389712556
21.92,0.004283051502223821
21.93,0.00471311022188071
21.94,0.005313642380495187
21.95,0.005815671992775175
21.96,0.006037085567475653
21.97,0.005850652884887337
21.98,0.005402277035960924
21.99,0.004849415786969657
22.0,0.004288327192691374
22.01,0.003982710422450884
22.02,0.0037517899922170014
22.03,0.0036465620487273545
22.04,0.00361868221100817
22.05,0.003676648758461703
22.06,0.003894264917629739
22.07,0.00412663882410218
22.08,0.004418814818747708
22.09,0.004563122084437357
22.1,0.00463636815500628
22.11,0.0047067485041120015
22.12,0.00466965641817127
22.13,0.004725826005509698
22.14,0.00483375796256577
22.15,0.004765458157740181
22.16,0.004645087195664031
22.17,0.00453354961777085
22.18,0.0043987217648671535
22.19,0.004373273494406244
22.2,0.004434718209462308
22.21,0.0044750054415904055
22.22,0.004469022587860065
22.23,0.004459616856693587
22.24,0.0044399374842636775
22.25,0.004493283983896954
22.26,0.004533276608712899
22.27,0.004686333564608782
22.28,0.004534727440900313
22.29,0.0043105782420222475
22.3,0.003928295724219258
22.31,0.0034913154867695735
22.32,0.0031784267385080306
22.33,0.0032191761303384243
22.34,0.003424356889600338
22.35,0.0038426632947459005
22.36,0.004412334425153041
22.37,0.004892274695998819
22.38,0.0051612969201628115
22.39,0.005280164966685821
22.4,0.005232142635771566
22.41,0.005117730285120776
22.42,0.004993968618969699
22.43,0.004973857736386014
22.44,0.004951284801432575
22.45,0.0047326884699437
22.46,0.004646428403320255
22.47,0.004457511507358283
22.48,0.00424511518574142
22.49,0.004166404274060704
22.5,0.004329384410991779
22.51,0.0043857157062269555
22.52,0.004437584493675127
22.53,0.004406460070454102
22.54,0.0044563374537793495
22.55,0.004535269689465372
22.56,0.004647486987873834
22.57,0.004873061252821644
22.58,0.0050774774720916994
22.59,0.005023795703240782
22.6,0.005066371021746566
22.61,0.005071537087682822
22.62,0.005155858959048637
22.63,0.005100349182221274
22.64,0.005069355419035685
22.65,0.004952216495501625
22.66,0.004674823046856909
22.67,0.004334436531715517
22.68,0.004155086113754116
22.69,0.004020184579230951
22.7,0.004012502689310065
22.71,0.004108682730167734
22.72,0.004260640275167153
22.73,0.004308472892687114
22.74,0.004375875820855482
22.75,0.0042663602966336355
22.76,0.004025894986653252
22.77,0.0037715188039612315
22.78,0.0034575086482362886
22.79,0.003120019066856453
22.8,0.0030259195702789067
22.81,0.0030519390622236265
22.82,0.0031406269265545333
22.83,0.003301800489326222
22.84,0.0035302399129874553
22.85,0.0037552333424073253
22.86,0.003922442967774629
22.87,0.004114147571279611
22.88,0.004185428566593154
22.89,0.0041454707591891595
22.9,0.0040985698357383195
22.91,0.003994981312330565
22.92,0.0038840155186710824
22.93,0.0037626106126590693
22.94,0.003788521605572324
22.95,0.0038145943063823797
22.96,0.0038373601615310175
22.97,0.003987740546608112
22.98,0.00391473947959983
22.99,0.003896233762435852
23.0,0.0038402322902376784
23.01,0.0037701243874401487
23.02,0.0036978906625532502
23.03,0.0035882070231911837
23.04,0.003505152115112227
23.05,0.0035118707003526962
23.06,0.003450429590410432
23.07,0.0036368274555865676
23.08,0.0037326291951554806
23.09,0.0038597751581382115
23.1,0.0037858740076718786
23.11,0.003631282525611762
23.12,0.003368737488241466
23.13,0.0031759641233884066
23.14,0.003025835711865171
23.15,0.0030662594485222085
23.16,0.0031084907204014635
23.17,0.0031578752944760764
23.18,0.0031073386633897393
23.19,0.003185887867173677
23.2,0.0033709229264396972
23.21,0.003756130219064546
23.22,0.004232245631630351
23.23,0.004755481767839686
23.24,0.00498873151546507
23.25,0.0050971788410886735
23.26,0.0048954450371309485
23.27,0.004588399032956981
23.28,0.004356605962012588
23.29,0.004151208046609061
23.3,0.004090040508474795
23.31,0.004156291379631409
23.32,0.004122676898543323
23.33,0.00431907915911739
23.34,0.00458255212100612
23.35,0.005035131129501142
23.36,0.005501025148606052
23.37,0.0058488237514111915
23.38,0.006023038190235019
23.39,0.005866640134015399
23.4,0.005580940763413664
23.41,0.00527400966551467
23.42,0.004977956166473851
23.43,0.00476559466226923
23.44,0.004642985053130018
23.45,0.004486649257070142
23.46,0.004175368318279354
23.47,0.0040435490986111666
23.48,0.003956690367756396
23.49,0.003969343328475607
23.5,0.00413814613505291
23.51,0.004268980451786666
23.52,0.00436841469219039
23.53,0.004423537116434748
23.54,0.004511081975048213
23.55,0.0046535601072616286
23.56,0.004672501104130204
23.57,0.004738044249273908
23.58,0.004637383707488931
23.59,0.004384647507628704
23.6,0.004102584407412517
23.61,0.0038058752657244175
23.62,0.003494160172728776
23.63,0.0032216951611243423
23.64,0.0030292822688567016
23.65,0.00304368274401824
23.66,0.003130321111930353
23.67,0.0034687113395181404
23.68,0.003791229787002631
23.69,0.004116336779028678
23.7,0.004416520318768552
23.71,0.0046597326743863755
23.72,0.004856002035545088
23.73,0.005175780690988143
23.74,0.005375034449435753
23.75,0.005651843457438458
23.76,0.005628447725760217
23.77,0.0055552501334430225
23.78,0.005335727952378418
23.79,0.005029859208584176
23.8,0.004698139087985346
23.81,0.004402221530723633
23.82,0.0040950174237666895
23.83,0.004021354464946321
23.84,0.004010884703045364
23.85,0.004272476448092429
23.86,0.0045696299207796925
23.87,0.00475706854180653
23.88,0.004845374335297991
23.89,0.004743834745559136
23.9,0.004604883259199757
23.91,0.00447317310131307
23.92,0.0043365418810508575
23.93,0.004374152542360076
23.94,0.004513078262601782
23.95,0.004597804201373934
23.96,0.004693816689841281
23.97,0.004727412779476278
23.98,0.004621805971947982
23.99,0.00438967763178592
24.0,0.004135599661519645
24.01,0.0039084482366494025
24.02,0.0037661904673785772
24.03,0.003576867827380398
24.04,0.0036083801659343327
24.05,0.003526467700822901
24.06,0.0035398558303023965
24.07,0.003557461464008345
24.08,0.0036283013351237547
24.09,0.0037632973031677254
24.1,0.003964397062732246
24.11,0.0041674724726590865
24.12,0.004408012027008864
24.13,0.004536965525213797
24.14,0.00466875954151405
24.15,0.004592395775928083
24.16,0.004422692885892781
24.17,0.004005339773070526
24.18,0.0036517813235286047
24.19,0.00327884492078349
24.2,0.0030282667163736925
24.21,0.0028664386364544167
24.22,0.0028670405074866195
24.23,0.002978447425344318
24.24,0.0030874385297042766
24.25,0.0032910325149995354
24.26,0.0035616157470125557
24.27,0.0036199433298013824
24.28,0.0036881598389631393
24.29,0.00370699121130047
24.3,0.003882512040368387
24.31,0.004173672482531092
24.32,0.004522011657271652
24.33,0.004878336943289445
24.34,0.004912315103763936
24.35,0.00464768952211357
24.36,0.004280813417910736
24.37,0.0038224863824517954
24.38,0.003537750480967465
24.39,0.003473117596075773
24.4,0.003496762499178138
24.41,0.0035631192253152287
24.42,0.0034438691079526932
24.43,0.0032079459963093126
24.44,0.0029184529797260305
24.45,0.0025163519472716895
24.46,0.0023261777020672303
24.47,0.002200891522109107
24.48,0.002198292402460498
24.49,0.002361928580351754
24.5,0.00257757269427121
24.51,0.002885028212032165
24.52,0.0031473803292073376
24.53,0.0032495437865452752
24.54,0.0034004953931061365
24.55,0.003436575133364885
24.56,0.00342963258006784
24.57,0.0034491722411677333
24.58,0.003413970986112876
24.59,0.003310329816589765
24.6,0.0031662122642943246
24.61,0.0029860702619065316
24.62,0.002890955212846209
24.63,0.0027922603090665575
24.64,0.002948487043344984
24.65,0.003320333649237843
24.66,0.0036800120197889915
24.67,0.00424230587994436
24.68,0.004637383707489104
24.69,0.004842203994165636
24.7,0.0048661186995252684
24.71,0.004709288570401996
24.72,0.004465522822003545
24.73,0.004224454679928068
24.74,0.004190265770555158
24.75,0.0043057647112572164
24.76,0.00459113465713483
24.77,0.00489730482015591
24.78,0.005114479855125886
24.79,0.0052140506000586525
24.8,0.005095837070683118
24.81,0.004975388657436718
24.82,0.00474588367922826
24.83,0.004658453726889681
24.84,0.004618495919485739
24.85,0.004424850881343362
24.86,0.004170835733986642
24.87,0.003882704960563602
24.88,0.0034566644176946787
24.89,0.003185254385530188
24.9,0.0029646149648656734
24.91,0.0029400974274110766
24.92,0.002931410560114291
24.93,0.002990466904420073
24.94,0.003086212228323024
24.95,0.0031632310738064448
24.96,0.0031090619418854023
24.97,0.0030584726646836575
24.98,0.002913668421879529
24.99,0.0027603132535577403
25.0,0.002616080232237387
25.01,0.002524878067734248
25.02,0.0025290323507383087
25.03,0.0026685082569596454
25.04,0.0028320289658261564
25.05,0.00294482389296192
25.06,0.0031125052920758264
25.07,0.0030621083723193355
25.08,0.002944200025362828
25.09,0.002787041034265284
25.1,0.002599710912269963
25.11,0.0024995130929372188
25.12,0.0023309348171661817
25.13,0.002409158365776744
25.14,0.0025593183879111573
25.15,0.00277902971962017
25.16,0.0031714841852112396
25.17,0.0035288987053314403
25.18,0.0038416299135598424
25.19,0.0040152108707402785
25.2,0.0038750798846215444
25.21,0.0036065203829096777
25.22,0.003093673356988482
25.23,0.002582220747588732
25.24,0.002222154461704621
25.25,0.002083501187771108
25.26,0.0021909677783240296
25.27,0.002357280527034206
25.28,0.0026687538232702266
25.29,0.002886614985998877
25.3,0.002944771246846608
25.31,0.0029219215332843664
25.32,0.002833941394966199
25.33,0.002961990641849481
25.34,0.003136938010053983
25.35,0.0034564130068908115
25.36,0.003784423738234636
25.37,0.004059077394837976
25.38,0.004149709298920018
25.39,0.004096595146438929
25.4,0.004042568363540221
25.41,0.004107970836291258
25.42,0.004003045273090967
25.43,0.004243721331969764
25.44,0.004288225505574347
25.45,0.004295273515538961
25.46,0.004033387725929739
25.47,0.003694142692693126
25.48,0.0033008471970027674
25.49,0.002916043010721497
25.5,0.002663530778917785
25.51,0.002716306057067431
25.52,0.002724289366215173
25.53,0.00285244767487996
25.54,0.0029012610274707523
25.55,0.0028817740124861117
25.56,0.0028583746756940735
25.57,0.0027971539286944847
25.58,0.002932772803274749
25.59,0.0030531969742161043
25.6,0.0032660496110418344
25.61,0.003520866355182289
25.62,0.0037144523399659777
25.63,0.0037030298484916385
25.64,0.0037075097866689386
25.65,0.003614667639333899
25.66,0.003565630318686643
25.67,0.0034991064384720717
25.68,0.003549643069558478
25.69,0.0034882331719146096
25.7,0.003424549809795485
25.71,0.0031677151798474813
25.72,0.0029070515237558615
25.73,0.002630515524811065
25.74,0.002541330683365742
25.75,0.0027539693644921346
25.76,0.003137509231537643
25.77,0.003662003279739456
25.78,0.004096468255954153
25.79,0.004387957560091065
25.8,0.004524558130804797
25.81,0.004413340363591411
25.82,0.004292513086306459
25.83,0.0040017347149831385
25.84,0.0036618141290948834
25.85,0.0033359678004449204
25.86,0.0028824817384987098
25.87,0.0025251510767921857
25.88,0.0022031860220883327
25.89,0.0021802836624107416
25.9,0.0023364271010254227
25.91,0.002506291698957557
25.92,0.002758782895257218
25.93,0.002930534718961502
25.94,0.0029353444801758877
25.95,0.002900108970458874
25.96,0.002765778094669535
25.97,0.002731641433099124
25.98,0.0027536437093186755
25.99,0.002832463682780809
26.0,0.0031351620854427266
26.01,0.003342910353742
26.02,0.0036207875603429533
26.03,0.003883171288129278
26.04,0.004045952660371714
26.05,0.004094226402089854
26.06,0.00399722316619457
26.07,0.0037424164344114132
26.08,0.003631881189843115
26.09,0.0033911212725507914
26.1,0.0035177977011668065
26.11,0.0035032923320876485
26.12,0.003524061501369811
26.13,0.003353766354346638
26.14,0.0030422082386342038
26.15,0.0025904738589938125
26.16,0.002424455717595556
26.17,0.0023826723818290902
26.18,0.002751181094199169
26.19,0.0030182418482215772
26.2,0.0034317379294027716
26.21,0.0035412850642357924
26.22,0.0034846184997829946
26.23,0.003274799699560762
26.24,0.0030406214646670295
26.25,0.002857232232726431
26.26,0.0028722597822880146
26.27,0.002901366319701423
26.28,0.003172139265108655
26.29,0.003410229423496937
26.3,0.0036305747995992077
26.31,0.0036047170155512503
26.32,0.0034192466765805584
26.33,0.003055056757240794
26.34,0.0025323391963998003
26.35,0.0020869170952139207
26.36,0.001837381886034531
26.37,0.0016967635368456487
26.38,0.0016689401147925124
26.39,0.0017870381751431737
26.4,0.0019131469873890292
26.41,0.002055625119602482
26.42,0.0021887296940105824
26.43,0.002267114950517971
26.44,0.0025268743552879997
26.45,0.0028492209180815443
26.46,0.0031528978164345623
26.47,0.0034851686857629584
26.48,0.003784889104737681
26.49,0.003952350140908847
26.5,0.00391047029032061
26.51,0.0037261213588133156
26.52,0.0035735884244664238
26.53,0.0033757638999522143
26.54,0.0032986827943092953
26.55,0.0033955179150644012
26.56,0.0035823601112397016
26.57,0.003604229089731202
26.58,0.0036342637160999966
26.59,0.0034987807832988797
26.6,0.003366274873122179
26.61,0.003183456862665371
26.62,0.0031707448485873806
26.63,0.003335585729605867
26.64,0.0036922577063010853
26.65,0.003938517680430206
26.66,0.004135792581714611
26.67,0.004220990294233311
26.68,0.004247990521248848
26.69,0.004123055762581779
26.7,0.004090748234487655
26.71,0.004018653658180766
26.72,0.003951281942310637
26.73,0.003993341892248691
26.74,0.004083097392427875
26.75,0.004146231131317212
26.76,0.0040947449774583235
26.77,0.004063971014465586
26.78,0.004020184579230993
26.79,0.003912708374633877
26.8,0.0037763285651756613
26.81,0.003745393457036011
26.82,0.003675128014205335
26.83,0.0036744106741482814
26.84,0.00364341370416185
26.85,0.0035390115997607423
26.86,0.003426027521980662
26.87,0.003188406897959226
26.88,0.0028583472329464696
26.89,0.0025091638276640757
26.9,0.0019863404118425055
26.91,0.0014885531088439578
26.92,0.0012934852440115022
26.93,0.0013121801118198848
26.94,0.0016088892535081251
26.95,0.0019930631649469573
26.96,0.0025231053499243576
26.97,0.0028414905499088844
26.98,0.002955266212115297
26.99,0.002857393940623262
27.0,0.0026052596117952203
27.01,0.0023081689620174633
27.02,0.0022033225266173385
27.03,0.002233906776215923
27.04,0.00239056879019907
27.05,0.0025976093324855632
27.06,0.0028054941053138106
27.07,0.002939306405734638
27.08,0.002939222547320958
27.09,0.0029902213381096244
27.1,0.003004656630683194
27.11,0.003078666842930958
27.12,0.003214234032458613
27.13,0.003333368680796351
27.14,0.003330229950275178
27.15,0.0033210977909166224
27.16,0.003233583980164519
27.17,0.003158064445120422
27.18,0.003069429789654745
27.19,0.0030882085158767283
27.2,0.0030173095914026184
27.21,0.0030244418580937828
27.22,0.0030449965089267344
27.23,0.003006814626133792
27.24,0.0029100327142439282
27.25,0.0028543601040199825
27.26,0.002795188290689417
27.27,0.002573936986635653
27.28,0.002341429782435049
27.29,0.0023396280917063438
27.3,0.0023709200673176093
27.31,0.0026023842762877437
27.32,0.0031126944427198565
27.33,0.0036444599061928617
27.34,0.004058286373160983
27.35,0.004367455555373355
27.36,0.00450069607156063
27.37,0.0043691224182030005
27.38,0.004102395256768343
27.39,0.0038487616175011522
27.4,0.00374055248352341
27.41,0.003634259946549317
27.42,0.0037409872004783027
27.43,0.003933325848376638
27.44,0.0040783440468800045
27.45,0.004323563265158517
27.46,0.004572302722047713
27.47,0.004794041951921389
27.48,0.0050901798721256575
27.49,0.005235558543214349
27.5,0.005302496104879535
27.51,0.005020678570973815
27.52,0.004554403043779403
27.53,0.004005367215818047
27.54,0.0035014283811990767
27.55,0.003119500491488033
27.56,0.0028149735180997334
27.57,0.0025694876980065645
27.58,0.0022633733879017745
27.59,0.0021129645926559605
27.6,0.002076747785118307
27.61,0.002175688255208484
27.62,0.00252999205030483
27.63,0.0028784145207092268
27.64,0.0031832402692731562
27.65,0.0033991541854497902
27.66,0.0034207770348810124
27.67,0.0033535418235399747
27.68,0.003100343463977505
27.69,0.0028716611180568735
27.7,0.0026411469946089868
27.71,0.0022655281765514893
27.72,0.001994975594086877
27.73,0.0018315913897493943
27.74,0.0016483322550943393
27.75,0.0017818989892047256
27.76,0.0019464878966693507
27.77,0.0022831021996460718
27.78,0.00270464120608354
27.79,0.003046965353732674
27.8,0.0032782994654172557
27.81,0.003288244244706466
27.82,0.0031310110092396047
27.83,0.0028858724425738385
27.84,0.002570248070134729
27.85,0.002582682907291086
27.86,0.0025824098982331458
27.87,0.002743965531844277
27.88,0.002971750438357978
27.89,0.0031871489859669868
27.9,0.00328034839908646
27.91,0.0032552816367150354
27.92,0.0031191748363147277
27.93,0.002908203580767726
27.94,0.002673973098071508
27.95,0.0025166776024450163
27.96,0.002418119203194291
27.97,0.002587713031448157
27.98,0.0028283400493254113
27.99,0.003204828864042372
28.0,0.0034379421071388827
28.01,0.003474676927295127
28.02,0.00327469440733047
28.03,0.0029312950910898618
28.04,0.0026187319980016145
28.05,0.002413362088095367
28.06,0.002370594412144418
28.07,0.002528461129254705
28.08,0.00263431350309342
28.09,0.0027105407641503446
28.1,0.0028059562650162647
28.11,0.002968660186088475
28.12,0.0032069304438266284
28.13,0.0035790226160299465
28.14,0.0038158554251756125
28.15,0.0038206963986882328
28.16,0.003552298604873209
28.17,0.0031148524381704825
28.18,0.0026570503853234236
28.19,0.002257218649480631
28.2,0.002108950020982052
28.21,0.0022237412356713444
28.22,0.002292616429844236
28.23,0.0024666069006115863
28.24,0.0025384375191548464
28.25,0.0025288958462092396
28.26,0.0026273983925437696
28.27,0.002785264546904275
28.28,0.002946301605147058
28.29,0.0032307398569554964
28.3,0.0034155577600797613
28.31,0.00372278930978425
28.32,0.0037361816071274194
28.33,0.0036052350281697287
28.34,0.0034862116809931914
28.35,0.0030903665113271223
28.36,0.002792123804537524
28.37,0.002568797800697028
28.38,0.0022808635525828854
28.39,0.0021225626812676106
28.4,0.0019900293283433147
28.41,0.0019250358064293654
28.42,0.0019610812920260266
28.43,0.0020101186126733122
28.44,0.0022098029202122413
28.45,0.0024104162777692996
28.46,0.002559998671176518
28.47,0.0026306245865925742
28.48,0.00259093978824654
28.49,0.0024088853567186437
28.5,0.002435122004805111
28.51,0.0024456696161892734
28.52,0.002598506209142581
28.53,0.0029008789566311974
28.54,0.003110785220380924
28.55,0.003236947241492052
28.56,0.0031889781194430916
28.57,0.0030449965089267518
28.58,0.0029186421303704175
28.59,0.0027664858206823783
28.6,0.002738227681674434
28.61,0.00285966323723493
28.62,0.0028486222538501088
28.63,0.0028030008406457335
28.64,0.002878547818437328
28.65,0.00289076549945184
28.66,0.0028563257420249023
28.67,0.003024578362622591
28.68,0.003118985122920392
28.69,0.0032099954927282686
28.7,0.003154103082311661
28.71,0.0030970360555663498
28.72,0.0030135121758704227
28.73,0.0029521759598459887
28.74,0.0029962358024514277
28.75,0.0031827707349064167
28.76,0.003233258324991169
28.77,0.0033343842332792632
28.78,0.003278572474475281
28.79,0.0031322899567361763
28.8,0.0029945963823692886
28.81,0.0028253594215871133
28.82,0.002729455994901246
28.83,0.0028265641247143297
28.84,0.0027436925227862373
28.85,0.0028634047998511596
28.86,0.002914491054167382
28.87,0.0028704564149297203
28.88,0.0027724482016586844
28.89,0.0026450282685551506
28.9,0.0023960958914706685
28.91,0.0020806296218144767
28.92,0.0019183662621905183
28.93,0.0018284736947323966
28.94,0.0017108109140863818
28.95,0.001666891181123708
28.96,0.0016275878908673677
28.97,0.001476009209906485
28.98,0.001387395589944884
28.99,0.0013962821829929604
29.0,0.0015781684993805257
29.01,0.0018677769849886556
29.02,0.0023992346219915885
29.03,0.002824242181987282
29.04,0.003255228990599546
29.05,0.0034011014320018407
29.06,0.003353787389850274
29.07,0.0030792170289106534
29.08,0.002872259782287952
29.09,0.002679381523517104
29.1,0.002744427691546525
29.11,0.0029025183767133413
29.12,0.0032185248199919554
29.13,0.0033562500049701045
29.14,0.0036540758235080835
29.15,0.003727080495630078
29.16,0.0037344267180204286
29.17,0.003653781778945665
29.18,0.003417936118472508
29.19,0.0029140821033299454
29.2,0.0024186377785625456
29.21,0.0018991522562637557
29.22,0.0017237079109449175
29.23,0.0016516917468710826
29.24,0.0019743677343886813
29.25,0.0022314795412583747
29.26,0.0024524794345082497
29.27,0.002454994695743255
29.28,0.002495001544148829
29.29,0.0024343304203790998
29.3,0.002710154525447437
29.31,0.002931326701701047
29.32,0.0032143114836292196
29.33,0.0034958624157202934
29.34,0.0035480595023927694
29.35,0.003459012126539211
29.36,0.0034494978963412245
29.37,0.0032702349419072574
29.38,0.0032857880368305364
29.39,0.003119556907154319
29.4,0.003169900618045593
29.41,0.003079542684084255
29.42,0.0029036081735656673
29.43,0.0027807319626118295
29.44,0.0026765406071091453
29.45,0.002536577736130642
29.46,0.0024898349154628464
29.47,0.002460486979602655
29.48,0.0024646412626066713
29.49,0.0023513535262201586
29.5,0.002303520908700125
29.51,0.0021210844063328056
29.52,0.0019014473189931757
29.53,0.0017003159488175423
29.54,0.0016653877028207447
29.55,0.0016847908593917258
29.56,0.001764570532420476
29.57,0.0020069482715408455
29.58,0.002294367151087395
29.59,0.0024281520087607316
29.6,0.0025199043592434895
29.61,0.0024951728660897233
29.62,0.0023222996349220397
29.63,0.0021231865488669775
29.64,0.002043978097321967
29.65,0.0020170611659701683
29.66,0.0020712867135573502
29.67,0.00213469706661849
29.68,0.0021527058066680804
29.69,0.0021506843157466982
29.7,0.002159539298183693
29.71,0.0021856119989937047
29.72,0.0022254338646185198
29.73,0.002218248951811962
29.74,0.0021309555040023957
29.75,0.0019344099269846785
29.76,0.001738413973196745
29.77,0.0016261902675448262
29.78,0.0015649168744299583
29.79,0.001576998613665458
29.8,0.001684465204218374
29.81,0.0017000429397595388
29.82,0.001674541460433321
29.83,0.001646037755114904
29.84,0.0016052567526733245
29.85,0.0017104288432468178
29.86,0.0019033597481330686
29.87,0.0022670058887365447
29.88,0.00280423298652053
29.89,0.00330516318790395
29.9,0.0038455079807049397
29.91,0.004070557263041024
29.92,0.004032511884777101
29.93,0.003796967637172263
29.94,0.0033660018640641687
29.95,0.0029447148311805018
29.96,0.0026087029619857806
29.97,0.002311531660595196
29.98,0.0021787533041102646
29.99,0.001982431695148963
30.0,0.001844433501112841
30.01,0.0017154589674037537
30.02,0.0015670748698803434
30.03,0.0015265984871080138
30.04,0.0014941544544848997
30.05,0.0014627786204599663
30.06,0.0016030987572230484
30.07,0.0017784556390144837
30.08,0.002015583453785085
30.09,0.0022271571431141477
30.1,0.0023425818394468717
30.11,0.002375870102611799
30.12,0.0023086036789723573
30.13,0.0022500030871255563
30.14,0.00226700588873652
30.15,0.0023430439991490833
30.16,0.002516488451800551
30.17,0.0027382276816743634
30.18,0.0029951149577377265
30.19,0.0031191748363146544
30.2,0.0032447340253307644
30.21,0.003292184572011271
30.22,0.0032846918327346167
30.23,0.0031711585300376786
30.24,0.003061229324365184
30.25,0.0030220941492490297
30.26,0.0029569330749447398
30.27,0.00279726299047598
30.28,0.0026513163047043316
30.29,0.002306448890322841
30.3,0.0019063409386211412
30.31,0.001581202335983961
30.32,0.001442114345095648
30.33,0.0015064527871122462
30.34,0.0017383613270815358
30.35,0.0021472409655564307
30.36,0.0025213820714287158
30.37,0.0028093721724590237
30.38,0.002923508307250892
30.39,0.002972458164370583
30.4,0.00287999808787501
30.41,0.0028114211061278115
30.42,0.002863022729011532
30.43,0.0029363778613619267
30.44,0.0030311114023327717
30.45,0.0032061174255831105
30.46,0.0032576383968540615
30.47,0.003395601773478062
30.48,0.003324047769106497
30.49,0.003361055598320703
30.5,0.0033299317378496177
30.51,0.0032363970555125826
30.52,0.0031154026241503167
30.53,0.0028655627953017497
30.54,0.0024289219949333364
30.55,0.0019568775697076986
30.56,0.0014453411018942278
30.57,0.0010765557753522638
30.58,0.0008324854072846744
30.59,0.0008317776812719259
30.6,0.00112709240643874
30.61,0.0015090244640134855
30.62,0.0019573122866625445
30.63,0.0023734390981035944
30.64,0.0027144494808440463
30.65,0.0029268151529124125
30.66,0.0032450596805042396
30.67,0.003370187757679304
30.68,0.0034613904849322384
30.69,0.0033180681221769343
30.7,0.0031440734835458013
30.71,0.002829734465846575
30.72,0.0025555672112505604
30.73,0.002516432036134366
30.74,0.002615509010753535
30.75,0.002733008406872947
30.76,0.0028678362597766784
30.77,0.0028109589464255383
30.78,0.0026565355795056403
30.79,0.002435556721760003
30.8,0.002397129272656584
30.81,0.0025063191417051055
30.82,0.0026794379391832305
30.83,0.0029823819081556007
30.84,0.003169574962872048
30.85,0.0032547104152311924
30.86,0.0031941973942444793
30.87,0.0030554914741956125
30.88,0.0028037708268182655
30.89,0.0025271199215984655
30.9,0.002271763003835573
30.91,0.0020664457400446797
30.92,0.0019115602134224016
30.93,0.0018494636252699196
30.94,0.0018419498504891874
30.95,0.0018857330789229785
30.96,0.0019081168632321453
30.97,0.0019776745800500735
30.98,0.0019236419526579545
30.99,0.0019462460999097437
31.0,0.0020327227599250238
31.01,0.0021807183793656824
31.02,0.0024005451800995265
31.03,0.002603210678126446
31.04,0.002695978581092048
31.05,0.002607915147110112
31.06,0.0024177935480209746
31.07,0.0022671950393809677
31.08,0.002071528510317139
31.09,0.0020313815522688588
31.1,0.00208788000158144
31.11,0.0022078904910720863
31.12,0.002252984277613551
31.13,0.002277935570960094
31.14,0.0022767931279925055
31.15,0.0022948857264557475
31.16,0.0022871515887323986
31.17,0.002331642543178998
31.18,0.002341184216124622
31.19,0.002393633276351022
31.2,0.0024503740851731922
31.21,0.002619061422725587
31.22,0.0027450337304424244
31.23,0.002885735938044859
31.24,0.003005038701522733
31.25,0.0030553549696665052
31.26,0.003194470403302441
31.27,0.0031954020973717534
31.28,0.003132100806092139
31.29,0.002990582373445335
31.3,0.0028081142604668378
31.31,0.0025747596189234995
31.32,0.0025108522887477922
31.33,0.002451631434415519
31.34,0.0026923913517078427
31.35,0.002773652904785364
31.36,0.0029921901829155504
31.37,0.0029691829293201576
31.38,0.0027792226398149727
31.39,0.0025466379844441465
31.4,0.002460209802680613
31.41,0.002341236862239784
31.42,0.0025156094038467436
31.43,0.002647490883674581
31.44,0.0028161255751117335
31.45,0.002769141355997203
31.46,0.0026362259322334426
31.47,0.0023586217346904183
31.48,0.002114687871151765
31.49,0.0019358037807562514
31.5,0.0018964171948360777
31.51,0.0019445228214140585
31.52,0.0020292794097346266
31.53,0.0021299399515195866
31.54,0.0022323764179155202
31.55,0.002371029129099185
31.56,0.0024885559679660905
31.57,0.0025269834170694692
31.58,0.0025212455668996332
31.59,0.002440261190743657
31.6,0.0022442125908403924
31.61,0.002033157476879775
31.62,0.0018527704709313244
31.63,0.001668940114792526
31.64,0.001516485592678673
31.65,0.0014123258477871346
31.66,0.001485708422884978
31.67,0.0016793786643951713
31.68,0.001901882035947864
31.69,0.0021884040388373198
31.7,0.0023824870007354186
31.71,0.002330609161992871
31.72,0.0022205402449905127
31.73,0.0020833646832421606
31.74,0.0019359402852853053
31.75,0.0019552907957409117
31.76,0.0020879326476967493
31.77,0.0023054333378399023
31.78,0.002502357778896112
31.79,0.002775151652474853
31.8,0.0029768332086301105
31.81,0.0030803068257629004
31.82,0.0030319904502865824
31.83,0.0028110954509545736
31.84,0.0023290223880261802
31.85,0.0018651778653401155
31.86,0.0014576394345214329
31.87,0.0012829902787427317
31.88,0.0013000182837215502
31.89,0.0015321998327487733
31.9,0.0016998537891150817
31.91,0.0017778043286676402
31.92,0.0016893588238462967
31.93,0.0015273062131207712
31.94,0.0013969899090056448
31.95,0.0015397410502770903
31.96,0.0017552802702787622
31.97,0.0022016556637877312
31.98,0.002704504701554453
31.99,0.0032154071249745697
32.0,0.0034637692416379985
32.01,0.0035153956695767106
32.02,0.0035327863865208566
32.03,0.0033672904256051204
32.04,0.0030404543105901154
32.05,0.0029379087824128215
32.06,0.00282651091584959
32.07,0.0027484244345178676
32.08,0.0027475179438163555
32.09,0.0028280670402675576
32.1,0.002799013711719294
32.11,0.002563116366193424
32.12,0.002332521591132742
32.13,0.002043217725193765
32.14,0.0017229727421846507
32.15,0.0016538771850690365
32.16,0.0016898736296640177
32.17,0.0018531525417707423
32.18,0.0020753361026434897
32.19,0.0021976410921134932
32.2,0.0021816506361844587
32.21,0.0021531679663703025
32.22,0.002131470309819928
32.23,0.0021250463318914148
32.24,0.0021021165294663425
32.25,0.002114089206920303
32.26,0.0020224733609664858
32.27,0.0018908158491951377
32.28,0.0018046648443532153
32.29,0.0017277298572835093
32.3,0.0018547667584848798
32.31,0.0020219547855982734
32.32,0.002288567040758187
32.33,0.0025020847698385505
32.34,0.002622371475188184
32.35,0.0025743813176350785
32.36,0.0024458625363848806
32.37,0.002244265236956067
32.38,0.002163553869858047
32.39,0.0020275561312391613
32.4,0.002071150209028502
32.41,0.002096651688354646
32.42,0.0021805292287213275
32.43,0.002211249982848873
32.44,0.0021685565512673814
32.45,0.0021730154539406827
32.46,0.002121031760217643
32.47,0.0020105006835129174
32.48,0.001960237061484499
32.49,0.0019101657969013016
32.5,0.0019340278561454484
32.51,0.0019342734224558507
32.52,0.0019459730908518544
32.53,0.001966990464137037
32.54,0.0018700714849682592
32.55,0.0018859222295674013
32.56,0.0018908158491954157
32.57,0.0019412159757527954
32.58,0.0020099294620289213
32.59,0.002066120084871466
32.6,0.0021350227217919954
32.61,0.0021962434687915595
32.62,0.0022060307080475944
32.63,0.002315493586154186
32.64,0.0023427709900913887
32.65,0.002374718045600136
32.66,0.0023134972986005673
32.67,0.0021646784841222923
32.68,0.0018955203181790614
32.69,0.0016033443235333802
32.7,0.0014194575517284104
32.71,0.0014304146766995671
32.72,0.0015323889833931364
32.73,0.001847551196130018
32.74,0.0022178142348572624
32.75,0.002386092058822794
32.76,0.002459527842785875
32.77,0.0023203033473685147
32.78,0.0021494264037543974
32.79,0.0019214839572074703
32.8,0.001773807585696734
32.81,0.001781054758662924
32.82,0.001730160861792056
32.83,0.0017432549467094765
32.84,0.001837056230861214
32.85,0.0018493271207410148
32.86,0.0018507215372623623
32.87,0.0017837313294817598
32.88,0.0017064142715726056
32.89,0.0016366325866982575
32.9,0.0017330856366138078
32.91,0.0018876981541780056
32.92,0.002003558130215327
32.93,0.0022491900688816732
32.94,0.002274936551768446
32.95,0.0022742472172089254
32.96,0.0021994138099237577
32.97,0.0022551165069463904
32.98,0.002290731443451877
32.99,0.0023369182336465443
33.0,0.0025051492559900806
33.01,0.002534062474895348
33.02,0.002400219524926028
33.03,0.002287859314745141
33.04,0.0020987006220234998
33.05,0.00195649549886801
33.06,0.0018269959825471427
33.07,0.0019448484765874161
33.08,0.0020607078898749855
33.09,0.002195917813618226
33.1,0.00235652015490623
33.11,0.002426322875284794
33.12,0.0024660883252434636
33.13,0.002390432285670298
33.14,0.0023760592532562482
33.15,0.0023861195015701555
33.16,0.0024353675711156564
33.17,0.0025039971989781764
33.18,0.0025552415560773896
33.19,0.0024601613244291773
33.2,0.002322681705761595
33.21,0.002030400817198302
33.22,0.0016801428060743693
33.23,0.0013688682745269796
33.24,0.0011546428194339684
33.25,0.001130262747571192
33.26,0.0013744696201677487
33.27,0.001872256923166336
33.28,0.0023841232140167376
33.29,0.0028534009672033338
33.3,0.003111198901831678
33.31,0.00311130379574941
33.32,0.0028118347875785393
33.33,0.002458595585966506
33.34,0.0021297470313243385
33.35,0.0019416781354550043
33.36,0.0018751016091251493
33.37,0.0020050358424008774
33.38,0.0020278016975495347
33.39,0.0020743205501608784
33.4,0.0020174432368096603
33.41,0.0019131469873890975
33.42,0.0018634019407291285
33.43,0.0018595765196993124
33.44,0.001946435250554046
33.45,0.00203124504773985
33.46,0.0021472409655564403
33.47,0.0022284983507703422
33.48,0.002216662177845319
33.49,0.0021629552056265412
33.5,0.002190778627679686
33.51,0.002228824005943622
33.52,0.002249677431952253
33.53,0.0023084145283280614
33.54,0.002327193254549937
33.55,0.002223468226613121
33.56,0.002095636135871567
33.57,0.0020608443944037523
33.58,0.0021490443329146396
33.59,0.0023087401835011814
33.6,0.0025425611526105033
33.61,0.00270666269700502
33.62,0.002607915147109962
33.63,0.00240710943210777
33.64,0.002175117033724933
33.65,0.002011151993859447
33.66,0.001944711972058569
33.67,0.0020780927623255644
33.68,0.002238422094555411
33.69,0.0023313168880056533
33.7,0.002351542676864369
33.71,0.0022567564897782388
33.72,0.0020812631034577596
33.73,0.0019237784571868755
33.74,0.0017556623411182212
33.75,0.0016516391007556678
33.76,0.0014627786204598492
33.77,0.0013310684625732223
33.78,0.0012825281190405517
33.79,0.00120794027806567
33.8,0.0012706919461156767
33.81,0.0013204369927757099
33.82,0.0013658069951761114
33.83,0.0013722315358544982
33.84,0.001404125382498015
33.85,0.0014242146668277202
33.86,0.0015156065447250284
33.87,0.0015645073608432233
33.88,0.0016812948630862041
33.89,0.0016769514294378506
33.9,0.0016156152134134637
33.91,0.00150413084438549
33.92,0.0014025386085313404
33.93,0.001327379546072572
33.94,0.00140743222815926
33.95,0.0015703817155419083
33.96,0.0017832127541135311
33.97,0.002010637188041698
33.98,0.0021346970666185645
33.99,0.0021751734493908968
34.0,0.00211739605258168
34.01,0.001936185851595583
34.02,0.0018040936228694946
34.03,0.0016466089765987194
34.04,0.0017023648824863824
34.05,0.0018365376554926
34.06,0.0020286459280910015
34.07,0.0022954885585504763
34.08,0.00244936173949074
34.09,0.002453218771131824
34.1,0.002293271509741508
34.11,0.001935341621053898
34.12,0.001651912109813693
34.13,0.0013763820493075205
34.14,0.0013539144065846439
34.15,0.0015100051990838584
34.16,0.0017725286382000596
34.17,0.0020171175816361044
34.18,0.002176567865912182
34.19,0.0021420743368702356
34.2,0.0021145513666227245
34.21,0.0020102551172023597
34.22,0.0019693376102318536
34.23,0.0021991155974982984
34.24,0.002350284764872245
34.25,0.0026239550423538256
34.26,0.0027968282735214896
34.27,0.0027851844580417244
34.28,0.002659516769994012
34.29,0.0024097295872606626
34.3,0.0021519416649893024
34.31,0.0019785188105917537
34.32,0.0018852145035543504
34.33,0.0020245222946353733
34.34,0.0020360021628386083
34.35,0.002107854379636015
34.36,0.0020929627718536464
34.37,0.0019793978585455575
34.38,0.0018076460348413798
34.39,0.0017402737562214523
34.4,0.0016584451495237642
34.41,0.001624088687760656
34.42,0.0015925763492067465
34.43,0.0016308947365287045
34.44,0.0015752753351699399
34.45,0.0015878192341077298
34.46,0.001641007630958101
34.47,0.0016745414604334811
34.48,0.001743254946709639
34.49,0.0018544937494271634
34.5,0.002065874518561177
34.51,0.0022930785895467834
34.52,0.0024613037673969214
34.53,0.0026181645460686626
34.54,0.0025454364881182827
34.55,0.0023464599065921334
34.56,0.0021182929292390077
34.57,0.0019535669544954973
34.58,0.0018422755056626864
34.59,0.0017436370175491253
34.6,0.0019025993760052745
34.61,0.0019199530361574586
34.62,0.0018950759871802412
34.63,0.0018782719502578266
34.64,0.0018199475742698337
34.65,0.0017740595592507216
34.66,0.0016418244187520938
34.67,0.0017123412723866955
34.68,0.001717371396543674
34.69,0.001702473944267731
34.7,0.0018883321985714327
34.71,0.00204742465431319
34.72,0.0021987060839110555
34.73,0.002418637778562718
34.74,0.002576346392890071
34.75,0.002712537051704025
34.76,0.002567873481292608
34.77,0.002419516826516739
34.78,0.0021088135164531977
34.79,0.0017666194660896392
34.8,0.001499237224757446
34.81,0.0014143747814563388
34.82,0.0014192684010843253
34.83,0.001494017949956046
34.84,0.0016189220590747482
34.85,0.0017120156172136904
34.86,0.0017019027227843286
34.87,0.0016670276856527004
34.88,0.0015876827295787104
34.89,0.0015217048674800915
34.9,0.0014836594892160375
34.91,0.0014627786204598223
34.92,0.0016135937224916945
34.93,0.0016688036102634773
34.94,0.0017281119281230778
34.95,0.0017101031880735484
34.96,0.0016275878908672695
34.97,0.0015091609685423256
34.98,0.0013698215668500272
34.99,0.0012717601447137235
35.0,0.0012237383765493772
35.01,0.0011298005878686544
35.02,0.0012012707338265808
35.03,0.0012668665250857374
35.04,0.001402402104002209
35.05,0.0015752753351698857
35.06,0.0017781299838411436
35.07,0.0018904901940220522
35.08,0.0019342734224557696
35.09,0.001951328870182115
35.1,0.0019082533677611518
35.11,0.0018250835534072397
35.12,0.0018752381136541167
35.13,0.0020346351890649468
35.14,0.002293215094075483
35.15,0.0025964572754736117
35.16,0.002831566806123687
35.17,0.0028745896624293565
35.18,0.0026459605253739494
35.19,0.0022496774319522013
35.2,0.0019294598916906015
35.21,0.0016050638324783518
35.22,0.001489260834856926
35.23,0.0015089718178980002
35.24,0.0016500555335901314
35.25,0.0017151859583460448
35.26,0.0017063520114132392
35.27,0.0017221285116430333
35.28,0.0017853455461962293
35.29,0.0017813003249735973
35.3,0.0018687302773120883
35.31,0.0019131469873892267
35.32,0.0018975692518480264
35.33,0.0017711874305441143
35.34,0.0017001794442885498
35.35,0.0016535515298957899
35.36,0.0016742958941229997
35.37,0.0017333312029246127
35.38,0.0018855965743941898
35.39,0.001989185097801944
35.4,0.0019947864434426907
35.41,0.0019825681996782055
35.42,0.0019032232436042007
35.43,0.0018145885881384464
35.44,0.0017226470870113286
35.45,0.0016150439919294386
35.46,0.0015372299569059134
35.47,0.001440447482266128
35.48,0.001429952516997303
35.49,0.0014454776064231224
35.5,0.001516485592678681
35.51,0.001673970238949496
35.52,0.0017174804583252432
35.53,0.001672492526764273
35.54,0.0015213792123065588
35.55,0.0012841148930069198
35.56,0.0009825653405559813
35.57,0.0007284347241744093
35.58,0.000549252421353222
35.59,0.0005012306531889565
35.6,0.0004884137451932755
35.61,0.000560129457461644
35.62,0.0006947117440548511
35.63,0.000800783918086288
35.64,0.0010158536037210217
35.65,0.0012599239717885483
35.66,0.0015288929870873442
35.67,0.0018295424560803618
35.68,0.0019308300722653865
35.69,0.001997956784574954
35.7,0.001885596574394054
35.71,0.0016481957505654484
35.72,0.0013948883292213758
35.73,0.0010610871015924064
35.74,0.0009617119145474676
35.75,0.000892861923742366
35.76,0.0009726415967711506
35.77,0.0011505449520958758
35.78,0.0012738654940488332
35.79,0.0014986133571580455
35.8,0.00162083448821436
35.81,0.001825272704051244
35.82,0.0021352957308495607
35.83,0.0023394641444294834
35.84,0.002491782724764328
35.85,0.002427962858116347
35.86,0.0022734862823313075
35.87,0.0019289977319884104
35.88,0.0016298791840459403
35.89,0.0014623965496206857
35.9,0.0013278981214410765
35.91,0.0011709636611498498
35.92,0.001045372861522535
35.93,0.0009997572928116794
35.94,0.0009190711290815182
35.95,0.0008962778311853821
35.96,0.0009718812246431865
35.97,0.0009478300147546113
35.98,0.0009494135819203287
35.99,0.0008913842115572767
36.0,0.0008371060178546718
36.01,0.0008371898762682772
36.02,0.0008212026271401157
36.03,0.0008474118324790865
36.04,0.0007868988114923137
36.05,0.0006689372556705932
36.06,0.0005441696510809083
36.07,0.0005600203956800933
36.08,0.0007073082891079492
36.09,0.0009726415967711778
36.1,0.001259734821144416
36.11,0.0014467387252164881
36.12,0.0014987224189395912
36.13,0.001455972571691939
36.14,0.0012998817791926125
36.15,0.0011789395956327156
36.16,0.0011576240099217723
36.17,0.0012685898035813391
36.18,0.0014385350531262292
36.19,0.0016189220590746816
36.2,0.0017674985140433807
36.21,0.0018143994374941676
36.22,0.0018475511961299888
36.23,0.0019358037807561599
36.24,0.0020490082214787843
36.25,0.002145517687060508
36.26,0.0022946127173976262
36.27,0.0023633262036738462
36.28,0.0022444581571508266
36.29,0.0021074723087966527
36.3,0.0018977584024921597
36.31,0.0016640464951643641
36.32,0.0015579743211328154
36.33,0.0015183980218184232
36.34,0.0015265984871078537
36.35,0.0015046494197535664
36.36,0.001467672240087837
36.37,0.0014297633663528854
36.38,0.0013310684625732223
36.39,0.0013155433731474266
36.4,0.0012773614903545
36.41,0.001293023084309356
36.42,0.001419268401084325
36.43,0.001615369647103002
36.44,0.0019171615590635165
36.45,0.0022773643494766174
36.46,0.002615046851051537
36.47,0.0027916089987199267
36.48,0.00276583451033567
36.49,0.0025594274496925653
36.5,0.002163091710155475
36.51,0.001722836237655638
36.52,0.001430089021526308
36.53,0.0012288211468217641
36.54,0.0011630888510336154
36.55,0.0011679824706616198
36.56,0.0011472381064344536
36.57,0.001168118975190617
36.58,0.0011142754984428593
36.59,0.0010818314658197219
36.6,0.0011020046085631638
36.61,0.001149287040103572
36.62,0.0012267722131529227
36.63,0.0012984879254212913
36.64,0.0013045862481764667
36.65,0.0012391269614462953
36.66,0.001015391444018831
36.67,0.0009083870131682461
36.68,0.0008267475571148821
36.69,0.0008810257508174369
36.7,0.0010587926016131424
36.71,0.0013709736238619356
36.72,0.0015643182101987767
36.73,0.0017387433979210185
36.74,0.0017324869723828156
36.75,0.0016539336007353256
36.76,0.0014378273271135503
36.77,0.001246640736227129
36.78,0.0010150093731795165
36.79,0.000875942980545134
36.8,0.0007552774111569484
36.81,0.0008272661324832325
36.82,0.0009720703752872879
36.83,0.0011803898650703543
36.84,0.0014610026958490022
36.85,0.0017501975000066563
36.86,0.0019360493470670132
36.87,0.0021437417624500473
36.88,0.0022027238623864
36.89,0.002266680233563442
36.9,0.002161042776486627
36.91,0.0020610899607144354
36.92,0.002042835654354437
36.93,0.001931292231967831
36.94,0.0019269487983194964
36.95,0.0019412159757529334
36.96,0.0018592508645262186
36.97,0.00179206829930033
36.98,0.0017784556390144013
36.99,0.0018266139117076963
37.0,0.0018306848990479662
37.01,0.0019337022009719017
37.02,0.0019372014040785115
37.03,0.0017642448772470338
37.04,0.0014870753966587569
37.05,0.0011386555703053716
37.06,0.0007710755096405054
37.07,0.0004892579757347807
37.08,0.00041931818807746887
37.09,0.0005933086588449953
37.1,0.0008421361420117117
37.11,0.001267248595925242
37.12,0.0017101031880736824
37.13,0.0020120874574794377
37.14,0.0022597376802663714
37.15,0.002292752934373278
37.16,0.002267251455047073
37.17,0.0022213102311629497
37.18,0.0020785274792803586
37.19,0.0020082061835334443
37.2,0.0018599585905389856
37.21,0.0017120156172136906
37.22,0.001537229956905941
37.23,0.0013434758569820366
37.24,0.0013690047790557874
37.25,0.001327950767556301
37.26,0.0014003531703333369
37.27,0.001445151951249978
37.28,0.0014695320231127738
37.29,0.0013947518246925567
37.3,0.0012503822988432223
37.31,0.0011676003998222668
37.32,0.0010731962835755916
37.33,0.0010256408429772132
37.34,0.0010818314658197327
37.35,0.0011524573812358332
37.36,0.0012061643534545595
37.37,0.0011959149544961494
37.38,0.001211057973082522
37.39,0.0011041626040134132
37.4,0.0010589291061419612
37.41,0.0009844777696959633
37.42,0.0009951092394937312
37.43,0.0011020046085628058
37.44,0.001236009266428874
37.45,0.001432933707485148
37.46,0.0015601323165833339
37.47,0.0016356518516275086
37.48,0.0016464198259543358
37.49,0.001478167205356723
37.5,0.0013692503453661838
37.51,0.0011524573812357706
37.52,0.0009569273567009777
37.53,0.000857797735966526
37.54,0.0008007839180863693
37.55,0.0008145857290165588
37.56,0.0008632625770783295
37.57,0.0009305816468330646
37.58,0.001005032983278984
37.59,0.0009723159415978073
37.6,0.0010000028591219561
37.61,0.0009895078938531475
37.62,0.0009951092394939038
37.63,0.0012115201327849122
37.64,0.0015236172966200641
37.65,0.0018631289316712399
37.66,0.002117641618892325
37.67,0.002169246448576946
37.68,0.0021192558356065436
37.69,0.0018094219594525323
37.7,0.001537990329034133
37.71,0.0012926410134700065
37.72,0.0011337093045623483
37.73,0.0010687163453981683
37.74,0.0010874328114604864
37.75,0.0011243883928721728
37.76,0.001142480991335374
37.77,0.0011730125948186032
37.78,0.0012616472502843881
37.79,0.001364220221209282
37.8,0.0014660854661213815
37.81,0.0014907111042945617
37.82,0.0015089718178978822
37.83,0.0014195139673944764
37.84,0.0012822551099823324
37.85,0.0011789395956326154
37.86,0.0010607050307529684
37.87,0.0011527303902937013
37.88,0.001206027848925524
37.89,0.0012826371808218361
37.9,0.0013028103235651362
37.91,0.0012028575077929447
37.92,0.0010587926016128312
37.93,0.0010491418668858513
37.94,0.0011264373265410276
37.95,0.0013261748429451894
37.96,0.001552618541802743
37.97,0.0017622792392419661
37.98,0.0017760810501721309
37.99,0.0016344471485004164
38.0,0.001490465537984077
38.01,0.0013050484078786402
38.02,0.0011130707953156784
38.03,0.0011958058927148893
38.04,0.001257958333783688
38.05,0.0013297272549173023
38.06,0.001405246789961489
38.07,0.0014714444522528351
38.08,0.001437963831642624
38.09,0.0013039527665330947
38.1,0.0013099420275068084
38.11,0.001327652555130557
38.12,0.0012878564556233815
38.13,0.0014003531703332987
38.14,0.001408882497596916
38.15,0.0013584297249241348
38.16,0.0012166593187233979
38.17,0.0010330181132288893
38.18,0.000890949494602363
38.19,0.0007834829040494085
38.2,0.0007451645167274359
38.21,0.000748853433228248
38.22,0.0007606896061531927
38.23,0.0008439959250360806
38.24,0.0009289948728662168
38.25,0.001135727588682699
38.26,0.001358482371039443
38.27,0.0015112663178774859
38.28,0.0016563435697396717
38.29,0.0017244230116225448
38.3,0.001710863560201887
38.31,0.0017542120716808123
38.32,0.001736259184547413
38.33,0.0018527178248160198
38.34,0.001944386316885052
38.35,0.002121792132345415
38.36,0.0024002469676735584
38.37,0.0025287593416803535
38.38,0.0026234928826512627
38.39,0.0025906141330734136
38.4,0.00226310037884413
38.41,0.0018458279176346492
38.42,0.0013800709658086257
38.43,0.0010953345015743846
38.44,0.0010436770257743519
38.45,0.0011024393255178845
38.46,0.0013483694766100508
38.47,0.0015645912192565879
38.48,0.0015873570744051018
38.49,0.0015475884176454646
38.5,0.0014072957236299487
38.51,0.0012462586653872562
38.52,0.0011351563671987805
38.53,0.0011200133486124787
38.54,0.001195532883656619
38.55,0.0013104606028749644
38.56,0.0014503712260511084
38.57,0.0016258646123716064
38.58,0.001700042939759637
38.59,0.0017713239350732777
38.6,0.0017725286382005555
38.61,0.0017557988456475752
38.62,0.0017922574499448268
38.63,0.001816364512749537
38.64,0.001847551196130035
38.65,0.0018574749399148844
38.66,0.0018336128806705728
38.67,0.0017207873039863934
38.68,0.0014996192955964074
38.69,0.0013705915530221049
38.7,0.0012894706723372011
38.71,0.0012273434346363199
38.72,0.0013467827026431567
38.73,0.0014365694151206889
38.74,0.0015215157168354822
38.75,0.0015475884176454951
38.76,0.0015876827295784577
38.77,0.0015647803699009118
38.78,0.001435228207464706
38.79,0.001335962082201158
38.8,0.0012999656376061518
38.81,0.0012286846422926222
38.82,0.0012656618219584249
38.83,0.001434982641154258
38.84,0.001675882668089477
38.85,0.001840472138303972
38.86,0.0019114801245594738
38.87,0.001958082272834468
38.88,0.0017882428782701125
38.89,0.0015640103837282313
38.9,0.001455590500852037
38.91,0.001362391087732529
38.92,0.00128047918537111
38.93,0.0012984879254207518
38.94,0.001327243041543192
38.95,0.0013312049671021064
38.96,0.0012165228141943522
38.97,0.0012999656376061876
38.98,0.001271760144713529
38.99,0.001255412422999889
39.0,0.0012698477155733932
39.01,0.0012202950263586348
39.02,0.0011937569590455088
39.03,0.0011580587268764518
39.04,0.001147427257078758
39.05,0.0011506814566248683
39.06,0.0011648121295293598
39.07,0.0013531540344567526
39.08,0.0014840942061710202
39.09,0.0016395299187729271
39.1,0.0017449782252053068
39.11,0.0016910821023421833
39.12,0.0015526185418028233
39.13,0.0013591900970522887
39.14,0.001272222304416079
39.15,0.0012239275271937245
39.16,0.001331068462573302
39.17,0.001521379212306817
39.18,0.0015873570744053974
39.19,0.00170534607297455
39.2,0.001729642286423585
39.21,0.0018810286099391461
39.22,0.002003176059376001
39.23,0.002116383706899572
39.24,0.002149650934560456
39.25,0.0019414615420631335
39.26,0.0015957466903390681
39.27,0.001196377114198629
39.28,0.0007728514342518433
39.29,0.0005600203956801549
39.3,0.0004404446231442222
39.31,0.0005217020083581354
39.32,0.0005927099946136941
39.33,0.0008371898762681687
39.34,0.001065598650380877
39.35,0.0014080034496427004
39.36,0.0017151859583456018
39.37,0.001948404095359846
39.38,0.0020509560307806593
39.39,0.002056007190441941
39.4,0.001999487142875357
39.41,0.0019297054580010274
39.42,0.0017762702008164303
39.43,0.00174511472973403
39.44,0.0016964378816721405
39.45,0.0017228362376554118
39.46,0.0017821972016303228
39.47,0.002043543380366799
39.48,0.0022734862823308184
39.49,0.002427962858115959
39.5,0.002491782724764082
39.51,0.002301282261636437
39.52,0.0019445228214137948
39.53,0.0015480505773478813
39.54,0.001230597071432651
39.55,0.0010208837278781616
39.56,0.0008857302198012219
39.57,0.0009200866815643713
39.58,0.0010158536037212338
39.59,0.0012169849738968349
39.6,0.0014521471506622385
39.61,0.001695096674016274
39.62,0.0017809746698002288
39.63,0.001729698702089878
39.64,0.001486504175175259
39.65,0.0011374508671784928
39.66,0.0008316411767428793
39.67,0.0006036671195848624
39.68,0.00044533824277217377
39.69,0.0004297605072309919
39.7,0.0005061242728169352
39.71,0.0007887021788509092
39.72,0.0011964297603139769
39.73,0.0016777118015658765
39.74,0.0021470518149121886
39.75,0.0024566653281235286
39.76,0.002466008236380458
39.77,0.002204552995862403
39.78,0.0018215311414354891
39.79,0.0014038798161873983
39.8,0.0011684446303639679
39.81,0.0011632780016779785
39.82,0.0013155433731474543
39.83,0.0014451519512498233
39.84,0.0015161599375054374
39.85,0.0015595610950998135
39.86,0.0015930385089091713
39.87,0.001608616244450368
39.88,0.0016571039418678333
39.89,0.0017118264665694392
39.9,0.0016910821023422104
39.91,0.0015857703004387796
39.92,0.0014561617223363636
39.93,0.001300018283721663
39.94,0.0012444827407765162
39.95,0.0012284954916483546
39.96,0.0013103240983460777
39.97,0.0013516763222713739
39.98,0.0014580215053608518
39.99,0.0015159670173102418
40.0,0.0016089456691742512
40.01,0.001699471718275796
40.02,0.0018288557655719018
40.03,0.0018019081846717374
40.04,0.0017718951565569184
40.05,0.0016300505059867962
40.06,0.0014960142375094946
40.07,0.0012266357086236877
40.08,0.0011151197289845226
40.09,0.000999620788282405
40.1,0.0009745013797956717
40.11,0.0010256408429770286
40.12,0.0011805263695992654
40.13,0.0012822551099823975
40.14,0.001417927193427904
40.15,0.0015058541228808022
40.16,0.0015545309709425555
40.17,0.0015095430393816107
40.18,0.0014296268618238486
40.19,0.0012998291330771326
40.2,0.00118383321526064
40.21,0.0010711999960217968
40.22,0.0010763666247077825
40.23,0.001081260244335787
40.24,0.001065980721220417
40.25,0.001036135808245807
40.26,0.0009412131166306446
40.27,0.000788240019148353
40.28,0.0006190557044815145
40.29,0.0004835201255650039
40.3,0.0004142354178050616
40.31,0.0003692474862441389
40.32,0.00044547474730107753
40.33,0.0005390030223948401
40.34,0.0007003130896955818
40.35,0.000875098750003328
40.36,0.001131849521537778
40.37,0.0013516763222716395
40.38,0.001521950433790758
40.39,0.001678863858577823
40.4,0.0018164483711631707
40.41,0.0018143155790804407
40.42,0.0017925030162549425
40.43,0.0016406819757843801
40.44,0.001393304762055343
40.45,0.0010361358082456298
40.46,0.0007284347241743206
40.47,0.0005720457192492227
40.48,0.0005444953062540892
40.49,0.000618919199952522
40.5,0.0009288057222218461
40.51,0.0011590742793592377
40.52,0.0012651996622559847
40.53,0.0013241259092761784
40.54,0.0013066351818452114
40.55,0.0012443462362474965
40.56,0.0011179644149436607
40.57,0.0010936676387446585
40.58,0.0010707652790670557
40.59,0.0011201498531416255
40.6,0.0012874743847839161
40.61,0.00158292561447974
40.62,0.0018243758273946212
40.63,0.002060900810070317
40.64,0.0022159544518327878
40.65,0.0022672514550472677
40.66,0.0021835630653248687
40.67,0.0020486825663057484
40.68,0.00178302360346913
40.69,0.001521515716835673
40.7,0.0012011342292974692
40.71,0.0009621466315022343
40.72,0.0007991971441195559
40.73,0.0007834829040494085
40.74,0.0008369168672102432
40.75,0.0009342705633337996
40.76,0.001081260244335814
40.77,0.0013608043137663239
40.78,0.0015753279812851452
40.79,0.001879361747109694
40.8,0.00218974524649346
40.81,0.0023343813741573856
40.82,0.0022838979519362317
40.83,0.0022449203168531497
40.84,0.0020619125930020406
40.85,0.0018740334105268172
40.86,0.0016287092983303698
40.87,0.0015790475473340874
40.88,0.0013842568594232237
40.89,0.001174155037785794
40.9,0.0011677369043506952
40.91,0.0012151558404200243
40.92,0.0012322370542640674
40.93,0.0013346208745446024
40.94,0.0013063095266714984
40.95,0.0012718440031270176
40.96,0.0010642574427247265
40.97,0.0009294295898211219
40.98,0.0008091208879047281
40.99,0.000670797038695377
41.0,0.0006183479784690015
41.01,0.0006903893459106211
41.02,0.0008266110525858159
41.03,0.0010332911222868163
41.04,0.0012215529383512427
41.05,0.0013862257042295007
41.06,0.0013687881856637087
41.07,0.00117847743593026
41.08,0.0009464323914319901
41.09,0.0007505202960577233
41.1,0.0006798943806416235
41.11,0.0007277269981616035
41.12,0.000864985855573733
41.13,0.0009717447201139012
41.14,0.0010279353429564744
41.15,0.0010206107188200577
41.16,0.0009951092394938767
41.17,0.0010276897766460782
41.18,0.0011907757685577607
41.19,0.0014022655994732041
41.2,0.0017001794442886148
41.21,0.0018697458297949425
41.22,0.0018852709192207376
41.23,0.001738035671908212
41.24,0.0014627786204599825
41.25,0.0012446718914209188
41.26,0.0010765557753522695
41.27,0.001071336500550947
41.28,0.0012111944776117187
41.29,0.0013326552365400086
41.3,0.0014608661913200626
41.31,0.0015703817155419278
41.32,0.0016152331425738902
41.33,0.0016239521832317452
41.34,0.0016464198259545885
41.35,0.0016425944049248298
41.36,0.0015426947980179291
41.37,0.0014003531703334182
41.38,0.0012304079207885277
41.39,0.0010432148660720196
41.4,0.0009396263426641485
41.41,0.0011216802114420573
41.42,0.0014733536745915265
41.43,0.001830548394518943
41.44,0.002259412025092891
41.45,0.0025122847294821527
41.46,0.0025318770366975283
41.47,0.0023728582625753645
41.48,0.002142536496572719
41.49,0.0019078186508063848
41.5,0.0018165848756920946
41.51,0.0018038206138117092
41.52,0.0018256547748911453
41.53,0.0017863304491306567
41.54,0.0016549491532181827
41.55,0.0015040781982700647
41.56,0.0013417525784865487
41.57,0.001218760898507835
41.58,0.0012165502569420408
41.59,0.0012410393905862515
41.6,0.0014121893432582928
41.61,0.0015808766808107098
41.62,0.001630621727470664
41.63,0.0016082379431615304
41.64,0.0014833338340428746
41.65,0.0012996926285484304
41.66,0.0011025758300469853
41.67,0.0009289948728665442
41.68,0.0008771476836723815
41.69,0.0008576612314376223
41.7,0.0008911950609130253
41.71,0.0009180377478954065
41.72,0.0009795315039528658
41.73,0.000933751987965406
41.74,0.0010007105851346464
41.75,0.0010913731387650893
41.76,0.0011597820053720438
41.77,0.0012804791853714065
41.78,0.0013865513594030164
41.79,0.001424596737667066
41.8,0.001481747060076277
41.81,0.0014420342562329609
41.82,0.0014885531088442822
41.83,0.00153233633727795
41.84,0.0016152331425738162
41.85,0.0017765432098744455
41.86,0.0019237784571869163
41.87,0.0020222003519086633
41.88,0.001987843890145578
41.89,0.0018524448157581405
41.9,0.0015995189025037736
41.91,0.0013087373243796227
41.92,0.0010538989819852613
41.93,0.0009915568275222855
41.94,0.0010102522580804649
41.95,0.0010923264310886266
41.96,0.0012872852341396647
41.97,0.0014090190021259397
41.98,0.0014226843085270973
41.99,0.0013796088061060927
42.0,0.0012616472502843578
42.01,0.0011576240099217723
42.02,0.0010713365005508007
42.03,0.0010537624774560024
42.04,0.001048679707183619
42.05,0.0010273641214726633
42.06,0.001060652384637664
42.07,0.0010537624774560913
42.08,0.0012120913542687098
42.09,0.0013861692885635652
42.1,0.0016207818420991918
42.11,0.0018780827996131174
42.12,0.002121602981700999
42.13,0.0021884566849525128
42.14,0.0021460362624289805
42.15,0.0019403717452107767
42.16,0.0017402211101059562
42.17,0.0014279035833282743
42.18,0.0012293923683054625
42.19,0.0011246614019301796
42.2,0.0011319860260666347
42.21,0.0011678459661326626
42.22,0.0013416999323710003
42.23,0.0014571772748189992
42.24,0.0016260011169003908
42.25,0.001720787303986513
42.26,0.0017835948249527406
42.27,0.0018087980918532252
42.28,0.001740084605577201
42.29,0.001608290589276927
42.3,0.0015098686945552238
42.31,0.0014142382769273465
42.32,0.0014574502838772907
42.33,0.0015321998327489843
42.34,0.0016569674373386673
42.35,0.0017988743480683456
42.36,0.0018212054862621302
42.37,0.0017711874305441414
42.38,0.0017001794442885769
42.39,0.0015390058815168933
42.4,0.0013310684625732873
42.41,0.0011681189751906389
42.42,0.0010068089078900035
42.43,0.0009396263426642605
42.44,0.0008908129900734974
42.45,0.000925688027205086
42.46,0.0009494135819202941
42.47,0.0009135261991067171
42.48,0.0008799923696313017
42.49,0.0008321597521113074
42.5,0.000760878756797764
42.51,0.0007715102265956037
42.52,0.0008370533717394164
42.53,0.0009737936537831588
42.54,0.001124906968240796
42.55,0.0012704189370576378
42.56,0.0013865513594031053
42.57,0.001472838868774001
42.58,0.0014783037098857524
42.59,0.0015321998327488776
42.6,0.0015979321285370298
42.61,0.0016258646123716758
42.62,0.0016288458028597618
42.63,0.0015874935789344786
42.64,0.0014727023642451586
42.65,0.0012879929601524519
42.66,0.0010919443602491528
42.67,0.0009464323914322499
42.68,0.0008370533717393243
42.69,0.0008370533717392576
42.7,0.0008700686258461799
42.71,0.0009776717209280562
42.72,0.0010762301201787522
42.73,0.0012617837548132135
42.74,0.0013740074604651773
42.75,0.001445723172733577
42.76,0.0014552648456791857
42.77,0.0014041253824978416
42.78,0.0012648175914167724
42.79,0.0011305083138814728
42.8,0.0009944015134811786
42.81,0.0008926727730980841
42.82,0.0007382219634306203
42.83,0.000695282965538638
42.84,0.0006584422904018581
42.85,0.0008218012913715179
42.86,0.0009669037466014056
42.87,0.0011790486574143005
42.88,0.001307703943193473
42.89,0.0012581512539787602
42.9,0.0011173931934599737
42.91,0.0008913842115572301
42.92,0.0007454901719008457
42.93,0.0007175050419508299
42.94,0.0007732335050909724
42.95,0.0009492770773910434
42.96,0.001076612191018164
42.97,0.0011241992422276973
42.98,0.0011424809913352654
42.99,0.001135019862669889
43.0,0.0011962406096694754
43.01,0.0012442097317185044
43.02,0.0013535361052960909
43.03,0.0013914449790311215
43.04,0.0014941544544849427
43.05,0.0014833864801580786
43.06,0.0014734100902576406
43.07,0.0013790375846220672
43.08,0.0012133524730617848
43.09,0.0010638227257699017
43.1,0.0008651750062181246
43.11,0.0007228333785337172
43.12,0.0006516362416338688
43.13,0.0006483293959725733
43.14,0.0007327571223189056
43.15,0.0007612608276372993
43.16,0.0009722068798165189
43.17,0.0011975818173259579
43.18,0.0013745786819492915
43.19,0.0016220397540919044
43.2,0.0016928580269532285
43.21,0.0016513134455825738
43.22,0.001410848135602046
43.23,0.001203046658437498
43.24,0.0010379391756044063
43.25,0.0009139883588089838
43.26,0.0009719338707583986
43.27,0.0010661172257495977
43.28,0.0010966488292328221
43.29,0.001185556493756419
43.3,0.0011905027594996897
43.31,0.0013802074703372325
43.32,0.0015491187759460792
43.33,0.00178373132948176
43.34,0.0019316532673029506
43.35,0.001915115832195255
43.36,0.0017481485663375872
43.37,0.0014892608348569133
43.38,0.0012131595528668997
43.39,0.001092217369306953
43.4,0.0009618209763288751
43.41,0.0010606523846376122
43.42,0.0010811237398068501
43.43,0.001130508313881469
43.44,0.00125445913067694
43.45,0.0013122365274860998
43.46,0.0013672014116972496
43.47,0.0014020764488287193
43.48,0.0013220237667419005
43.49,0.0012375401874793277
43.5,0.001033018113228712
43.51,0.0009464323914320172
43.52,0.0008577977359663599
43.53,0.0007730970005621203
43.54,0.0007432520875875448
43.55,0.0006413868426754329
43.56,0.0005822150293448814
43.57,0.000559883891151101
43.58,0.0006035306150558502
43.59,0.0008040907637476919
43.6,0.0010938041432736812
43.61,0.0014121893432582316
43.62,0.0016899300453302206
43.63,0.0019286720768150526
43.64,0.0020223368564378117
43.65,0.0019723188007198596
43.66,0.001906340938621294
43.67,0.0017626048944154105
43.68,0.0016516391007558757
43.69,0.0015321998327489576
43.7,0.0014245967376670548
43.71,0.0013360985867303468
43.72,0.001223601872020365
43.73,0.0011524573812357437
43.74,0.001064393947253777
43.75,0.0010000028591218063
43.76,0.0009356117709898757
43.77,0.0008475483370079906
43.78,0.0008145857290164626
43.79,0.0008164981581564771
43.8,0.0008527676118094972
43.81,0.0009237755980651062
43.82,0.0009841521145228598
43.83,0.0009773460657548582
43.84,0.0009237755980650756
43.85,0.0008213917777845406
43.86,0.0007334648483316306
43.87,0.0007278635026908073
43.88,0.0008007839180863422
43.89,0.0009063380794992231
43.9,0.0010104978243906805
43.91,0.001136743141165531
43.92,0.0012443462362474362
43.93,0.0013642202212091746
43.94,0.0014833864801581597
43.95,0.0016033443235335787
43.96,0.0016406819757848574
43.97,0.0016588272203634114
43.98,0.0015958831948681962
43.99,0.0014683799661008396
44.0,0.0014018308825184116
44.01,0.0013761928986631444
44.02,0.0013259018338871666
44.03,0.0013623077920691443
44.04,0.001398524036856845
44.05,0.0013809500137620064
44.06,0.001291545372123859
44.07,0.0012823916145112014
44.08,0.0012199129555192654
44.09,0.001118100919472449
44.1,0.0010692875668818246
44.11,0.0010624283092487202
44.12,0.0009875954647132672
44.13,0.0009293769437059909
44.14,0.0009406945412625501
44.15,0.000995245744023055
44.16,0.0010587926016131692
44.17,0.0011803898650704402
44.18,0.0013360985867302859
44.19,0.0014296268618239742
44.2,0.0014350917029357757
44.21,0.001405383294490215
44.22,0.001240902886057167
44.23,0.0011194421271288608
44.24,0.0009776717209282033
44.25,0.000903220384482275
44.26,0.0010867525281952257
44.27,0.001246122160858446
44.28,0.0015045129152245742
44.29,0.0016824162705491464
44.3,0.0017034894967504835
44.31,0.0016233809617475477
44.32,0.0014460488279067624
44.33,0.0013969899090056288
44.34,0.0013919071387333262
44.35,0.0014402583316218034
44.36,0.0016408184803135804
44.37,0.0017730998596839818
44.38,0.0018075095303123334
44.39,0.0018808394592948951
44.4,0.0018763063122523153
44.41,0.0018149706589778213
44.42,0.0016981305106195772
44.43,0.0016170929255984263
44.44,0.001439876260782356
44.45,0.0012761567872273066
44.46,0.0011523208767068409
44.47,0.0010606523846377293
44.48,0.0009669876050150108
44.49,0.0009462958869032267
44.5,0.000934459713978259
44.51,0.0009063380794993466
44.52,0.0008386401457060565
44.53,0.0007275378475175562
44.54,0.0006190557044817264
44.55,0.0005824041799892325
44.56,0.0006693994153728995
44.57,0.0008145857290164014
44.58,0.0011855564937562474
44.59,0.0015489296253017302
44.6,0.0018148341544486956
44.61,0.0019597749017817513
44.62,0.0019253652311533875
44.63,0.0017657225894321781
44.64,0.001570381715541781
44.65,0.0013485586272544401
44.66,0.0013365607464327406
44.67,0.001289197663279726
44.68,0.0013590009464081222
44.69,0.0013720950313255325
44.7,0.0012688353698920016
44.71,0.0010687163453983036
44.72,0.0007995792149592302
44.73,0.0005491159168243379
44.74,0.000402535749409207
44.75,0.00028238875538948383
44.76,0.0003761900395411426
44.77,0.000483520125565031
44.78,0.0006571010827454874
44.79,0.0008750987500030697
44.8,0.0010605158801085114
44.81,0.0011402955531372638
44.82,0.0011402955531372638
44.83,0.001136879645694388
44.84,0.0010657351549098041
44.85,0.0009831365620396823
44.86,0.0010207472233488386
44.87,0.0010674584334054152
44.88,0.0011299370923974472
44.89,0.0011560097932074868
44.9,0.0011422079822773705
44.91,0.0010862903684928774
44.92,0.0009793949994238355
44.93,0.000928858368337463
44.94,0.0009727781013001972
44.95,0.000989371389324193
44.96,0.0011093292326995034
44.97,0.0011728760902895835
44.98,0.0013054304787180095
44.99,0.0013410448524735611
45.0,0.001392289209572774
45.01,0.001368406114824469
45.02,0.0013383930867097698
45.03,0.0012316658327809053
45.04,0.0010992689843856084
45.05,0.0009338884924945339
45.06,0.0008321597521114268
45.07,0.0007069826339347251
45.08,0.000776676855281578
45.09,0.0008213917777844668
45.1,0.0009569273567008851
45.11,0.0012270452222106038
45.12,0.0014695846692277881
45.13,0.0017488562923502356
45.14,0.0019217295235180087
45.15,0.0019426662451904888
45.16,0.001954583069728305
45.17,0.001865177865340405
45.18,0.0017938968700268612
45.19,0.0017697371611067303
45.2,0.0016755570129164535
45.21,0.0016200741160866787
45.22,0.0014872119011880424
45.23,0.0013867405100473824
45.24,0.001343230290671549
45.25,0.0013312049671021801
45.26,0.0013532630962380162
45.27,0.0014020764488288386
45.28,0.0013359620822013544
45.29,0.0012185717478634481
45.3,0.0010969744844061351
45.31,0.0009569273567010626
45.32,0.0009514625155892284
45.33,0.0009895078938531622
45.34,0.0010436495830267291
45.35,0.0011123630693028953
45.36,0.0010884483639433437
45.37,0.0009717447201140351
45.38,0.0007662909517941892
45.39,0.0005597473866221084
45.4,0.00039190427961143643
45.41,0.00023931325296859383
45.42,0.00020616149433266463
45.43,0.00026178089569142444
45.44,0.0003586160164465147
45.45,0.0005273033539989659
45.46,0.0007277269981618076
45.47,0.0009793949994237811
45.48,0.001211057973082575
45.49,0.0014352282074647639
45.5,0.0015369569478478672
45.51,0.001565162440740442
45.52,0.0015108842470378926
45.53,0.001539278890574878
45.54,0.0014991007202283342
45.55,0.0015378011783897803
45.56,0.0015157778666661098
45.57,0.0014419816101176137
45.58,0.0012803426808426909
45.59,0.0010768013416627776
45.6,0.0008803180248046771
45.61,0.0007836194085785218
45.62,0.0007451645167275318
45.63,0.0009014444598712103
45.64,0.0009998663545929636
45.65,0.0012619202593422416
45.66,0.0014015578734602357
45.67,0.0015275517794310451
45.68,0.0016439888214456375
45.69,0.0016068435266396518
45.7,0.0014865041751748128
45.71,0.0014512154565927637
45.72,0.001387945213174518
45.73,0.001395596055234258
45.74,0.0013846389302632212
45.75,0.0014207186705219724
45.76,0.0013084116692062397
45.77,0.0010797825321507838
45.78,0.0008388292963503349
45.79,0.0005649140153081447
45.8,0.0003261719838233375
45.81,0.0003050455487567468
45.82,0.0004682680451974216
45.83,0.0007228333785338254
45.84,0.0010867250854477766
45.85,0.0014069700684569441
45.86,0.0015923871985623762
45.87,0.0015699195558395477
45.88,0.0013796088061060624
45.89,0.0011144120029718601
45.9,0.00089789204789939
45.91,0.0007228333785337172
45.92,0.0006952829655385418
45.93,0.0007883765236774268
45.94,0.0008543543857759821
45.95,0.0008786511619750091
45.96,0.0008474118324790865
45.97,0.0007294502766574205
45.98,0.0005372270977839919
45.99,0.0003260354792943723
46.0,0.00022881828769980822
46.01,0.00019077290943580801
46.02,0.0002393132529685668
46.03,0.0003691109817152658
46.04,0.0005164827335567285
46.05,0.0006357854970346099
46.06,0.0007176141037323223
46.07,0.0007764038462234665
46.08,0.0008702051303751598
46.09,0.000913144128267135
46.1,0.0010106343289196724
46.11,0.0010811237398067961
46.12,0.0011041626040133887
46.13,0.0010743176910388613
46.14,0.0011319860260666469
46.15,0.001218189677023974
46.16,0.0013523840482843105
46.17,0.0014607296867910789
46.18,0.0015231024908024188
46.19,0.0013738183098209013
46.2,0.00117358381630239
46.21,0.0009515151617045179
46.22,0.0007943035244916584
46.23,0.0006896816198978149
46.24,0.000740081746455245
46.25,0.0008037651085743754
46.26,0.0008043363300581498
46.27,0.0007764038462235553
46.28,0.0007071191384636289
46.29,0.0005927099946137594
46.3,0.0004990452149910534
46.31,0.0003865485002811489
46.32,0.0002823887553896032
46.33,0.00023944975749755912
46.34,0.00022868178317070749
46.35,0.0003261719838231872
46.36,0.00041218648413609817
46.37,0.0005339202521223786
46.38,0.0006565298612616741
46.39,0.0007507658623682205
46.4,0.0008908129900732967
46.41,0.0010000028591218393
46.42,0.0010328289625844604
46.43,0.0010204215681756449
46.44,0.0009412131166306175
46.45,0.0008421361420114264
46.46,0.0007284347241743205
46.47,0.0007278635026904876
46.48,0.0007676321594500682
46.49,0.0008093664542148746
46.5,0.0008299743139130535
46.51,0.0008494607661478028
46.52,0.0008089843833754429
46.53,0.0007232154493729714
46.54,0.0006563933567326275
46.55,0.0005721021349153171
46.56,0.00045036836692906367
46.57,0.0004023992448801258
46.58,0.0003917677750823627
46.59,0.00044547474730117717
46.6,0.0005164827335567861
46.61,0.0005976036142417109
46.62,0.000641386842675433
46.63,0.0006514997371047843
46.64,0.0006640436360425578
46.65,0.0006896816198977227
46.66,0.0007557959865252828
46.67,0.0008369168672102431
46.68,0.0009237755980649868
46.69,0.0009236390935360166
46.7,0.0009237755980650485
46.71,0.0008369168672103624
46.72,0.0007939778693183529
46.73,0.0007277269981617609
46.74,0.0006745386013113705
46.75,0.0006183479784687628
46.76,0.0005339202521224058
46.77,0.00041218648413609817
46.78,0.0002879901010302217
46.79,0.00022881828769964567
46.8,0.0002288182876996457
46.81,0.0002879901010302217
46.82,0.00045036836692906367
46.83,0.0005719656303863789
46.84,0.0007052067093235064
46.85,0.000755659481996326
46.86,0.0007938413647893606
46.87,0.0008196158531735679
46.88,0.0007730970005622435
46.89,0.0007432520875876296
46.9,0.0007177506082613491
46.91,0.0007728514342516035
46.92,0.0008477374876522996
46.93,0.0009881666861968077
46.94,0.0011416367607935479
46.95,0.0012183825972189777
46.96,0.001204115419785656
46.97,0.0011754962454424388
46.98,0.001200888662987172
46.99,0.0011962406096695946
47.0,0.0012547046969873454
47.01,0.0013584297249240448
47.02,0.0014090190021257933
47.03,0.0013897217005354005
47.04,0.0013698215668499854
47.05,0.0013148356471346196
47.06,0.0012898527431768607
47.07,0.0012316658327806663
47.08,0.0011859912107110963
47.09,0.0010636862212410289
47.1,0.0009413496211598043
47.11,0.0007500581363555991
47.12,0.0006572375872746647
47.13,0.0006361111522080742
47.14,0.0006915940490378069
47.15,0.0008633990816072101
47.16,0.0010429418570138294
47.17,0.0012133524730618486
47.18,0.001247190922206369
47.19,0.001132095087847837
47.2,0.0009387821121221926
47.21,0.0006746751058402743
47.22,0.0005112070430891676
47.23,0.0005063134234611509
47.24,0.000565348732262727
47.25,0.0007432520875873602
47.26,0.0008491351109745011
47.27,0.0008955174590568974
47.28,0.0008425182128509809
47.29,0.0007226968740047246
47.3,0.000646742622005852
47.31,0.0006203969121379662
47.32,0.0007453010212566831
47.33,0.0009776717209282412
47.34,0.0012391796075615997
47.35,0.0015164855926787422
47.36,0.0016511769410534009
47.37,0.0017123976880528652
47.38,0.0016945780986476074
47.39,0.001620970992743443
47.4,0.0015804946099710465
47.41,0.0015496373513145115
47.42,0.0015213792123066091
47.43,0.0014451519512496704
47.44,0.0012721422155529795
47.45,0.0010969744844058964
47.46,0.0009415387718040556
47.47,0.0008803180248045111
47.48,0.000918881978436938
47.49,0.0010430783615429078
47.5,0.0011472381064344536
47.51,0.0011784774359304326
47.52,0.001167982470661632
47.53,0.0011318495215376545
47.54,0.0010969744844060427
47.55,0.0010436495830266894
47.56,0.0010048964787499422
47.57,0.000984425123580756
47.58,0.0009513260110601152
47.59,0.0009726415967710585
47.6,0.0010920808647779602
47.61,0.0012511522850154602
47.62,0.001516622097207602
47.63,0.0017049365593874387
47.64,0.00183227167301449
47.65,0.0017912240687582655
47.66,0.0016000374778717943
47.67,0.001307893093837455
47.68,0.0010770743507204888
47.69,0.0009078684377996554
47.7,0.0008653115107471665
47.71,0.0009063380794992231
47.72,0.0010605158801086445
47.73,0.001223601872020275
47.74,0.0013516763222713663
47.75,0.001430198083307755
47.76,0.0014552648456792128
47.77,0.0014196504719237177
47.78,0.0014016943779895689
47.79,0.0013973719798453465
47.8,0.0015757374948723965
47.81,0.001772717788844896
47.82,0.0019622059062906288
47.83,0.0020614509960499914
47.84,0.002008917116347216
47.85,0.0017964433435601116
47.86,0.0014898320563409135
47.87,0.0012006156539293227
47.88,0.0010558952695388785
47.89,0.0008418104868384679
47.9,0.000804472834587247
47.91,0.0007277269981618422
47.92,0.0007785892844215432
47.93,0.0008039542592187156
47.94,0.0009675588264987703
47.95,0.0011241992422278437
47.96,0.001213352473061968
47.97,0.0012041154197855136
47.98,0.0011041626040133345
47.99,0.000951326011060028
48.0,0.0008147222335453357
48.01,0.0006639071315135029
48.02,0.0006516362416337766
48.03,0.0007072556429926213
48.04,0.0008977555433704249
48.05,0.0011024393255178572
48.06,0.0012651996622561306
48.07,0.001342578980324823
48.08,0.0012232762168468646
48.09,0.0010312421886177596
48.1,0.0007940305154335428
48.11,0.0005930356497869834
48.12,0.0005650505198370286
48.13,0.0006758798089675712
48.14,0.0008631260725491598
48.15,0.0010799190366794834
48.16,0.0012353015404160952
48.17,0.0013153542225028177
48.18,0.0012477621436900977
48.19,0.0011803898650701648
48.2,0.0010325833962739287
48.21,0.0008426547173799734
48.22,0.0007277269981616415
48.23,0.0006640436360424953
48.24,0.0006134543588407767
48.25,0.0007072556429925021
48.26,0.0008595736605773547
48.27,0.00114075771283975
48.28,0.0013689773363082297
48.29,0.0015493116961413395
48.3,0.0015417979213605733
48.31,0.0013813320846016947
48.32,0.0011350198626700393
48.33,0.0009573895164032865
48.34,0.0008647929353787272
48.35,0.000995245744022843
48.36,0.0011346942074965257
48.37,0.0013051048235445722
48.38,0.0013408557018291364
48.39,0.0012672485959250065
48.4,0.0011350198626699076
48.41,0.0009951092394938495
48.42,0.0008750987500032087
48.43,0.0007988714889462699
48.44,0.0006794322209393789
48.45,0.0006516362416338037
48.46,0.0006153667879808683
48.47,0.000684788000269798
48.48,0.0008145857290165047
48.49,0.0009410766121018193
48.5,0.00113496721655463
48.51,0.001261647250284248
48.52,0.0013259018338871666
48.53,0.0013623077920691443
48.54,0.0012839783884780298
48.55,0.0012668138789702498
48.56,0.0011455148279387905
48.57,0.0010386194588697158
48.58,0.0009771004994444004
48.59,0.0008337465260779584
48.6,0.0007432520875876296
48.61,0.0007334648483315653
48.62,0.0007678213100946483
48.63,0.0008909494946023435
48.64,0.00101049782439068
48.65,0.0012284954916482625
48.66,0.0013533996007669274
48.67,0.0013414269233129191
48.68,0.0012928865797801334
48.69,0.0011749250239584156
48.7,0.001114548507500683
48.71,0.0010537624774560027
48.72,0.0010818314658196135
48.73,0.001162517629549789
48.74,0.0011646756250002477
48.75,0.0011992218001576085
48.76,0.0011629523465046373
48.77,0.0010936676387447203
48.78,0.0009875954647132598
48.79,0.0008599557314169602
48.8,0.0008089843833757629
48.81,0.0007509023668973903
48.82,0.0007277269981617769
48.83,0.0007939778693183025
48.84,0.0008369168672102777
48.85,0.0009237755980650175
48.86,0.0009618209763289944
48.87,0.001038184741914886
48.88,0.001038048237385879
48.89,0.0010868615899766111
48.9,0.0011574875053926728
48.91,0.00125675363065615
48.92,0.0013134944394783122
48.93,0.0013208190636147404
48.94,0.001271570994069193
48.95,0.0011091927281703415
48.96,0.0009394898381350907
48.97,0.000837242522383529
48.98,0.0007402708970994338
48.99,0.0007433885921165026
49.0,0.0007399452419261333
49.01,0.0007225077233603611
49.02,0.0006621312069026164
49.03,0.0006535486707738339
49.04,0.0006741565304720471
49.05,0.0007439598136004703
49.06,0.0008799923696314334
49.07,0.0010017261376177658
49.08,0.0009979539254531687
49.09,0.0009674223219699639
49.1,0.0008644672802056116
49.11,0.0007941143738474537
49.12,0.0006895451153689308
49.13,0.0007127204841045135
49.14,0.00069457523952594
49.15,0.0006970062440343244
49.16,0.0006945752395258859
49.17,0.0006745386013114593
49.18,0.0006896816198978039
49.19,0.0008980285524282779
49.2,0.0011751141746027644
49.21,0.0015202271552946472
49.22,0.0018629397810265144
49.23,0.002110211139774881
49.24,0.002162766054981843
49.25,0.002057317748549551
49.26,0.0019032232436039362
49.27,0.0016634752736806539
49.28,0.0014022129533578307
49.29,0.0011678459661326125
49.3,0.0010332911222868963
49.31,0.0008803180248046466
49.32,0.00090349339354026
49.33,0.0010101157535514183
49.34,0.0011910213348683418
49.35,0.0013790375846224252
49.36,0.0015721049940376492
49.37,0.00165136609169794
49.38,0.0017439626727224573
49.39,0.001711879112684698
49.4,0.0017020392273132665
49.41,0.001541987072004937
49.42,0.0013921527050437816
49.43,0.0011780953650908715
49.44,0.0009745013797955932
49.45,0.0008471662661684897
49.46,0.000865311510747117
49.47,0.000928858368337297
49.48,0.0011250434727696026
49.49,0.0012283589871194087
49.5,0.0013258491877719577
49.51,0.0012595983166154149
49.52,0.0012568901351853949
49.53,0.001238934041251219
49.54,0.0012780692163674254
49.55,0.0013565699418996292
49.56,0.0015183453757035444
49.57,0.0015538232449300831
49.58,0.001510114260865682
49.59,0.0013515398177425823
49.6,0.0011543171642605468
49.61,0.0008419469913674062
49.62,0.000580873821688788
49.63,0.0003917677750824981
49.64,0.00030518205328573924
49.65,0.00027749513576155933
49.66,0.0003691109817153004
49.67,0.0004783008507638206
49.68,0.0005595582359777379
49.69,0.0006308918774065931
49.7,0.0006846514957406864
49.71,0.0007715102265953915
49.72,0.0009514625155889735
49.73,0.00109856125837243
49.74,0.0012271542839919188
49.75,0.001297780199408031
49.76,0.001240902886056891
49.77,0.001112499573831653
49.78,0.000956927356700885
49.79,0.0008213917777844668
49.8,0.0008148587380745437
49.81,0.0008213917777846293
49.82,0.0009951092394941167
49.83,0.0011123630693030727
49.84,0.0012515343558551996
49.85,0.0012921788537677702
49.86,0.0012015163001372357
49.87,0.001025504338448329
49.88,0.0008114153878842558
49.89,0.000526595627986241
49.9,0.00040253574940924146
49.91,0.0003049090442276461
49.92,0.00036435386661615274
49.93,0.00041218648413609817
49.94,0.0005339202521223786
49.95,0.0006183479784687086
49.96,0.0006745386013112818
49.97,0.0007277269981616415
49.98,0.0007939778693182212
49.99,0.0007987349844172777
50.0,0.0008093664542150827
50.01,0.0007988714889462379
50.02,0.0007833463995204014
50.03,0.0007715102265953915
50.04,0.0007764038462233818
50.05,0.0007781271247190163
50.06,0.0007657197303102832
50.07,0.0006794322209393873
50.08,0.0005702423518909017
50.09,0.0005218385128871624
50.1,0.00045228079606927474
50.11,0.0005323334781560293
50.12,0.0006133178543119923
50.13,0.0006968697395053591
50.14,0.0007482822117447275
50.15,0.0007350516222982975
50.16,0.0006895451153688767
50.17,0.0006190557044816919
50.18,0.000620396912137847
50.19,0.000696624173194746
50.2,0.0007438233090713316
50.21,0.0009445199622921888
50.22,0.0011055038116696643
50.23,0.0012548412015163633
50.24,0.0014385350531262294
50.25,0.00167085254393265
50.26,0.0018576640905595431
50.27,0.0019447683877247537
50.28,0.0019508667104799864
50.29,0.0018318369560600277
50.3,0.0014989115695840088
50.31,0.0011580587268765984
50.32,0.0008040907637476192
50.33,0.0005774579142457364
50.34,0.00043484327750322566
50.35,0.00041289421014884984
50.36,0.000412186484136044
50.37,0.00048537990858953865
50.38,0.0005265956279858939
50.39,0.0006140255803244165
50.4,0.0008040907637473989
50.41,0.0010451272952116005
50.42,0.001254704696987079
50.43,0.001471361156588526
50.44,0.0015386802263433238
50.45,0.0014451519512496743
50.46,0.0012166593187233447
50.47,0.000984477769696122
50.48,0.0007610152613267095
50.49,0.0006085607392128792
50.5,0.0005822150293448815
50.51,0.0005927099946136817
50.52,0.0005857674413167126
50.53,0.0006308918774066902
50.54,0.0006584422904018581
50.55,0.000695282965538638
50.56,0.0007382219634306203
50.57,0.0008544908903051185
50.58,0.0009181742524242402
50.59,0.0009674223219697905
50.6,0.0009824288360271694
50.61,0.0009412131166308158
50.62,0.000803765108574336
50.63,0.0007177506082614033
50.64,0.0005977927648860815
50.65,0.0005654852367919045
50.66,0.0005265956279861596
50.67,0.0005339202521225804
50.68,0.000503938834618978
50.69,0.0004734072311357338
50.7,0.0004730251602962725
50.71,0.0004786265059370644
50.72,0.0004940150908338978
50.73,0.0005977401187706638
50.74,0.0006150411328075052
50.75,0.0007003130896956397
50.76,0.0007608787567977714
50.77,0.0008651750062183094
50.78,0.0009875954647132598
50.79,0.0010884483639433708
50.8,0.0011346942074966979
50.81,0.001097356555245482
50.82,0.0009511895065311547
50.83,0.0008703416349041523
50.84,0.0007277269981616416
50.85,0.0006745386013112818
50.86,0.0006183479784687087
50.87,0.0005339202521223786
50.88,0.0005267321325149948
50.89,0.0005166718842010375
50.9,0.0005653487322628578
50.91,0.0006947117440548241
50.92,0.0007955646432850125
50.93,0.000911231699127298
50.94,0.0009674223219698051
50.95,0.0009893713893241551
50.96,0.0010001393636509485
50.97,0.0009236390935360289
50.98,0.0008855937152720706
50.99,0.0008370533717393243
51.0,0.0007451645167276019
51.01,0.000695282965538638
51.02,0.000689681619897842
51.03,0.0006863747742364576
51.04,0.0006670248265306603
51.05,0.00064138684267546
51.06,0.0006966241731947855
51.07,0.0007991971441197219
51.08,0.0009726415967712048
51.09,0.0012060278489256704
51.1,0.0014627259743446959
51.11,0.0016025000929917419
51.12,0.0017232183084951154
51.13,0.0017101558341888424
51.14,0.0016157517179420937
51.15,0.00142211308704303
51.16,0.0012134889775907772
51.17,0.000971933870758176
51.18,0.0007666166069673748
51.19,0.0005979292694149732
51.2,0.0005823515338738576
51.21,0.0005545281118207592
51.22,0.0007003130896955277
51.23,0.0008213917777843351
51.24,0.0009187454739078002
51.25,0.00103627231277468
51.26,0.0010778168941452627
51.27,0.0010535733268115435
51.28,0.0009550149275609126
51.29,0.000838829296350234
51.3,0.0008042272682766842
51.31,0.0007715102265955691
51.32,0.0009082505086392535
51.33,0.0010812602443359225
51.34,0.0011959149544962665
51.35,0.0012977801994083888
51.36,0.0013103240983461707
51.37,0.001206027848925647
51.38,0.0010486797071837925
51.39,0.0008369168672103625
51.4,0.0007072556429926017
51.41,0.0007506568005868894
51.42,0.0009084396592835356
51.43,0.0011892980563725523
51.44,0.00145004557087784
51.45,0.0016704742426439396
51.46,0.0016717848007517602
51.47,0.0015050841367086963
51.48,0.001254322626148083
51.49,0.0010246559400428944
51.5,0.0007708025005828788
51.51,0.0006627024283865497
51.52,0.000641004771836145
51.53,0.0006378344307037606
51.54,0.0005857674413168319
51.55,0.0005857674413168319
51.56,0.0005614706651178295
51.57,0.0004885502497222677
51.58,0.00041289421014908885
51.59,0.00039666139471046074
51.6,0.00042486688760301803
51.61,0.00041218648413621754
51.62,0.0005115891139286722
51.63,0.0006028228890429518
51.64,0.0007890842496901785
51.65,0.0009719338707582141
51.66,0.0011910213348680784
51.67,0.0013408557018292214
51.68,0.0013813320846016365
51.69,0.0013359620822012376
51.7,0.0012393161120904726
51.71,0.0011475637616077277
51.72,0.0011733382499918273
51.73,0.00125675363065615
51.74,0.0014121893432580543
51.75,0.0014887986751544397
51.76,0.0014450154467207225
51.77,0.0012771723397100945
51.78,0.0010381847419149216
51.79,0.0007990606395907099
51.8,0.0006035306150559044
51.81,0.0005649140153081988
51.82,0.0005996525479107951
51.83,0.0007001765851667089
51.84,0.0007868988114924331
51.85,0.0008543543857761568
51.86,0.000841946991367341
51.87,0.0007281090690012112
51.88,0.0007278635026907695
51.89,0.0007297759318307725
51.9,0.000733328343802638
51.91,0.0008301108184424349
51.92,0.0009530492895559877
51.93,0.001043078361543116
51.94,0.0010748889125228593
51.95,0.0011524573812359566
51.96,0.0011749250239587255
51.97,0.0012167958232524026
51.98,0.0012822551099824502
51.99,0.0013434758569819147
52.0,0.0013948883292212218
52.01,0.0014039888779686005
52.02,0.0013740074604650654
52.03,0.0013035180495779995
52.04,0.001174788519429513
52.05,0.0010763666247077973
52.06,0.0009013079553421834
52.07,0.0008702051303751919
52.08,0.000864603784734391
52.09,0.000880700095644012
52.1,0.0009062015749702307
52.11,0.0009030312338378502
52.12,0.0008801288741602127
52.13,0.0008702051303751723
52.14,0.0008857828659163033
52.15,0.0009776717209280025
52.16,0.0010986977629015308
52.17,0.0011903136088553163
52.18,0.0011889724011991613
52.19,0.0011298005878686002
52.2,0.0010069454124188876
52.21,0.0008145857290164626
52.22,0.0006571010827455802
52.23,0.000582215029344842
52.24,0.0005059877682879428
52.25,0.00041778782977704404
52.26,0.0003691109817153004
52.27,0.00029982627395537043
52.28,0.0002443433771256301
52.29,0.0002393132529685938
52.3,0.0002773586312325399
52.31,0.0003692474862442582
52.32,0.0005059877682879428
52.33,0.0006307553728776548
52.34,0.000748853433228395
52.35,0.0007987349844173969
52.36,0.0008163090075122183
52.37,0.0007432520875876911
52.38,0.0007509023668974791
52.39,0.0007934592939500221
52.4,0.0008376245932232303
52.41,0.000873049816334452
52.42,0.0008873169937678618
52.43,0.0008419469913674603
52.44,0.000809692109388569
52.45,0.0007940305154337006
52.46,0.0008527676118094281
52.47,0.0009080613579947671
52.48,0.0009891822386796708
52.49,0.0009723159415976533
52.5,0.0008631260725491291
52.51,0.0008980285524281695
52.52,0.0009634878391582418
52.53,0.0011080406711583104
52.54,0.0013290195289038724
52.55,0.0014918631613059338
52.56,0.0014500455708774179
52.57,0.0012533634893308354
52.58,0.0010225231479598549
52.59,0.0007729879387805268
52.6,0.0004941515953628863
52.61,0.00036911098171518107
52.62,0.00029982627395523876
52.63,0.0002443433771255108
52.64,0.00027749513576149775
52.65,0.0003535858922894784
52.66,0.00045596971257007117
52.67,0.0005595582359778572
52.68,0.0006150411328076246
52.69,0.0005857674413168319
52.7,0.0004940150908340713
52.71,0.0004524173005982672
52.72,0.00043497978203244574
52.73,0.0004891214712060005
52.74,0.0006133178543119035
52.75,0.0007400817464552144
52.76,0.000803765108574336
52.77,0.0008043363300581081
52.78,0.0007382219634305316
52.79,0.0006308918774066056
52.8,0.0005059877682879033
52.81,0.0004072928645082007
52.82,0.00040239924488021453
52.83,0.00047302516029636463
52.84,0.0005496344921927499
52.85,0.0006288429437377255
52.86,0.000701899863662249
52.87,0.000673830875298637
52.88,0.0005808738216886958
52.89,0.0004835201255651699
52.9,0.0004524173005981859
52.91,0.0004454747473012043
52.92,0.0005321969736269481
52.93,0.0006307553728776672
52.94,0.000760826110682319
52.95,0.0007987349844172582
52.96,0.0008425182128509809
52.97,0.000819479348644364
52.98,0.0008114153878839651
52.99,0.000847166266168571
53.0,0.0008756699714870261
53.01,0.0009443834577632382
53.02,0.0009842886190518632
53.03,0.0009461067362589174
53.04,0.0008681561967063157
53.05,0.0007507658623683548
53.06,0.0007555504202149222
53.07,0.0008166346626855163
53.08,0.0010157170991921872
53.09,0.0013310684625733797
53.1,0.0015386802263436497
53.11,0.0016618084108513253
53.12,0.001684465204218363
53.13,0.0015770512597807318
53.14,0.0014336414334979771
53.15,0.0012823916145112437
53.16,0.001192362542524105
53.17,0.0011124995738316186
53.18,0.001043649583026517
53.19,0.0010275532721169727
53.2,0.0010001393636508713
53.21,0.000923639093536025
53.22,0.0009619574808579326
53.23,0.0009131441282671227
53.24,0.0009188819784368813
53.25,0.0008957066097012681
53.26,0.0008599557314167239
53.27,0.0008245094728014003
53.28,0.0008114153878840782
53.29,0.0007657723764257612
53.3,0.0007821416963934086
53.31,0.0007500581363557074
53.32,0.0007782636292482994
53.33,0.0007432520875876911
53.34,0.000712583979575467
53.35,0.0007278635026907999
53.36,0.0007071191384635983
53.37,0.0006794322209394331
53.38,0.0007433885921165913
53.39,0.0007626020352933964
53.4,0.0007764038462236204
53.41,0.0007488534332284871
53.42,0.0007294502766575287
53.43,0.0007503311454136922
53.44,0.0007333283438026652
53.45,0.0008095556048595767
53.46,0.000875098750003328
53.47,0.0008698794752019482
53.48,0.0008142600738431759
53.49,0.000717614103732411
53.5,0.0006742930350010051
53.51,0.000631081028051065
53.52,0.0006952829655386922
53.53,0.0008037651085744949
53.54,0.0008491351109748963
53.55,0.0007968225552775133
53.56,0.0006363567185185826
53.57,0.00043484327750348045
53.58,0.00027763164029055183
53.59,0.0002288182876997541
53.6,0.00039190427961140184
53.61,0.0006084242346838561
53.62,0.0008855937152720705
53.63,0.0010759044650055663
53.64,0.0011627631958603059
53.65,0.0010916187050757282
53.66,0.000995109239493958
53.67,0.0008803180248046466
53.68,0.0007889477451613634
53.69,0.0007432520875876641
53.7,0.0007400817464553067
53.71,0.0007501946408846997
53.72,0.0008096921093885692
53.73,0.0009239647487094267
53.74,0.0010762301201788945
53.75,0.001162763195860245
53.76,0.0011676568154882368
53.77,0.0010328289625845186
53.78,0.0008145857290164626
53.79,0.000631217532579949
53.8,0.0005061769189322398
53.81,0.0004941515953628863
53.82,0.000521376353184653
53.83,0.000576995754543361
53.84,0.0006134543588406918
53.85,0.0006033941105267
53.86,0.0006084242346837479
53.87,0.0006741038843565135
53.88,0.0007676321594502665
53.89,0.0009013079553421252
53.9,0.0010643939472537267
53.91,0.001174788519429423
53.92,0.0012391269614459985
53.93,0.001183371055558246
53.94,0.001065980721220342
53.95,0.0008576612314373295
53.96,0.0005878163749856192
53.97,0.00039679789923937193
53.98,0.00031567701855444357
53.99,0.0003155405140254708
54.0,0.0004072928645082007
54.01,0.0005164827335567161
54.02,0.0005976036142416567
54.03,0.0006032049598824488
54.04,0.000613454358840757
54.05,0.0005771849051877245
54.06,0.0006467426220056366
54.07,0.0007659088809545345
54.08,0.0009361829924736353
54.09,0.0010792113106667968
54.1,0.0011371252120050293
54.11,0.001086017359434878
54.12,0.0010057407092916816
54.13,0.0008801815202755459
54.14,0.0009034933935400824
54.15,0.0008957066097013027
54.16,0.0009517080818995115
54.17,0.001009926602906921
54.18,0.0009792584948947849
54.19,0.000901307955342256
54.2,0.0008145857290165317
54.21,0.0007627385398223886
54.22,0.0007327571223187862
54.23,0.0006850335665802291
54.24,0.0006945752395258207
54.25,0.0006865112787654501
54.26,0.0006514997371048764
54.27,0.000695282965538638
54.28,0.0007069826339346364
54.29,0.0007608261106823586
54.3,0.0007225077233603611
54.31,0.0007176141037323223
54.32,0.0006896816198977151
54.33,0.0006640436360425224
54.34,0.0006514997371047572
54.35,0.0006413868426754143
54.36,0.0006739673798275878
54.37,0.0006689372556705932
54.38,0.0006189191999526689
54.39,0.0006516362416338614
54.4,0.0007140616917605908
54.41,0.0007764038462235392
54.42,0.00098830319072595
54.43,0.001240520815217709
54.44,0.0014734100902577356
54.45,0.0015837213667697077
54.46,0.0016429764757640991
54.47,0.0015539597494589402
54.48,0.0013748516910070364
54.49,0.0012062169995699379
54.5,0.0011477002661367784
54.51,0.00104307836154293
54.52,0.0010329654671136035
54.53,0.000966714595957096
54.54,0.0008425182128511929
54.55,0.0006896816198978962
54.56,0.0005773214097169841
54.57,0.00048352012556525864
54.58,0.0004941515953630366
54.59,0.0005058512637590156
54.6,0.0005164827335567861
54.61,0.0004990452149909613
54.62,0.00046277576133795575
54.63,0.00048365663009413177
54.64,0.0004835201255651699
54.65,0.0005878163749856882
54.66,0.0006945752395258047
54.67,0.0007455465875669599
54.68,0.0008245094728014274
54.69,0.0008112788833549998
54.7,0.0007382219634304703
54.71,0.0006621312069025855
54.72,0.0005996525479106326
54.73,0.0005647775107790439
54.74,0.0004996164364746898
54.75,0.0004884137451930367
54.76,0.0005235617913825312
54.77,0.0004884137451929283
54.78,0.0004996164364745124
54.79,0.0005265956279858668
54.8,0.0005616071696464502
54.81,0.0005752724760476917
54.82,0.0006189191999524914
54.83,0.0007071191384634233
54.84,0.000750194640884418
54.85,0.0007281090690010768
54.86,0.00070507020479446
54.87,0.0006483293959722556
54.88,0.0005647775107789136
54.89,0.0004891214712057884
54.9,0.00044533824277206546
54.91,0.00046794239002390315
54.92,0.0004296240027020118
54.93,0.00041778782977704404
54.94,0.0004072928645082388
54.95,0.0004142354178052204
54.96,0.0004072928645082313
54.97,0.00045596971256995185
54.98,0.0005440331465518494
54.99,0.000630891877406571
55.0,0.0006619947023735624
55.01,0.0006794322209393789
55.02,0.0006357854970346494
55.03,0.0005928464991427171
55.04,0.000559747386622116
55.05,0.0006035306150558774
55.06,0.0006514997371048689
55.07,0.0007400817464552144
55.08,0.000803765108574336
55.09,0.0008807000956440391
55.1,0.0009288583683373743
55.11,0.0010332911222869089
55.12,0.0011956693881857454
55.13,0.0013483694766100352
55.14,0.0015095430393816717
55.15,0.0015594245905705862
55.16,0.0014575593456584495
55.17,0.0012422973025784409
55.18,0.0009361829924737139
55.19,0.0006410047718359826
55.2,0.0003643538666162488
55.21,0.0001524545221138772
55.22,0.00011454564837886943
55.23,0.00011440914384984997
55.24,0.00023931325296853222
55.25,0.0003691109817152352
55.26,0.0005164827335567161
55.27,0.0006739673798275877
55.28,0.0007938413647892915
55.29,0.0008631260725492524
55.3,0.0008855937152720706
55.31,0.0008212026271401699
55.32,0.0007226442278894507
55.33,0.0005702423518909558
55.34,0.00044044462314424927
55.35,0.0003205706381825687
55.36,0.00022359901289845896
55.37,0.00016797961153969913
55.38,0.0001249041091187168
55.39,7.62272610569386e-05
55.4,7.636376558590392e-05
55.41,7.622726105688444e-05
55.42,0.00020126787470455915
55.43,0.0003586160164464225
55.44,0.0005114526093997339
55.45,0.0007052067093236258
55.46,0.0008161725029831913
55.47,0.0008474118324792098
55.48,0.0007919289356494694
55.49,0.0006863747742365464
55.5,0.000602959393572172
55.51,0.0004891214712060547
55.52,0.0004453382427722931
55.53,0.0004297605072311236
55.54,0.0004297605072310694
55.55,0.0004835201255651503
55.56,0.0006035306150557812
55.57,0.0007659088809546232
55.58,0.0009030312338377602
55.59,0.000982239685382768
55.6,0.0009947835843206068
55.61,0.0009131441282672814
55.62,0.0008478739921814803
55.63,0.0007608787567977444
55.64,0.0007557959865253183
55.65,0.0008039016131031944
55.66,0.0008543543857758738
55.67,0.0008631260725490096
55.68,0.0008632625770780022
55.69,0.0008056775377140956
55.7,0.0007226442278892466
55.71,0.0006239493241096198
55.72,0.0005390030223949178
55.73,0.0004836566300941968
55.74,0.00040729286450832004
55.75,0.0004629122658670799
55.76,0.000526595627986241
55.77,0.0005983113402546095
55.78,0.0006563933567329744
55.79,0.0006588243612413861
55.8,0.0006183479784690015
55.81,0.0005878163749857967
55.82,0.0005979292694151627
55.83,0.0006847880002698795
55.84,0.0007556594819964493
55.85,0.0008524419566361844
55.86,0.0008316975924089826
55.87,0.0007225077233604152
55.88,0.000570378856419883
55.89,0.0003917677750824094
55.9,0.0003156770185544707
55.91,0.00028238875538952194
55.92,0.0003866850048100526
55.93,0.0004884137451931561
55.94,0.0005983113402544506
55.95,0.0007709390051116976
55.96,0.0008875061444120245
55.97,0.0009548784230320129
55.98,0.000977346065754831
55.99,0.0008766855239699373
56.0,0.000743388592116622
56.01,0.0005271668494699736
56.02,0.00042994965787543647
56.03,0.00035875252097553425
56.04,0.0003103212392242103
56.05,0.00037414110587236375
56.06,0.00046291226586707993
56.07,0.0005215655038292317
56.08,0.0006572375872746918
56.09,0.0007500581363555991
56.1,0.0009031677383668387
56.11,0.001025640842977083
56.12,0.001137314362649345
56.13,0.0011885903303597185
56.14,0.001196051459025166
56.15,0.001141636760793611
56.16,0.0010868615899766372
56.17,0.000977535216399122
56.18,0.0009082505086391648
56.19,0.0008370533717392306
56.2,0.0007988714889462775
56.21,0.0007938413647892914
56.22,0.000776403846223501
56.23,0.0007176141037323715
56.24,0.0006357854970346765
56.25,0.0005546646163497517
56.26,0.000445338242772239
56.27,0.0003642173620873106
56.28,0.0003205706381825687
56.29,0.000338008156748336
56.3,0.0003691109817153004
56.31,0.00045596971257000953
56.32,0.0005822150293448814
56.33,0.0007071191384635588
56.34,0.0007868988114923138
56.35,0.0009237755980650175
56.36,0.001050020914839924
56.37,0.001086725085447726
56.38,0.001079782532150784
56.39,0.0010223339973158558
56.4,0.000897566392726139
56.41,0.0007383584679596202
56.42,0.0006033941105268775
56.43,0.0006362476567370015
56.44,0.0006584422904018077
56.45,0.0007281090690012237
56.46,0.00083500443807039
56.47,0.0009481556699278353
56.48,0.0009719338707583444
56.49,0.0009555861490446993
56.5,0.001032583396273945
56.51,0.001105640316198435
56.52,0.0011561462977364221
56.53,0.0012322370542644254
56.54,0.0012790847688500511
56.55,0.0012160880972395568
56.56,0.0010766121910183108
56.57,0.0009719338707583258
56.58,0.0008271296279542317
56.59,0.0006896816198977768
56.6,0.0006308918774066902
56.61,0.0006308918774067249
56.62,0.0006896816198978691
56.63,0.000788947745161398
56.64,0.0009338884924944723
56.65,0.0011042991085424981
56.66,0.0012109214685535824
56.67,0.0012445918025579213
56.68,0.001172876090289522
56.69,0.0010174403776876102
56.7,0.0007764038462234089
56.71,0.0006467426220057559
56.72,0.0005285080571261051
56.73,0.0004941515953630095
56.74,0.0004990452149910805
56.75,0.0005232887823248641
56.76,0.0004990452149910805
56.77,0.0004559697125700983
56.78,0.00045228079606927474
56.79,0.0004454747473012856
56.8,0.0004559697125700983
56.81,0.0005440331465520352
56.82,0.0005927099946138135
56.83,0.0006239493241097702
56.84,0.0007071191384636635
56.85,0.0007833463995205675
56.86,0.0008250806942853334
56.87,0.000923775598065009
56.88,0.0010118390320469042
56.89,0.00101049782439068
56.9,0.0009548784230318936
56.91,0.000854354385775955
56.92,0.0007503311454134535
56.93,0.000608424234683798
56.94,0.0005271668494699193
56.95,0.0005267321325151791
56.96,0.000561607169646822
56.97,0.0006133178543119923
56.98,0.0007439598136004974
56.99,0.000826285397412646
57.0,0.0009031677383670162
57.01,0.0009112316991273903
57.02,0.0008980011096809604
57.03,0.0008194793486445682
57.04,0.0006795687254684379
57.05,0.0005440331465519035
57.06,0.00044547474730116627
57.07,0.00032603547929428353
57.08,0.00028238875538954904
57.09,0.00026178089569139733
57.1,0.00024420687259663775
57.11,0.0002879901010303991
57.12,0.00032043413365357635
57.13,0.0003866850048101413
57.14,0.00041218648413633686
57.15,0.0004352253483429271
57.16,0.00041218648413633686
57.17,0.0003485031220171758
57.18,0.0002823887553896032
57.19,0.00023931325296862094
57.2,0.00023931325296862096
57.21,0.0002823887553896032
57.22,0.00034850312201714867
57.23,0.0004121864841362827
57.24,0.0004352253483428384
57.25,0.00041218648413621754
57.26,0.00034850312201704405
57.27,0.0003587525209754149
57.28,0.0004299496578753749
57.29,0.0005271668494699736
57.3,0.000705206709323718
57.31,0.000800458262913118
57.32,0.0008142600738433076
57.33,0.0007870353160214254
57.34,0.0006914575445087949
57.35,0.0006467426220057559
57.36,0.000613454358840746
57.37,0.0006863747742362557
57.38,0.000781433970380391
57.39,0.0008043363300580154
57.4,0.000798734984417258
57.41,0.0007226442278893535
57.42,0.0005545281118207287
57.43,0.0004072928645082313
57.44,0.0002774951357615052
57.45,0.00019063640490676144
57.46,0.00016308599191159362
57.47,0.00016797961153957978
57.48,0.00018541713010536174
57.49,0.00016797961153957978
57.5,0.00020126787470455915
57.51,0.0002668636659637
57.52,0.00036421736208725646
57.53,0.0004990452149909919
57.54,0.0006532230156004437
57.55,0.0007225077233603611
57.56,0.0008252171988142373
57.57,0.0008594371560483943
57.58,0.0008807000956440267
57.59,0.0008731863208632979
57.6,0.0008336100215489856
57.61,0.0007432520875876641
57.62,0.000580873821688788
57.63,0.00041409891327630924
57.64,0.00032070714271156115
57.65,0.0002393132529685938
57.66,0.00035372239681847093
57.67,0.0005217020083581353
57.68,0.0007557959865253764
57.69,0.0010048964787499916
57.7,0.0011577330717033008
57.71,0.00122155293835145
57.72,0.0011854199892274266
57.73,0.0010762301201788591
57.74,0.0009394898381351488
57.75,0.0008702051303751919
57.76,0.0008264219019414525
57.77,0.0007662909517941621
57.78,0.000705070204794664
57.79,0.0006483293959724921
57.8,0.0005647775107791251
57.81,0.0004891214712059659
57.82,0.00048352012556513927
57.83,0.0005059877682879304
57.84,0.00047830085076379
57.85,0.0004990452149909919
57.86,0.0004627757613380333
57.87,0.00040729286450829293
57.88,0.00033106560345138144
57.89,0.00029982627395539754
57.9,0.00035875252097548
57.91,0.00040226274035120256
57.92,0.0004940150908338939
57.93,0.0006359220015635494
57.94,0.0007676321594501766
57.95,0.000863126072549079
57.96,0.0009881666861967801
57.97,0.001049884410310758
57.98,0.0011093292326993633
57.99,0.0011123630693028342
58.0,0.0010991324798564927
58.01,0.00110200460856309
58.02,0.001055622260480731
58.03,0.0009998663545929636
58.04,0.0009550149275609402
58.05,0.0008161725029830167
58.06,0.0006739673798275225
58.07,0.0005705153609488173
58.08,0.0005442222971962399
58.09,0.0006417124978488159
58.1,0.0007432520875876296
58.11,0.0008491351109747769
58.12,0.0008573355762641581
58.13,0.0007662909517941892
58.14,0.000635974647679047
58.15,0.0005168083887301532
58.16,0.00040729286450829293
58.17,0.0004297605072311236
58.18,0.0004678058854950967
58.19,0.000570378856419948
58.2,0.0006846514957408058
58.21,0.0008320232475822569
58.22,0.0009668511004859114
58.23,0.0010328289625844396
58.24,0.0010153914440186355
58.25,0.0008855937152719326
58.26,0.000668937255670512
58.27,0.000445474747301112
58.28,0.00027749513576149775
58.29,0.00019063640490678857
58.3,0.00023944975749758628
58.31,0.0003204341336535763
58.32,0.0004352253483429271
58.33,0.0005039388346190974
58.34,0.0005339202521226692
58.35,0.0005647775107792063
58.36,0.0006035306150559587
58.37,0.0006464696129479486
58.38,0.0007226442278895394
58.39,0.0007831572488763162
58.4,0.0008750987500033625
58.41,0.0009344597139782394
58.42,0.0009775352163991526
58.43,0.0010224705018446985
58.44,0.000989182238679725
58.45,0.000934270563333769
58.46,0.0008526311072804357
58.47,0.0008166346626854424
58.48,0.0007659088809546993
58.49,0.000766290951794131
58.5,0.0007655832257812908
58.51,0.0007018998636621049
58.52,0.000537090593254815
58.53,0.0003642173620871603
58.54,0.0002288182876996728
58.55,0.00019077290943572675
58.56,0.00023931325296853222
58.57,0.0004072928645082007
58.58,0.0005927099946136546
58.59,0.0007988714889463045
58.6,0.0009236390935360251
58.61,0.0009723159415978072
58.62,0.000928669217693053
58.63,0.0007781271247191877
58.64,0.0005752724760479304
58.65,0.0003642173620872836
58.66,0.0002670001704927466
58.67,0.00022881828769980822
58.68,0.0002879901010303991
58.69,0.00041218648413633686
58.7,0.0004957383693297038
58.71,0.0005039388346190974
58.72,0.0004352253483429271
58.73,0.0003204341336535763
58.74,0.00023944975749761339
58.75,0.00022881828769980825
58.76,0.00031554051402555953
58.77,0.0004177878297771328
58.78,0.0005595582359778572
58.79,0.0006914048983935014
58.8,0.0007382219634306008
58.81,0.0007438233090713275
58.82,0.0007120127580914958
58.83,0.0006151776373363536
58.84,0.00046086333219787635
58.85,0.00032603547929419485
58.86,0.0001906364049067344
58.87,7.63637655858768e-05
58.88,3.818188279296552e-05
58.89,0.00015259102664286962
58.9,0.000277358631232594
58.91,0.0004559697125700983
58.92,0.0005976036142418302
58.93,0.0006637179808694028
58.94,0.0006288429437378141
58.95,0.0005878163749857967
58.96,0.0005110705385604189
58.97,0.0004510760929420815
58.98,0.0004121864841363368
58.99,0.0004471980257969179
59.0,0.00041218648413633686
59.01,0.00037471232735615046
59.02,0.0003204341336535763
59.03,0.00026178089569142444
59.04,0.00016797961153969913
59.05,0.00016308599191168234
59.06,0.0001524545221138772
59.07,0.00016308599191168234
59.08,0.0002443433771255759
59.09,0.0003378716522192623
59.1,0.00041778782977695535
59.11,0.0004990452149908419
59.12,0.0005996525479104774
59.13,0.0007278635026905418
59.14,0.0008582324529210543
59.15,0.0009998663545927942
59.16,0.0010760409695344145
59.17,0.0010760409695344934
59.18,0.0010380482373859292
59.19,0.0009344597139782394
59.2,0.0008527676118095514
59.21,0.0007676321594504941
59.22,0.000684462345096574
59.23,0.0006239493241097973
59.24,0.0005390030223950261
59.25,0.00044547474730128553
59.26,0.00036924748624431983
59.27,0.0003378716522193165
59.28,0.0003692474862442582
59.29,0.0004072928645081736
59.3,0.0005009576441308671
59.31,0.000651636241633742
59.32,0.000793841364789261
59.33,0.0009236390935360166
59.34,0.001015527948547809
59.35,0.001022333997315856
59.36,0.0009618209763291138
59.37,0.000863262577078364
59.38,0.0007451645167276365
59.39,0.0006690737601996558
59.4,0.0006134543588408382
59.41,0.0005876798704566185
59.42,0.0005752724760478111
59.43,0.0005546646163496324
59.44,0.000505851263758884
59.45,0.00045596971256995185
59.46,0.0004072928645082313
59.47,0.00037605353501228203
59.48,0.0004074293690372854
59.49,0.0005217020083582241
59.5,0.000740270897099674
59.51,0.0009443834577633737
59.52,0.0010815058106465355
59.53,0.001118979967426722
59.54,0.001071147349906661
59.55,0.0009288583683374435
59.56,0.000842843868024402
59.57,0.0008040907637475886
59.58,0.0008544908903049473
59.59,0.0008904873348999534
59.6,0.000896088680540776
59.61,0.000798734984417258
59.62,0.0006308918774065931
59.63,0.0004454747473011662
59.64,0.0003155405140254708
59.65,0.0002393132529685668
59.66,0.000244343377125603
59.67,0.00026164439116243204
59.68,0.00033106560345138144
59.69,0.0004454747473012313
59.7,0.0005390030223949177
59.71,0.0006239493241096198
59.72,0.0006462804623033698
59.73,0.0006150411328073611
59.74,0.0004990452149908419
59.75,0.00040239924488012584
59.76,0.0003430909270206116
59.77,0.00032617198382331046
59.78,0.00037414110587236375
59.79,0.0004470615212679255
59.8,0.00046086333219811504
59.81,0.0004177878297771328
59.82,0.00033787165221937064
59.83,0.00028252525991856854
59.84,0.0002393132529685668
59.85,0.0002773586312325053
59.86,0.0003310656034512621
59.87,0.00039157862443799926
59.88,0.00042962400270195767
59.89,0.0004177878297769553
59.9,0.00040729286450811946
59.91,0.0003760535350121232
59.92,0.0003692474862441389
59.93,0.000407292864508112
59.94,0.00050095764413084
59.95,0.0005752724760478185
59.96,0.0006032049598824488
59.97,0.0006973739419518017
59.98,0.0006662047173739437
59.99,0.0002256107563307541
60.0,0.0
