# Name: Feat 4-Feat 3
# Variable_type: slip rate
# Unit: m/ky
0.0,0.0
0.01,0.0
0.02,0.0
0.03,0.0
0.04,0.0
0.05,0.0
0.06,0.0
0.07,0.0
0.08,0.0
0.09,0.0
0.1,0.0
0.11,0.0
0.12,0.0
0.13,0.0
0.14,0.0
0.15,0.0
0.16,0.0
0.17,0.0
0.18,0.0
0.19,0.0
0.2,0.0
0.21,0.0
0.22,0.0
0.23,0.0
0.24,0.0
0.25,0.0
0.26,0.0
0.27,0.0
0.28,0.0
0.29,0.0
0.3,0.0
0.31,0.0
0.32,0.0
0.33,0.0
0.34,0.0
0.35,0.0
0.36,0.0
0.37,0.0
0.38,0.0
0.39,0.0
0.4,0.0
0.41,0.0
0.42,0.0
0.43,0.0
0.44,0.0
0.45,0.0
0.46,0.0
0.47,0.0
0.48,0.0
0.49,0.0
0.5,0.0
0.51,0.0
0.52,0.0
0.53,0.0
0.54,0.0
0.55,0.0
0.56,0.0
0.57,0.0
0.58,0.0
0.59,0.0
0.6,0.0
0.61,0.0
0.62,0.0
0.63,0.0
0.64,0.0
0.65,0.0
0.66,0.0
0.67,0.0
0.68,0.0
0.69,0.0
0.7,0.0
0.71,0.0
0.72,0.0
0.73,0.0
0.74,0.0
0.75,0.0
0.76,0.0
0.77,0.0
0.78,0.0
0.79,0.0
0.8,0.0
0.81,0.0
0.82,0.0
0.83,0.0
0.84,0.0
0.85,0.0
0.86,0.0
0.87,0.0
0.88,0.0
0.89,0.0
0.9,0.0
0.91,0.0
0.92,0.0
0.93,0.0
0.94,0.0
0.95,0.0
0.96,0.0
0.97,0.0
0.98,0.0
0.99,0.0
1.0,0.0
1.01,0.0
1.02,0.0
1.03,0.0
1.04,0.0
1.05,0.0
1.06,0.0
1.07,0.0
1.08,0.0
1.09,0.0
1.1,0.0
1.11,0.0
1.12,0.0
1.13,0.0
1.14,0.0
1.15,0.0
1.16,0.0
1.17,0.0
1.18,0.0
1.19,0.0
1.2,0.0
1.21,0.0
1.22,0.0
1.23,0.0
1.24,0.0
1.25,0.0
1.26,0.0
1.27,0.0
1.28,0.0
1.29,0.0
1.3,0.0
1.31,0.0
1.32,0.0
1.33,0.0
1.34,0.0
1.35,0.0
1.36,0.0
1.37,0.0
1.38,0.0
1.39,0.0
1.4,0.0
1.41,0.0
1.42,0.0
1.43,0.0
1.44,0.0
1.45,0.0
1.46,0.0
1.47,0.0
1.48,0.0
1.49,0.0
1.5,0.0
1.51,0.0
1.52,0.0
1.53,0.0
1.54,0.0
1.55,0.0
1.56,0.0
1.57,0.0
1.58,0.0
1.59,0.0
1.6,0.0
1.61,0.0
1.62,0.0
1.63,0.0
1.64,0.0
1.65,0.0
1.66,0.0
1.67,0.0
1.68,0.0
1.69,0.0
1.7,0.0
1.71,0.0
1.72,0.0
1.73,0.0
1.74,0.0
1.75,0.0
1.76,0.0
1.77,0.0
1.78,0.0
1.79,0.0
1.8,0.0
1.81,0.0
1.82,0.0
1.83,0.0
1.84,0.0
1.85,0.0
1.86,0.0
1.87,0.0
1.88,0.0
1.89,0.0
1.9,0.0
1.91,0.0
1.92,0.0
1.93,0.0
1.94,0.0
1.95,0.0
1.96,0.0
1.97,0.0
1.98,0.0
1.99,0.0
2.0,0.0
2.01,0.0
2.02,0.0
2.03,0.0
2.04,0.0
2.05,0.0
2.06,0.0
2.07,0.0
2.08,0.0
2.09,0.0
2.1,0.0
2.11,0.0
2.12,0.0
2.13,0.0
2.14,0.0
2.15,0.0
2.16,0.0
2.17,0.0
2.18,0.0
2.19,0.0
2.2,0.0
2.21,0.0
2.22,0.0
2.23,0.0
2.24,0.0
2.25,0.0
2.26,0.0
2.27,0.0
2.28,0.0
2.29,0.0
2.3,0.0
2.31,0.0
2.32,0.0
2.33,0.0
2.34,0.0
2.35,0.0
2.36,0.0
2.37,0.0
2.38,0.0
2.39,0.0
2.4,0.0
2.41,0.0
2.42,0.0
2.43,0.0
2.44,0.0
2.45,0.0
2.46,0.0
2.47,0.0
2.48,0.0
2.49,0.0
2.5,0.0
2.51,0.0
2.52,0.0
2.53,0.0
2.54,0.0
2.55,0.0
2.56,0.0
2.57,0.0
2.58,0.0
2.59,0.0
2.6,0.0
2.61,0.0
2.62,0.0
2.63,0.0
2.64,0.0
2.65,0.0
2.66,0.0
2.67,0.0
2.68,0.0
2.69,0.0
2.7,0.0
2.71,0.0
2.72,0.0
2.73,0.0
2.74,0.0
2.75,0.0
2.76,0.0
2.77,0.0
2.78,0.0
2.79,0.0
2.8,0.0
2.81,0.0
2.82,0.0
2.83,0.0
2.84,0.0
2.85,0.0
2.86,0.0
2.87,0.0
2.88,0.0
2.89,0.0
2.9,0.0
2.91,0.0
2.92,0.0
2.93,0.0
2.94,0.0
2.95,0.0
2.96,0.0
2.97,0.0
2.98,0.0
2.99,0.0
3.0,0.0
3.01,0.0
3.02,0.0
3.03,0.0
3.04,0.0
3.05,0.0
3.06,0.0
3.07,0.0
3.08,0.0
3.09,0.0
3.1,0.0
3.11,0.0
3.12,0.0
3.13,0.0
3.14,0.0
3.15,0.0
3.16,0.0
3.17,0.0
3.18,0.0
3.19,0.0
3.2,0.0
3.21,0.0
3.22,0.0
3.23,0.0
3.24,0.0
3.25,0.0
3.26,0.0
3.27,0.0
3.28,0.0
3.29,0.0
3.3,0.0
3.31,0.0
3.32,0.0
3.33,0.0
3.34,0.0
3.35,0.0
3.36,0.0
3.37,0.0
3.38,0.0
3.39,0.0
3.4,0.0
3.41,0.0
3.42,0.0
3.43,0.0
3.44,0.0
3.45,0.0
3.46,0.0
3.47,0.0
3.48,0.0
3.49,0.0
3.5,0.0
3.51,0.0
3.52,0.0
3.53,0.0
3.54,0.0
3.55,0.0
3.56,0.0
3.57,0.0
3.58,0.0
3.59,0.0
3.6,0.0
3.61,0.0
3.62,0.0
3.63,0.0
3.64,0.0
3.65,0.0
3.66,0.0
3.67,0.0
3.68,0.0
3.69,0.0
3.7,0.0
3.71,0.0
3.72,0.0
3.73,0.0
3.74,0.0
3.75,0.0
3.76,0.0
3.77,0.0
3.78,0.0
3.79,0.0
3.8,0.0
3.81,0.0
3.82,0.0
3.83,0.0
3.84,0.0
3.85,0.0
3.86,0.0
3.87,0.0
3.88,0.0
3.89,0.0
3.9,0.0
3.91,0.0
3.92,0.0
3.93,0.0
3.94,0.0
3.95,0.0
3.96,0.0
3.97,0.0
3.98,0.0
3.99,0.0
4.0,0.0
4.01,0.0
4.02,0.0
4.03,0.0
4.04,0.0
4.05,0.0
4.06,0.0
4.07,0.0
4.08,0.0
4.09,0.0
4.1,0.0
4.11,0.0
4.12,0.0
4.13,0.0
4.14,0.0
4.15,0.0
4.16,0.0
4.17,0.0
4.18,0.0
4.19,0.0
4.2,0.0
4.21,0.0
4.22,0.0
4.23,0.0
4.24,0.0
4.25,0.0
4.26,0.0
4.27,0.0
4.28,0.0
4.29,0.0
4.3,0.0
4.31,0.0
4.32,0.0
4.33,0.0
4.34,0.0
4.35,0.0
4.36,0.0
4.37,0.0
4.38,0.0
4.39,0.0
4.4,0.0
4.41,0.0
4.42,0.0
4.43,0.0
4.44,0.0
4.45,0.0
4.46,0.0
4.47,0.0
4.48,0.0
4.49,0.0
4.5,0.0
4.51,0.0
4.52,0.0
4.53,0.0
4.54,0.0
4.55,0.0
4.56,0.0
4.57,0.0
4.58,0.0
4.59,0.0
4.6,0.0
4.61,0.0
4.62,0.0
4.63,0.0
4.64,0.0
4.65,0.0
4.66,0.0
4.67,0.0
4.68,0.0
4.69,0.0
4.7,0.0
4.71,0.0
4.72,0.0
4.73,0.0
4.74,0.0
4.75,0.0
4.76,0.0
4.77,0.0
4.78,0.0
4.79,0.0
4.8,0.0
4.81,0.0
4.82,0.0
4.83,0.0
4.84,0.0
4.85,0.0
4.86,0.0
4.87,0.0
4.88,0.0
4.89,0.0
4.9,0.0
4.91,0.0
4.92,0.0
4.93,0.0
4.94,0.0
4.95,0.0
4.96,0.0
4.97,0.0
4.98,0.0
4.99,0.0
5.0,0.0
5.01,0.0
5.02,0.0
5.03,0.0
5.04,0.0
5.05,0.0
5.06,0.0
5.07,0.0
5.08,0.0
5.09,0.0
5.1,0.0
5.11,0.0
5.12,0.0
5.13,0.0
5.14,0.0
5.15,0.0
5.16,0.0
5.17,0.0
5.18,0.0
5.19,0.0
5.2,0.0
5.21,0.0
5.22,0.0
5.23,0.0
5.24,0.0
5.25,0.0
5.26,0.0
5.27,0.0
5.28,0.0
5.29,0.0
5.3,0.0
5.31,0.0
5.32,0.0
5.33,0.0
5.34,0.0
5.35,0.0
5.36,0.0
5.37,0.0
5.38,0.0
5.39,0.0
5.4,0.0
5.41,0.0
5.42,0.0
5.43,0.0
5.44,0.0
5.45,0.0
5.46,0.0
5.47,0.0
5.48,0.0
5.49,0.0
5.5,0.0
5.51,0.0
5.52,0.0
5.53,0.0
5.54,0.0
5.55,0.0
5.56,0.0
5.57,0.0
5.58,0.0
5.59,0.0
5.6,0.0
5.61,0.0
5.62,0.0
5.63,0.0
5.64,0.0
5.65,0.0
5.66,0.0
5.67,0.0
5.68,0.0
5.69,0.0
5.7,0.0
5.71,0.0
5.72,0.0
5.73,0.0
5.74,0.0
5.75,0.0
5.76,0.0
5.77,0.0
5.78,0.0
5.79,0.0
5.8,0.0
5.81,0.0
5.82,0.0
5.83,0.0
5.84,7.636484636403297e-05
5.85,0.0001524566798061777
5.86,0.00024981175377879785
5.87,0.0003359639779178829
5.88,0.0003708395086366611
5.89,0.0003359639779178829
5.9,0.00024981175377879785
5.91,0.0001524566798061777
5.92,7.636484636403297e-05
5.93,0.0
5.94,0.0
5.95,0.0
5.96,0.0
5.97,0.0
5.98,3.81824231820131e-05
5.99,7.622833990308208e-05
6.0,0.00012490587688938784
6.01,0.00016798198895892657
6.02,0.0001854197543183141
6.03,0.00016798198895892657
6.04,0.00012490587688938784
6.05,7.622833990308208e-05
6.06,3.81824231820131e-05
6.07,0.0
6.08,0.0
6.09,0.0
6.1,0.0
6.11,0.0
6.12,0.0
6.13,0.0
6.14,0.0
6.15,0.0
6.16,0.0
6.17,0.0
6.18,0.0
6.19,0.0
6.2,0.0
6.21,0.0
6.22,0.0
6.23,0.0
6.24,3.818242318201648e-05
6.25,7.622833990308885e-05
6.26,0.00012490587688939893
6.27,0.00020616441214095456
6.28,0.0002998305174034291
6.29,0.00036911620575141814
6.3,0.00045597616591974086
6.31,0.0005058584230834333
6.32,0.000554672466530689
6.33,0.0005370981947103597
6.34,0.0005114598480002105
6.35,0.00045037474100298485
6.36,0.00034850805438974594
6.37,0.0002823927520440468
6.38,0.00023931663997450424
6.39,0.00020113421679248775
6.4,0.00020616441214095794
6.41,0.00018541975431833054
6.42,0.00016798198895894145
6.43,0.000163088300071412
6.44,0.00019063910298818738
6.45,0.00023931663997449316
6.46,0.00029288786584832547
6.47,0.0003534017432772556
6.48,0.00035340174327725717
6.49,0.0003310702890303458
6.5,0.00027736255669556987
6.51,0.0002774990631565173
6.52,0.0002823927520440468
6.53,0.0003103256312077295
6.54,0.0003359639779178829
6.55,0.0003103256312077295
6.56,0.0002442103288620303
6.57,0.0001630883000714154
6.58,7.622833990308885e-05
6.59,3.818242318201648e-05
6.6,3.81824231820131e-05
6.61,7.622833990308208e-05
6.62,0.00012490587688938784
6.63,0.00016798198895892657
6.64,0.0001854197543183141
6.65,0.00016798198895892657
6.66,0.0002012707232534208
6.67,0.00026686744289127623
6.68,0.00036422251686389975
6.69,0.0004990522779892983
6.7,0.0006150498374986914
6.71,0.0006844720323076288
6.72,0.0007765513411458191
6.73,0.0008545556307945857
6.74,0.0009776855579383002
6.75,0.0010535882380590474
6.76,0.0010933574576653476
6.77,0.0010204360102254954
6.78,0.0008807125602125757
6.79,0.0007503944117278065
6.8,0.0006799040032024336
6.81,0.0007660562273415118
6.82,0.0009305948173762641
6.83,0.0011404481982273513
6.84,0.0012596161437390273
6.85,0.0013277804087522844
6.86,0.0013080481109393638
6.87,0.001224190419253811
6.88,0.001330841731429569
6.89,0.001447410520507263
6.9,0.0015807625485333959
6.91,0.0017588049281892814
6.92,0.0018179243693616047
6.93,0.0017863557311060669
6.94,0.0015863639734501782
6.95,0.0015112312903994576
6.96,0.0014037631788694478
6.97,0.0013366887261323263
6.98,0.0014329539878287995
6.99,0.0015740397002819157
7.0,0.0016771643166908225
7.01,0.0017337378110474251
7.02,0.0017167970298361788
7.03,0.0016640173995920821
7.04,0.0014884376699092607
7.05,0.0015119390264287074
7.06,0.0016031740927767086
7.07,0.0018271583465239562
7.08,0.002134863785495806
7.09,0.0023862623356988803
7.1,0.0024555480240468657
7.11,0.0023846755392745857
7.12,0.0022462933158999996
7.13,0.0021196641361253773
7.14,0.002097714758125365
7.15,0.002271931662610162
7.16,0.0025616491424561992
7.17,0.002715472815383054
7.18,0.0028304021611759993
7.19,0.0028156468490932673
7.2,0.0026483725961635707
7.21,0.002416104464222901
7.22,0.002234320468996435
7.23,0.0020118703648130355
7.24,0.0018909264695556752
7.25,0.001745055568782218
7.26,0.0016520971995489888
7.27,0.0015961787943611706
7.28,0.0015302558521831358
7.29,0.0016136165597205366
7.3,0.001677735546259104
7.31,0.0017680947590583357
7.32,0.0017913859264545118
7.33,0.0017299961954768228
7.34,0.0017603353081490007
7.35,0.001914343966474597
7.36,0.002135242092138577
7.37,0.0024734479556495223
7.38,0.0027272565089651963
7.39,0.0029077825743959868
7.4,0.0028855037670095216
7.41,0.0029781817485519443
7.42,0.0031649953763690617
7.43,0.0035118365443381444
7.44,0.004051863324868977
7.45,0.004469005185284205
7.46,0.004694709535070407
7.47,0.004545612394587925
7.48,0.004269230024085639
7.49,0.0038955247534271454
7.5,0.003588719973410027
7.51,0.0035262720412147543
7.52,0.0036386022305736994
7.53,0.0038021042179505926
7.54,0.00414254819745052
7.55,0.004266336818927852
7.56,0.004329607957811431
7.57,0.004118910334470157
7.58,0.0038338093626671013
7.59,0.0036015686738623607
7.6,0.0033662386564865775
7.61,0.0034564893687186525
7.62,0.0037274901176077777
7.63,0.0039551353341714165
7.64,0.004195328390452519
7.65,0.004223915796027159
7.66,0.004099832563068232
7.67,0.003933021039139642
7.68,0.0038322752131032633
7.69,0.003996704739812991
7.7,0.004194532626900057
7.71,0.004597816627341009
7.72,0.004991040237085034
7.73,0.005258479472302455
7.74,0.0053464076461872305
7.75,0.005301502374753731
7.76,0.005079431139970946
7.77,0.00479952207370182
7.78,0.004663739006761214
7.79,0.004745978290963902
7.8,0.004951596677261085
7.81,0.005451167537958218
7.82,0.005819113841437125
7.83,0.0059843075206406655
7.84,0.005839669345938341
7.85,0.00545275433438248
7.86,0.005010523758265699
7.87,0.004756662558089566
7.88,0.00488780335050483
7.89,0.005572411889273379
7.9,0.006325869153871175
7.91,0.007176929301638935
7.92,0.007945478828935698
7.93,0.00828556593591322
7.94,0.008277660927120435
7.95,0.008118099322815878
7.96,0.0077551648229720474
7.97,0.007558644470134133
7.98,0.0072704551308364505
7.99,0.007443326640760292
8.0,0.00771476852009078
8.01,0.00793530296757974
8.02,0.008324813928723243
8.03,0.008491233363905972
8.04,0.008484542126713028
8.05,0.008291248013584138
8.06,0.00790359782286319
8.07,0.007770823431739511
8.08,0.007508734207076699
8.09,0.007525135369778249
8.1,0.007625989696381722
8.11,0.007854622069230485
8.12,0.00818339782580729
8.13,0.00848092740342316
8.14,0.008937344699784381
8.15,0.009475752510074563
8.16,0.009869253300663124
8.17,0.010259083115936441
8.18,0.010406298848512987
8.19,0.010367702738025432
8.2,0.00982101104954187
8.21,0.009441395562063517
8.22,0.009024974094264901
8.23,0.008953626223904247
8.24,0.009027291186354614
8.25,0.009686260417336612
8.26,0.010377685676455944
8.27,0.01094259543509457
8.28,0.011428753171423568
8.29,0.011813473815247721
8.3,0.011914685412692217
8.31,0.012073504463062804
8.32,0.01212540823975827
8.33,0.01249540574531614
8.34,0.012545831788912186
8.35,0.012442267565895924
8.36,0.012306704865016635
8.37,0.012017153978855858
8.38,0.011695234370145234
8.39,0.01138252450230739
8.4,0.011551632798101057
8.41,0.011715028928999265
8.42,0.01203770043193501
8.43,0.012817726220305668
8.44,0.013741346212310369
8.45,0.014630673603937007
8.46,0.015314053186238581
8.47,0.0158168034843606
8.48,0.01605335605086945
8.49,0.015652360573866556
8.5,0.015366632518788441
8.51,0.014724097346259948
8.52,0.014194407738951951
8.53,0.013708037004971722
8.54,0.013362604901727021
8.55,0.013372342270371611
8.56,0.013434656902952315
8.57,0.013715225226313006
8.58,0.014216845049677707
8.59,0.014464334265109197
8.6,0.01456163348537495
8.61,0.014331554029408947
8.62,0.013990622117183332
8.63,0.01406203325303051
8.64,0.013989193261340566
8.65,0.014392793471822969
8.66,0.014852425586271638
8.67,0.015321817520647884
8.68,0.015604569067366923
8.69,0.015674986639594688
8.7,0.015947278043233738
8.71,0.0162486078922962
8.72,0.01634065808134501
8.73,0.017098603994270448
8.74,0.017606514024110016
8.75,0.01801900191448893
8.76,0.018146553750096436
8.77,0.018384894524619503
8.78,0.018387195464406952
8.79,0.017938942254838067
8.8,0.017854326817992813
8.81,0.017605116381006827
8.82,0.017538259087485013
8.83,0.018144723060539672
8.84,0.019079223847760382
8.85,0.02057080782546285
8.86,0.021536640181437593
8.87,0.02233402324685272
8.88,0.02243818766640736
8.89,0.021892899749210153
8.9,0.021543956402596973
8.91,0.021059820185799587
8.92,0.020928640528626963
8.93,0.021124586609489484
8.94,0.020893986331404223
8.95,0.020804306444063368
8.96,0.020274585061257667
8.97,0.01998172463854538
8.98,0.019861902166622886
8.99,0.01998207927165662
9.0,0.02047088841296161
9.01,0.02070249561115712
9.02,0.020677134445291314
9.03,0.020738929527729027
9.04,0.02036180549911297
9.05,0.0201299684851149
9.06,0.01965281710618799
9.07,0.019726038048609475
9.08,0.019764199834308167
9.09,0.01989955375518673
9.1,0.020503193191458394
9.11,0.02112594830917163
9.12,0.02166477133060138
9.13,0.022479579340349432
9.14,0.0229514127244577
9.15,0.02352371547459644
9.16,0.023603279117533536
9.17,0.023458858506723395
9.18,0.022911864996428416
9.19,0.02199127679737277
9.2,0.021152651662751747
9.21,0.020464425756604815
9.22,0.020016867735928204
9.23,0.020401079973982945
9.24,0.020957752924243577
9.25,0.02167558569685445
9.26,0.022929189928858895
9.27,0.02405616442468933
9.28,0.02486294790813267
9.29,0.02564518509655352
9.3,0.025972982185509894
9.31,0.025885705893947817
9.32,0.025292025153458533
9.33,0.02475621441301036
9.34,0.024355504365278856
9.35,0.02380181097104549
9.36,0.023598438075506014
9.37,0.023708699943049028
9.38,0.02393866392835591
9.39,0.024454902955661138
9.4,0.025358738565750598
9.41,0.0263164316339807
9.42,0.02695309934512082
9.43,0.027020116267497403
9.44,0.02687574637503627
9.45,0.026177965551005048
9.46,0.025385221154950437
9.47,0.025297435332103057
9.48,0.02570077462349316
9.49,0.02641544454295165
9.5,0.027003004161920835
9.51,0.027769776215637604
9.52,0.02775138610553921
9.53,0.027168236705881383
9.54,0.026934592234170537
9.55,0.026901869037687553
9.56,0.026961755116264405
9.57,0.02783970096528148
9.58,0.029066670353999704
9.59,0.03033300574082534
9.6,0.031118761939343677
9.61,0.0319234443643968
9.62,0.031807015288626214
9.63,0.03129508646237174
9.64,0.030752246003921985
9.65,0.03069229541853491
9.66,0.03078251964870746
9.67,0.0313958215487128
9.68,0.03228680704922681
9.69,0.03266107770487717
9.7,0.032621635106129476
9.71,0.03224723840456323
9.72,0.03135737195718488
9.73,0.03072543094292865
9.74,0.03058715722012143
9.75,0.03092060629952433
9.76,0.03131218518416503
9.77,0.03192831284956024
9.78,0.03259430899001619
9.79,0.033121968026369825
9.8,0.03368278193464564
9.81,0.034073279495675304
9.82,0.03388830841100687
9.83,0.03301484048859993
9.84,0.032235495537901934
9.85,0.031150324715044826
9.86,0.03033115037665005
9.87,0.0301772351921052
9.88,0.030903779629576713
9.89,0.031866709159855275
9.9,0.03259363355859154
9.91,0.03292253383724993
9.92,0.03295514676383242
9.93,0.03269262000753427
9.94,0.03295481689611682
9.95,0.03343829482325764
9.96,0.034319544796220305
9.97,0.03473434741484852
9.98,0.034851205369150345
9.99,0.03468991348551031
10.0,0.034503065590926134
10.01,0.034639233371843284
10.02,0.035532708697935234
10.03,0.036755410929902844
10.04,0.03770446341185634
10.05,0.03776809502842723
10.06,0.03723038645388208
10.07,0.036485442046633294
10.08,0.0353848941282156
10.09,0.03474552950612892
10.1,0.034785208890770684
10.11,0.034770000594654606
10.12,0.035157797030445956
10.13,0.03569645569234049
10.14,0.03611981047140352
10.15,0.036998530643494114
10.16,0.0372684827780528
10.17,0.03799479362375911
10.18,0.038113014670789425
10.19,0.037785896192811225
10.2,0.03778530448384031
10.21,0.03763398233200254
10.22,0.03750638241577586
10.23,0.037348777590313235
10.24,0.03718203457667889
10.25,0.03735838053382756
10.26,0.037521099304789036
10.27,0.03826890457258142
10.28,0.03910222497509752
10.29,0.039626297016806436
10.3,0.03987047894145628
10.31,0.0394539736140574
10.32,0.03863818265295792
10.33,0.03752085734016787
10.34,0.03777241734869874
10.35,0.03821820495330558
10.36,0.03929856607766277
10.37,0.04035882631483637
10.38,0.04057214958302984
10.39,0.040388067842145346
10.4,0.04007623618643555
10.41,0.04021633417348708
10.42,0.04189523060424788
10.43,0.0437138252169928
10.44,0.04588845823371451
10.45,0.04702461935328522
10.46,0.04677674901742189
10.47,0.04512412000946175
10.48,0.042812920158246406
10.49,0.040757494635621665
10.5,0.03879594197827695
10.51,0.037537976017518467
10.52,0.03708274071725909
10.53,0.037165538972761106
10.54,0.03771220153509657
10.55,0.03878000979382924
10.56,0.03972901699733303
10.57,0.040263342636271696
10.58,0.04035819169871246
10.59,0.04001967023128719
10.6,0.03886840222054922
10.61,0.03857977526855625
10.62,0.038633545660250235
10.63,0.03947018229552089
10.64,0.04072213062103885
10.65,0.04187630298130762
10.66,0.04254231082253613
10.67,0.042523279290660514
10.68,0.04233948783525349
10.69,0.04213804842536386
10.7,0.04211267989108768
10.71,0.04249936367771853
10.72,0.04300540821807524
10.73,0.04341523215634144
10.74,0.04450659541654134
10.75,0.04487779396009092
10.76,0.04545177991974973
10.77,0.04587655573184
10.78,0.04558928977031069
10.79,0.04502949154696146
10.8,0.04470020653634788
10.81,0.04461551252807923
10.82,0.04503364435856913
10.83,0.04608023730457096
10.84,0.04802313549199953
10.85,0.049537372546595945
10.86,0.050535811098201704
10.87,0.0515378631665222
10.88,0.051510788874709716
10.89,0.05068933936301038
10.9,0.049683607530221954
10.91,0.04882790317941763
10.92,0.04824537207914345
10.93,0.04845391360500293
10.94,0.04925146215020732
10.95,0.05006930543890158
10.96,0.05034660894140282
10.97,0.050163120433323494
10.98,0.04957558601807935
10.99,0.04873773465013291
11.0,0.04826246691852313
11.01,0.04797148926946964
11.02,0.04799244884709556
11.03,0.04818847501795421
11.04,0.04845764604472136
11.05,0.048517033615315876
11.06,0.048875620452116394
11.07,0.049827185012437755
11.08,0.050550544964545294
11.09,0.051379762716307543
11.1,0.052175900508514034
11.11,0.052559503896925826
11.12,0.051899321457101584
11.13,0.05099066487971089
11.14,0.0498144027409486
11.15,0.048995440995528376
11.16,0.048326800660425905
11.17,0.04905392093707605
11.18,0.0497302483564508
11.19,0.05092102736677963
11.2,0.051683634300892844
11.21,0.05177713746736272
11.22,0.05082513828702643
11.23,0.05030669334929855
11.24,0.049024449697056945
11.25,0.04877436065298347
11.26,0.04922965776097535
11.27,0.04996087232078466
11.28,0.05051781188189402
11.29,0.05084808360520259
11.3,0.05082892629494231
11.31,0.050638175079864
11.32,0.050044869850206994
11.33,0.050450650351090975
11.34,0.051121400631566734
11.35,0.05172278633501179
11.36,0.052843604486739776
11.37,0.05336794144576295
11.38,0.053901790841128394
11.39,0.05377926431736978
11.4,0.05395458469516412
11.41,0.054326824320194284
11.42,0.05435895249886564
11.43,0.05420853865354332
11.44,0.05373813828793892
11.45,0.05297642498660198
11.46,0.052103337171920665
11.47,0.05108467430927202
11.48,0.0512837522222802
11.49,0.05137887919912163
11.5,0.052289642963085754
11.51,0.052893758478491065
11.52,0.05278598798874997
11.53,0.05226515167540366
11.54,0.05117412441446132
11.55,0.050020878315190864
11.56,0.049281486057284066
11.57,0.04851783049276475
11.58,0.048543223434128306
11.59,0.04876348262292557
11.6,0.049834143816294404
11.61,0.05102365747233082
11.62,0.05274212155302684
11.63,0.054980715439647075
11.64,0.0574872259189539
11.65,0.05936550173998225
11.66,0.060445935853456596
11.67,0.060352530776736656
11.68,0.059458843463797005
11.69,0.0578604936579769
11.7,0.056034473602666716
11.71,0.05418388216967977
11.72,0.05262745059804706
11.73,0.051572868790010704
11.74,0.05146579360723314
11.75,0.05164708686756476
11.76,0.05278361086867318
11.77,0.054038459375798605
11.78,0.05540840298575509
11.79,0.05611156846744772
11.8,0.05626133700222054
11.81,0.05590243355070246
11.82,0.05533104264090284
11.83,0.05450879956169279
11.84,0.05426816400921688
11.85,0.053919231244218234
11.86,0.054228720449392136
11.87,0.05484964929097051
11.88,0.05596623469391504
11.89,0.05685166557179712
11.9,0.057343526990715835
11.91,0.05746977088739719
11.92,0.0570662934012728
11.93,0.056302251318693444
11.94,0.05588804388867443
11.95,0.055389783610991714
11.96,0.05515815009517599
11.97,0.05516233188011208
11.98,0.054659948308931124
11.99,0.05426551372975687
12.0,0.05290390537287753
12.01,0.05193457921688761
12.02,0.05086306944230734
12.03,0.04977274767798275
12.04,0.05024677629712192
12.05,0.05092061615276507
12.06,0.05179983203702735
12.07,0.05327324530961724
12.08,0.05412714416932788
12.09,0.05463857392374506
12.1,0.05429149709539678
12.11,0.05404047656296763
12.12,0.05418136854949948
12.13,0.05407814974373272
12.14,0.05466777559156761
12.15,0.05543040404318132
12.16,0.0549685371406602
12.17,0.05421947129898356
12.18,0.05306590610008372
12.19,0.05165771752675296
12.2,0.05067872290963414
12.21,0.05104999521922552
12.22,0.05220741480527736
12.23,0.054220440903561644
12.24,0.05550180120709591
12.25,0.056650115029969916
12.26,0.056478839924291854
12.27,0.05589618221534356
12.28,0.05550080361565502
12.29,0.05536973610758338
12.3,0.05552893262459049
12.31,0.05606420599229925
12.32,0.05663358056129486
12.33,0.057177701895875205
12.34,0.058164414327628804
12.35,0.05964953031216723
12.36,0.061293558161366085
12.37,0.06280525342735223
12.38,0.06408911155939229
12.39,0.06368457780056208
12.4,0.061737785463229396
12.41,0.05854877710610499
12.42,0.055819013537113285
12.43,0.05287139499688838
12.44,0.05135314012828981
12.45,0.051759922687816096
12.46,0.052920774300898234
12.47,0.05443555261890951
12.48,0.05644998452008288
12.49,0.05755739747970889
12.5,0.058195184843753175
12.51,0.058006486443102676
12.52,0.05771957190147925
12.53,0.057323073168410864
12.54,0.05644668194836013
12.55,0.055713402842697345
12.56,0.054540365157540543
12.57,0.0533168006960466
12.58,0.05253899686500438
12.59,0.05135098030121522
12.6,0.05082930252025477
12.61,0.0508624601943456
12.62,0.05131665984776168
12.63,0.05188280689871293
12.64,0.05254171859933509
12.65,0.053450851277892016
12.66,0.05412071913304563
12.67,0.05465422612517844
12.68,0.05556986269504707
12.69,0.0561811309267016
12.7,0.05698952143937553
12.71,0.05735965137089025
12.72,0.057799573069693126
12.73,0.05784533539828546
12.74,0.057803211068197316
12.75,0.05798398950906666
12.76,0.05825417959840424
12.77,0.058499492958887046
12.78,0.05869322780413838
12.79,0.0589477367187142
12.8,0.059353883109891585
12.81,0.059759337120704976
12.82,0.05970092193146765
12.83,0.05927463540610682
12.84,0.05828099662156104
12.85,0.05692049314075429
12.86,0.0557627677554784
12.87,0.05526489403286542
12.88,0.054996948484829056
12.89,0.05573737069782279
12.9,0.056122149522183966
12.91,0.05680330047524824
12.92,0.05720440108153273
12.93,0.05750728331379103
12.94,0.05804143998248614
12.95,0.058747093078735615
12.96,0.05902594114161814
12.97,0.05906705788574722
12.98,0.05855413239847778
12.99,0.05820745421902964
13.0,0.05757977436412802
13.01,0.05721570658735727
13.02,0.057617903014932983
13.03,0.057509672843859244
13.04,0.05735371427369203
13.05,0.057332599791532955
13.06,0.05694228345265713
13.07,0.056648493244842495
13.08,0.0568151540818886
13.09,0.0573630958837111
13.1,0.05801697795174168
13.11,0.058539508311036687
13.12,0.05915433945912732
13.13,0.05873574827618381
13.14,0.058172658227168446
13.15,0.05735361049218658
13.16,0.0567400035698823
13.17,0.056216211358367685
13.18,0.05607222450958802
13.19,0.05640139836392568
13.2,0.05655264768582435
13.21,0.056812902304865714
13.22,0.056950814424470725
13.23,0.057494632976164035
13.24,0.05833970945832927
13.25,0.05955899449954315
13.26,0.060568109666257225
13.27,0.061358930234210976
13.28,0.061113206343540206
13.29,0.06064139107199447
13.3,0.05985713956801323
13.31,0.0596867952582429
13.32,0.05966886703714002
13.33,0.05970174097659193
13.34,0.05928985801343205
13.35,0.05833624671823467
13.36,0.05639455780560421
13.37,0.05436685806405712
13.38,0.05253892819662904
13.39,0.05200695574602042
13.4,0.05213616862347287
13.41,0.05294658241975047
13.42,0.054810460516795154
13.43,0.056318149926560174
13.44,0.057833061697004695
13.45,0.05881995739413406
13.46,0.05951812084555017
13.47,0.059718445233080716
13.48,0.05964712521053345
13.49,0.05938761450482164
13.5,0.05920746274255024
13.51,0.05862090863456856
13.52,0.057906690317716246
13.53,0.05699146006038316
13.54,0.05655835608111559
13.55,0.05657120101196399
13.56,0.05716109138405613
13.57,0.05800461701957622
13.58,0.05915385585876483
13.59,0.0601606538123197
13.6,0.06069727044798631
13.61,0.06177398898326195
13.62,0.06250573573708457
13.63,0.06302660162016872
13.64,0.0630918633449952
13.65,0.06239693450724191
13.66,0.061092167914243385
13.67,0.05924519705884007
13.68,0.057859510417756964
13.69,0.05751595470813027
13.7,0.0571702032059763
13.71,0.05786856751148619
13.72,0.05787641707124974
13.73,0.05749854800905102
13.74,0.05699843015507561
13.75,0.05673950546021886
13.76,0.05727851666753475
13.77,0.05784914428918364
13.78,0.05902744103603496
13.79,0.0600539814643407
13.8,0.05980781881978674
13.81,0.059380448444797035
13.82,0.05851159437472525
13.83,0.05750335518262964
13.84,0.057059753457089545
13.85,0.05680106540166589
13.86,0.05712590622142769
13.87,0.05735891105636756
13.88,0.057348543239521085
13.89,0.057631541634361655
13.9,0.05781223485623607
13.91,0.058542157060305175
13.92,0.059321218814784506
13.93,0.05967204453037954
13.94,0.060044523914270606
13.95,0.0594624081843137
13.96,0.05824317383941749
13.97,0.057169401028731616
13.98,0.05624094695953088
13.99,0.05588159405334615
14.0,0.05583009908681506
14.01,0.05620769569884986
14.02,0.05653808208982161
14.03,0.05596679226245016
14.04,0.05541981922519925
14.05,0.05415840970107762
14.06,0.05339532220264947
14.07,0.05288376370214213
14.08,0.052973028667211645
14.09,0.053928105704770045
14.1,0.054953869172272074
14.11,0.0558422786387458
14.12,0.056549891549885496
14.13,0.056852309921269266
14.14,0.057194856066696984
14.15,0.05651248453638062
14.16,0.056279586552647365
14.17,0.0555605985062318
14.18,0.054426198838725945
14.19,0.05346785388181438
14.2,0.052849280708214326
14.21,0.052823935563863285
14.22,0.053841182124165554
14.23,0.05582988079572535
14.24,0.05816947710147111
14.25,0.05985338238087841
14.26,0.06119396108899219
14.27,0.06157341053392267
14.28,0.06128328493745752
14.29,0.060372695266376585
14.3,0.06006270618746674
14.31,0.05922439514454615
14.32,0.058890359939576684
14.33,0.05840687403153977
14.34,0.058057639330018805
14.35,0.057528696836527275
14.36,0.05695973737031837
14.37,0.05613098095005442
14.38,0.055256550987668566
14.39,0.053692711625270416
14.4,0.05254299603474043
14.41,0.05118160106747198
14.42,0.05129454082205058
14.43,0.051452452927201874
14.44,0.05261094747289979
14.45,0.05383786613691026
14.46,0.055151174308728526
14.47,0.05620715511290499
14.48,0.0575265466333504
14.49,0.0591153058170064
14.5,0.0604477006588296
14.51,0.060707588115600696
14.52,0.0610027223458645
14.53,0.059659382050291886
14.54,0.05773763146193659
14.55,0.05573309390891332
14.56,0.054353037818895854
14.57,0.05344966061706615
14.58,0.05356952140260827
14.59,0.054545126496270455
14.6,0.05608524637549899
14.61,0.057507568027484884
14.62,0.05890159103554037
14.63,0.060521861239673125
14.64,0.06169166627778782
14.65,0.062276884130049524
14.66,0.062394001594320965
14.67,0.061915925074650435
14.68,0.060729901324594694
14.69,0.05896239911977453
14.7,0.057205401587950025
14.71,0.05643478349333835
14.72,0.05568399070024261
14.73,0.05576280010009359
14.74,0.05577620997424642
14.75,0.05594019660644271
14.76,0.055482538198436925
14.77,0.055106586043973435
14.78,0.05450778078798935
14.79,0.05486006142519039
14.8,0.056112725007967296
14.81,0.058025129768645295
14.82,0.06053096885366207
14.83,0.06335822794754263
14.84,0.06505194011669262
14.85,0.06568700973421551
14.86,0.06561431517933836
14.87,0.0645677339288471
14.88,0.06313911678856779
14.89,0.06140897403076233
14.9,0.06052712586679403
14.91,0.05931674842738301
14.92,0.058058398036254906
14.93,0.056489492978677065
14.94,0.05558807550541542
14.95,0.05432155592982782
14.96,0.05425827634564898
14.97,0.05405676000924075
14.98,0.054391871579621394
14.99,0.05427313903468679
15.0,0.05436442663318364
15.01,0.053668511145815806
15.02,0.05386617960549756
15.03,0.054184815389149245
15.04,0.05567213737720822
15.05,0.057168733404045345
15.06,0.05901805997715555
15.07,0.05974787059488192
15.08,0.05986985322275842
15.09,0.058562743864964815
15.1,0.05746338735996029
15.11,0.05579761043045494
15.12,0.05459310732052926
15.13,0.05378103385342217
15.14,0.053641361690875286
15.15,0.05357348670053659
15.16,0.053975519069065885
15.17,0.05424482532395916
15.18,0.05475989837141468
15.19,0.05468449436371515
15.2,0.05424841220579361
15.21,0.05399037033457774
15.22,0.05346534763640383
15.23,0.052800329044411475
15.24,0.05277604794585443
15.25,0.05297704469510958
15.26,0.05318749547032947
15.27,0.05353963023238806
15.28,0.05382332061563204
15.29,0.05404862089229292
15.3,0.0542058783499638
15.31,0.05470522507499585
15.32,0.05561914795616063
15.33,0.05650096411075237
15.34,0.05688464800545787
15.35,0.0573203792998719
15.36,0.0573062215349773
15.37,0.05703725692772896
15.38,0.05694667470478
15.39,0.05696565247063839
15.4,0.05693402353350547
15.41,0.05668901215927264
15.42,0.05616429015739382
15.43,0.05572412276773485
15.44,0.054992538959062864
15.45,0.05431633033826295
15.46,0.054057204112648576
15.47,0.0535561801598193
15.48,0.053063181858810225
15.49,0.05285699544343293
15.5,0.052179988256911704
15.51,0.051951583782973786
15.52,0.051486997516320084
15.53,0.05131567269147707
15.54,0.05088164422054513
15.55,0.05046233432799706
15.56,0.05045413818210017
15.57,0.05056699797747032
15.58,0.05097842806495008
15.59,0.051719325947138683
15.6,0.052112129178635655
15.61,0.052306765245599574
15.62,0.0520656440872276
15.63,0.051556006422141136
15.64,0.050521916896488876
15.65,0.050071202981132004
15.66,0.05019802035315167
15.67,0.05077903818684458
15.68,0.05200754522084094
15.69,0.0530303196328469
15.7,0.053734772334922465
15.71,0.053517834349797816
15.72,0.053027655008526284
15.73,0.052500044444752356
15.74,0.051555728678540184
15.75,0.050828290723003794
15.76,0.05023544544747109
15.77,0.049843477680930295
15.78,0.04938629454906289
15.79,0.048918931957033375
15.8,0.04902718552439012
15.81,0.04941209909114019
15.82,0.04952350046283166
15.83,0.05045856846977879
15.84,0.05174170030327809
15.85,0.05319787679012771
15.86,0.054422259979487256
15.87,0.05589849109265707
15.88,0.05656042997025938
15.89,0.05608808774841184
15.9,0.05448857180992427
15.91,0.05264982508497449
15.92,0.0501980873448731
15.93,0.048036690693515086
15.94,0.04687118218379808
15.95,0.04691316335459231
15.96,0.046858732548541684
15.97,0.047654383424088974
15.98,0.047927229594094393
15.99,0.04816783846238145
16.0,0.0479812491977509
16.01,0.0482878641469777
16.02,0.04885267080157919
16.03,0.04972659577920915
16.04,0.050852060482835346
16.05,0.05157421154684233
16.06,0.051934381973220006
16.07,0.05179745948954939
16.08,0.05103797863042298
16.09,0.0508441293028817
16.1,0.050946604401906036
16.11,0.051509669088019794
16.12,0.05247559648497857
16.13,0.05330952360717619
16.14,0.054301119431710856
16.15,0.05403366025255519
16.16,0.05383905066765034
16.17,0.05316987022830158
16.18,0.05182432375667808
16.19,0.05063782294438112
16.2,0.04955550606360634
16.21,0.04833043602119945
16.22,0.047068687617949724
16.23,0.046241216455905516
16.24,0.04644055480104587
16.25,0.047508779110924354
16.26,0.04878148240199067
16.27,0.05006021450632257
16.28,0.050724436096438556
16.29,0.050173526281280606
16.3,0.048986284153373805
16.31,0.047968571536154254
16.32,0.047043863414885104
16.33,0.04734662965264004
16.34,0.04805792188129921
16.35,0.049230500895928404
16.36,0.049773428250027944
16.37,0.049251059044518486
16.38,0.04887571977047476
16.39,0.04814096682048386
16.4,0.047895300192642654
16.41,0.04831288654842633
16.42,0.04871904593142818
16.43,0.048983003864040725
16.44,0.04865434555000376
16.45,0.048336649900924164
16.46,0.04789869582820678
16.47,0.04749297646810873
16.48,0.04823928160760472
16.49,0.048842812954344346
16.5,0.04928454502774005
16.51,0.0487323324090133
16.52,0.04778058036040503
16.53,0.04642481025134788
16.54,0.045138694934136636
16.55,0.04509338334380793
16.56,0.045457529540279235
16.57,0.045925598760800296
16.58,0.04650624541076137
16.59,0.04646693138730639
16.6,0.04611655654712039
16.61,0.04596367880524016
16.62,0.046789766821860805
16.63,0.04838818526240381
16.64,0.05023723754951747
16.65,0.05195046805775263
16.66,0.053307638758543135
16.67,0.053874162585944727
16.68,0.0539715414642373
16.69,0.05408574788277586
16.7,0.0536120239212692
16.71,0.05256806985108432
16.72,0.0512739468690887
16.73,0.04970571068088045
16.74,0.04813401719247739
16.75,0.04661243427118501
16.76,0.046068794729527324
16.77,0.04637526006765942
16.78,0.04673266498415622
16.79,0.04833520422057042
16.8,0.04992410896846754
16.81,0.051682057566695035
16.82,0.05294160571952805
16.83,0.053992283922657765
16.84,0.05372198669214778
16.85,0.052929820943800374
16.86,0.05161384729603591
16.87,0.050973391779526575
16.88,0.04968364554861546
16.89,0.048947659638674
16.9,0.047960406058217324
16.91,0.04721133452478334
16.92,0.04611634579523926
16.93,0.04594905415504203
16.94,0.04592867998740581
16.95,0.04670435507668458
16.96,0.04786637530734529
16.97,0.049405260056652155
16.98,0.050530569189895895
16.99,0.05111963037993516
17.0,0.05086244389558242
17.01,0.050648592747760034
17.02,0.050256911337916356
17.03,0.04966271298215433
17.04,0.04937003422518547
17.05,0.04875167192453643
17.06,0.04813573341246185
17.07,0.04717278753705147
17.08,0.04611460230291683
17.09,0.045534701441029106
17.1,0.045657060410026845
17.11,0.0464563980843128
17.12,0.04822409811053674
17.13,0.04977747240298631
17.14,0.05145428866469749
17.15,0.05221446973862271
17.16,0.05209572049470386
17.17,0.05111318094292447
17.18,0.048920866848447424
17.19,0.04654835066530981
17.2,0.04468436518159414
17.21,0.04357028353915012
17.22,0.04319106543385546
17.23,0.04337536489671276
17.24,0.04425418462739749
17.25,0.044546976381734965
17.26,0.044649166084042465
17.27,0.045080302457354234
17.28,0.04518175265449326
17.29,0.046031602793906994
17.3,0.046299739152885926
17.31,0.046340859377749656
17.32,0.04568564001076456
17.33,0.044149292680694896
17.34,0.04280548676543684
17.35,0.04122865779432335
17.36,0.04047995214146571
17.37,0.04085967211966901
17.38,0.04169305210548627
17.39,0.04337533087544414
17.4,0.044926915600483966
17.41,0.045962893908811656
17.42,0.04669510215667024
17.43,0.04663624594980071
17.44,0.046437562277532415
17.45,0.046264205074294615
17.46,0.046358607888914716
17.47,0.046827378431772315
17.48,0.0471124826104212
17.49,0.04717184986079062
17.5,0.046628218932226594
17.51,0.045801933261999946
17.52,0.04571997186786092
17.53,0.045734974831060524
17.54,0.04565749217814669
17.55,0.046302557872385464
17.56,0.04659075594058511
17.57,0.047174375611810655
17.58,0.047257651181412196
17.59,0.047949371211191
17.6,0.04838088826324664
17.61,0.04835347690610651
17.62,0.047912214214544745
17.63,0.047196322352080856
17.64,0.04548094299034516
17.65,0.044067378253279055
17.66,0.042591930356524484
17.67,0.041685978393728236
17.68,0.040895772128032984
17.69,0.040797401088886166
17.7,0.04057158960428643
17.71,0.04103688000180395
17.72,0.04151776461708679
17.73,0.042383491486655954
17.74,0.04312126325574945
17.75,0.04385107752836777
17.76,0.0440425004105291
17.77,0.04415454660703258
17.78,0.04408624190151517
17.79,0.04408677190584471
17.8,0.044198191140142874
17.81,0.04456322071775136
17.82,0.044622832259571796
17.83,0.04478352630415556
17.84,0.04444425791342376
17.85,0.04450611165173805
17.86,0.04425616812217931
17.87,0.04452431133018008
17.88,0.04499850262693985
17.89,0.04502183322820932
17.9,0.044837057539756336
17.91,0.044499008820189485
17.92,0.0436079106078163
17.93,0.043102836405593974
17.94,0.04223052039206489
17.95,0.04200904743166789
17.96,0.04225998645335723
17.97,0.04274200127586613
17.98,0.04340977601541734
17.99,0.04330786726355846
18.0,0.043093346006138886
18.01,0.042218122998990526
18.02,0.04124092245053893
18.03,0.04063701443044062
18.04,0.040062661522679226
18.05,0.03956330850502516
18.06,0.039395474045830096
18.07,0.039174467090720234
18.08,0.039818604960117375
18.09,0.040311296796053823
18.1,0.04150065043653752
18.11,0.04217404623404417
18.12,0.0426743201000898
18.13,0.04244092396668265
18.14,0.04188841357299662
18.15,0.041240749717051044
18.16,0.041260297909481554
18.17,0.04174017168858931
18.18,0.04236476346486508
18.19,0.04278939552651379
18.2,0.04313496805864316
18.21,0.04309113100092595
18.22,0.043096605657990894
18.23,0.042992270312388635
18.24,0.04343913509471614
18.25,0.0436632380259688
18.26,0.043852198951702726
18.27,0.04415435240577249
18.28,0.04409474350804077
18.29,0.043739435715891124
18.3,0.04336948725202858
18.31,0.04301595260745468
18.32,0.04288183659137353
18.33,0.04230440532225709
18.34,0.04165945109519355
18.35,0.04089257486165173
18.36,0.04019052382684369
18.37,0.040003026136528945
18.38,0.04014214129965752
18.39,0.04089781524612346
18.4,0.04191741662803878
18.41,0.04293019167542312
18.42,0.04406544515958911
18.43,0.045424450995107876
18.44,0.04618114507467176
18.45,0.04676976529870937
18.46,0.046715561817191956
18.47,0.04603068751919994
18.48,0.04458976986034346
18.49,0.04339172690914646
18.5,0.04216025563141821
18.51,0.04182622322861805
18.52,0.04167161349373827
18.53,0.04207707295080945
18.54,0.042262233069632144
18.55,0.04230489173115032
18.56,0.04222967671233278
18.57,0.0422142220434347
18.58,0.04206546642616766
18.59,0.042290732447681535
18.6,0.04249137384824877
18.61,0.0432663936839196
18.62,0.0437592990739061
18.63,0.04398552577600459
18.64,0.043969165275783845
18.65,0.04374962620571359
18.66,0.0438338241792907
18.67,0.04413028858559724
18.68,0.044597779764539505
18.69,0.04545175290858386
18.7,0.04585834364340755
18.71,0.045699037910256174
18.72,0.04481599599968508
18.73,0.043556365784974425
18.74,0.04229997603902497
18.75,0.04092585398176643
18.76,0.04001838525667387
18.77,0.039937162412985325
18.78,0.03965307837379174
18.79,0.039792703068205496
18.8,0.04023393089213402
18.81,0.0402914161781981
18.82,0.040153582067259
18.83,0.03969491383388209
18.84,0.039366524872612815
18.85,0.0389497188489184
18.86,0.0377813334571443
18.87,0.03779932533233482
18.88,0.03759037188324149
18.89,0.037461753090220345
18.9,0.03801857536160962
18.91,0.038533213129558944
18.92,0.03918710576648861
18.93,0.03941320137473239
18.94,0.039598027175407585
18.95,0.040042010332280144
18.96,0.039423568470741084
18.97,0.03934225464454021
18.98,0.03928614876268404
18.99,0.03876274335283497
19.0,0.03842595144280959
19.01,0.03819395896787941
19.02,0.038174809595146096
19.03,0.038217470501337794
19.04,0.03806856348161196
19.05,0.038397260262088014
19.06,0.03837277134460613
19.07,0.038251411522631514
19.08,0.03840671877323356
19.09,0.038389767979523336
19.1,0.038382993445487956
19.11,0.03839960800415941
19.12,0.038522492361517016
19.13,0.03892968192712575
19.14,0.03940172662587251
19.15,0.03987541830075379
19.16,0.040135948741244556
19.17,0.04015987283649216
19.18,0.04006720530913664
19.19,0.03953452942120892
19.2,0.03906619793382031
19.21,0.038996216363034526
19.22,0.038932665803894595
19.23,0.038928962900261765
19.24,0.03879075256401056
19.25,0.03823882705756726
19.26,0.037372956869525985
19.27,0.03638551735231284
19.28,0.03603446486332206
19.29,0.03618941123791893
19.3,0.03646842494503005
19.31,0.03730833865942861
19.32,0.037591499169131036
19.33,0.03729177034028353
19.34,0.03661191745374884
19.35,0.03558371502252226
19.36,0.03501387147527295
19.37,0.034565416565245186
19.38,0.03452802894453929
19.39,0.034443936821081975
19.4,0.03445321607669422
19.41,0.0343762029468142
19.42,0.034629962501803994
19.43,0.03497542925851474
19.44,0.035557394307947826
19.45,0.03638200667806172
19.46,0.037356598176748024
19.47,0.03816351439704779
19.48,0.03893148420611099
19.49,0.03903999893915582
19.5,0.03878855471218418
19.51,0.037999718525385764
19.52,0.03733112417795253
19.53,0.037362458263367135
19.54,0.03782478257606075
19.55,0.03933266130358676
19.56,0.040947988067917114
19.57,0.042321322429937226
19.58,0.04334416090406683
19.59,0.04388914711862058
19.6,0.044151807572851975
19.61,0.0441789526259905
19.62,0.043689800558705305
19.63,0.04305628179944747
19.64,0.04187039957014034
19.65,0.04047649103801547
19.66,0.039246611729079506
19.67,0.038459850545320154
19.68,0.03794779258737382
19.69,0.037724426928237124
19.7,0.037625435453386986
19.71,0.03787549084844029
19.72,0.037740942436081754
19.73,0.03811928581334248
19.74,0.038706990421078336
19.75,0.03909631948895772
19.76,0.03938697660722768
19.77,0.03927502112570564
19.78,0.03864735296631539
19.79,0.03787735538846704
19.8,0.03689774663462603
19.81,0.03630215928250582
19.82,0.036002763089890755
19.83,0.03625215333990695
19.84,0.03689586539115815
19.85,0.03741232895244744
19.86,0.03813847849264563
19.87,0.03881749145107344
19.88,0.039033788259920196
19.89,0.03983400546993959
19.9,0.04031210538063167
19.91,0.04035292751963697
19.92,0.040658431893577845
19.93,0.040432989260618724
19.94,0.040110853611850746
19.95,0.03974776994895923
19.96,0.039511172098739104
19.97,0.03992573975984844
19.98,0.039900171179735267
19.99,0.04086712510550554
20.0,0.04165841616918986
20.01,0.041707964682583816
20.02,0.041496231019342925
20.03,0.04068879204841242
20.04,0.039055799898962275
20.05,0.037210882736906876
20.06,0.03569386294324108
20.07,0.03489785079336979
20.08,0.034650853678586356
20.09,0.03515083181925491
20.1,0.03584550756073161
20.11,0.036558160844158256
20.12,0.03607324136757611
20.13,0.03555953186089553
20.14,0.034830734269028565
20.15,0.033991326322669324
20.16,0.033617623138602955
20.17,0.0338654188254665
20.18,0.034043943965480064
20.19,0.034282615021016295
20.2,0.03400634571732263
20.21,0.0341945196790685
20.22,0.03418711806175767
20.23,0.034238028837591326
20.24,0.03493568540707158
20.25,0.0356290431971231
20.26,0.03637541336617839
20.27,0.037345551186165137
20.28,0.037955431121366914
20.29,0.03856172573221887
20.3,0.0383063099157931
20.31,0.037438026922469225
20.32,0.03649662763026874
20.33,0.035143778978858564
20.34,0.03428752805107249
20.35,0.03409855960410926
20.36,0.03475253385596654
20.37,0.03566087619519638
20.38,0.03629923655923973
20.39,0.036837905398072
20.4,0.03704311233647493
20.41,0.036666085112915206
20.42,0.03613195853670564
20.43,0.03573511366555029
20.44,0.03513813829086662
20.45,0.03490110392507698
20.46,0.03483771827661039
20.47,0.03474536499377353
20.48,0.03456537409532242
20.49,0.034234762772047345
20.5,0.03360052482148678
20.51,0.0327945244450087
20.52,0.03207445243089364
20.53,0.03161232464629102
20.54,0.03147344111802643
20.55,0.032052907126018944
20.56,0.03326628165518571
20.57,0.03493262255420106
20.58,0.03612936675504006
20.59,0.037298167528752084
20.6,0.03748267424141792
20.61,0.036502761426354606
20.62,0.035013712256355835
20.63,0.033490687811013546
20.64,0.03237034464019648
20.65,0.031708167732016596
20.66,0.031490178522124816
20.67,0.0320542827722435
20.68,0.032141472560117096
20.69,0.032319144847905705
20.7,0.03261367800161515
20.71,0.034042527404916714
20.72,0.035337157912664785
20.73,0.03733564626275758
20.74,0.039174485205184476
20.75,0.04062743617426101
20.76,0.04108656040568784
20.77,0.041084806338109243
20.78,0.040628526214058984
20.79,0.03945062829852462
20.8,0.038065539779008464
20.81,0.03676847943365936
20.82,0.03529453772394362
20.83,0.03437570499523105
20.84,0.03407345975039293
20.85,0.0343724054775367
20.86,0.03506082684124776
20.87,0.03569008343034685
20.88,0.036079412093549514
20.89,0.03537720280090083
20.9,0.03510232143871102
20.91,0.034444860028052755
20.92,0.03402185948378272
20.93,0.03390822288569078
20.94,0.034111576428440614
20.95,0.034766311221268116
20.96,0.03540296915378823
20.97,0.03590146956135697
20.98,0.036061025753055004
20.99,0.03539091081063934
21.0,0.03443185811769898
21.01,0.033362062878189123
21.02,0.03281509872792206
21.03,0.03291128990863808
21.04,0.033244912007039114
21.05,0.034166823041019284
21.06,0.03494306598858027
21.07,0.035241657366219675
21.08,0.03537448664361518
21.09,0.03542107162249604
21.1,0.03528419666830742
21.11,0.035416697079074674
21.12,0.035469717946742495
21.13,0.03568210405506421
21.14,0.0357271596150613
21.15,0.03591684181342781
21.16,0.03580318097268742
21.17,0.03550915205682558
21.18,0.03494123402068905
21.19,0.03409795452407212
21.2,0.03263984286856014
21.21,0.031722364635558775
21.22,0.03055860406969363
21.23,0.0301584424180045
21.24,0.030137298253297577
21.25,0.030564938036044792
21.26,0.03112823551092794
21.27,0.0314594078931918
21.28,0.0315876695398012
21.29,0.03127654550095294
21.3,0.03054919292358974
21.31,0.02992746202583608
21.32,0.029171372317091836
21.33,0.02889067429292267
21.34,0.02943625918018062
21.35,0.030408645697771304
21.36,0.03209199020815563
21.37,0.033721068975981615
21.38,0.03482716343304446
21.39,0.034978328326226174
21.4,0.03447256725933672
21.41,0.03387342271428711
21.42,0.0332628043994328
21.43,0.03302239587221033
21.44,0.03314441815812249
21.45,0.03297255163979813
21.46,0.03229764397511559
21.47,0.03135329563040945
21.48,0.03044544706848115
21.49,0.02969805171838969
21.5,0.029127988772513647
21.51,0.029272664004532392
21.52,0.029358300852810174
21.53,0.029760398524787495
21.54,0.030492752728847786
21.55,0.03133795891182084
21.56,0.03220619078211779
21.57,0.033144386547063844
21.58,0.033566804570931655
21.59,0.033951923038627464
21.6,0.03417982174452544
21.61,0.034483880286391086
21.62,0.03450957713615772
21.63,0.034224129475129254
21.64,0.03352434051535082
21.65,0.032100775402858606
21.66,0.030124478526174024
21.67,0.028505914100512942
21.68,0.02731539993805841
21.69,0.026890996578317013
21.7,0.02770255090522012
21.71,0.029052201000294327
21.72,0.030689760616091768
21.73,0.03194952761115226
21.74,0.03292802900736836
21.75,0.03341595892383913
21.76,0.033092277993850915
21.77,0.032483988061920335
21.78,0.03204501982175273
21.79,0.03087321887250866
21.8,0.029895878491581707
21.81,0.02851374695683658
21.82,0.027528184548818432
21.83,0.026535459368682894
21.84,0.026410316143141162
21.85,0.0268645149501925
21.86,0.027409862938747104
21.87,0.027939461432755292
21.88,0.028461423648258783
21.89,0.028445135147688407
21.9,0.02899911898548054
21.91,0.029533410877040797
21.92,0.03041072796612943
21.93,0.03122681089462272
21.94,0.03164163566294858
21.95,0.03149914870222775
21.96,0.030913773274051773
21.97,0.03003827309241671
21.98,0.029315684262894545
21.99,0.02856020965304599
22.0,0.027926766504961405
22.01,0.027700229492387696
22.02,0.02792492620122514
22.03,0.02865946964401825
22.04,0.02982013919830004
22.05,0.03153361094395929
22.06,0.03338788857713864
22.07,0.03461685930121257
22.08,0.03538397733493629
22.09,0.03564883230971849
22.1,0.03490666007790143
22.11,0.033653630275953327
22.12,0.03222521478114311
22.13,0.030633922300900722
22.14,0.029078630942634083
22.15,0.027982814041841775
22.16,0.027386087437431664
22.17,0.027369325797043195
22.18,0.027629034390240947
22.19,0.028130213645922355
22.2,0.028508419107600096
22.21,0.028641115085380874
22.22,0.0282839104265683
22.23,0.02764411913170978
22.24,0.026584168523086163
22.25,0.025784167106527853
22.26,0.025182372686695164
22.27,0.0252585914124181
22.28,0.02590914762715643
22.29,0.0269194205970527
22.3,0.028484993673153696
22.31,0.029736649359070028
22.32,0.03097720932996645
22.33,0.03194307400621845
22.34,0.03244356599891426
22.35,0.03254464261373209
22.36,0.032328165435455955
22.37,0.03184730572867035
22.38,0.03112439569089614
22.39,0.030208420077460038
22.4,0.02959238532308743
22.41,0.029271297011411207
22.42,0.029349988001287495
22.43,0.029691898423053018
22.44,0.030636301654031157
22.45,0.03157258440001333
22.46,0.031921069741947646
22.47,0.032123976866078784
22.48,0.03175413020022263
22.49,0.031216527646595146
22.5,0.03050865690740058
22.51,0.030072986912950586
22.52,0.03004807288654205
22.53,0.029575368221484842
22.54,0.02905409355257362
22.55,0.028272735019870408
22.56,0.026991572047421957
22.57,0.0260986442710074
22.58,0.02593734878856086
22.59,0.026082681436578246
22.6,0.026719864688019596
22.61,0.027209124978623815
22.62,0.0274921406460202
22.63,0.027034324023544172
22.64,0.026942285256116576
22.65,0.026636918617243738
22.66,0.0265261352890249
22.67,0.02633425620626659
22.68,0.026262233331189606
22.69,0.025829076545884188
22.7,0.025497221914923224
22.71,0.025400258366938558
22.72,0.025722883232029238
22.73,0.02554089418303696
22.74,0.025834134753485
22.75,0.02520760945154959
22.76,0.024723048965831843
22.77,0.02440248644083502
22.78,0.024638646924956847
22.79,0.0253984092972897
22.8,0.026511926970222456
22.81,0.02739273757045666
22.82,0.027922910544248534
22.83,0.027984488865789556
22.84,0.028104335574001806
22.85,0.027958868348035164
22.86,0.02813128826697272
22.87,0.02827289576897982
22.88,0.028361181776463462
22.89,0.028124150054761855
22.9,0.027542612922783666
22.91,0.0269240692789117
22.92,0.025769382111898078
22.93,0.02471477886974107
22.94,0.02413097048052307
22.95,0.023660698366594818
22.96,0.023791035469550817
22.97,0.02455655528522887
22.98,0.02535355667907417
22.99,0.02654623503461791
23.0,0.027391497469616437
23.01,0.02818154563029172
23.02,0.028748195269729607
23.03,0.029124852243341156
23.04,0.029689591906221374
23.05,0.030008099054858177
23.06,0.03029233362285316
23.07,0.030881144512425844
23.08,0.030927143764057904
23.09,0.030877668786865636
23.1,0.03095193370035546
23.11,0.030513808424343102
23.12,0.02968990587685058
23.13,0.02904635833795432
23.14,0.028305938370730782
23.15,0.02769334853911654
23.16,0.026940868107404894
23.17,0.026477218994264803
23.18,0.025939503330459947
23.19,0.025003483989578155
23.2,0.024444905388763753
23.21,0.024045634492980843
23.22,0.024180659814761425
23.23,0.024565954179422762
23.24,0.025271472855803404
23.25,0.02608321396582886
23.26,0.02659573145228909
23.27,0.027063296143095824
23.28,0.027089194688059877
23.29,0.026964413896009887
23.3,0.02669304028673536
23.31,0.026084737938454474
23.32,0.02626888597451524
23.33,0.026302858044109746
23.34,0.02672959508657158
23.35,0.027369533064829026
23.36,0.027847181832581547
23.37,0.028117512027186767
23.38,0.02816019228090671
23.39,0.028187043836458814
23.4,0.028250262891239702
23.41,0.028109504368761702
23.42,0.027947294566327576
23.43,0.027522063427298123
23.44,0.02658569946580415
23.45,0.02587905352151245
23.46,0.025578983841656872
23.47,0.02528390730619193
23.48,0.02521801710058794
23.49,0.024949566068118476
23.5,0.024455679929180782
23.51,0.023948122439501972
23.52,0.023144119181826562
23.53,0.022999021080292732
23.54,0.023418459712573135
23.55,0.024031510994853268
23.56,0.025341301363149066
23.57,0.02674682210005051
23.58,0.028399222962503502
23.59,0.029922040702817575
23.6,0.03115910182576069
23.61,0.03180595124283331
23.62,0.03189119880453411
23.63,0.03131209254703148
23.64,0.030631727217591782
23.65,0.02958992363419102
23.66,0.02861109786288605
23.67,0.027679423410171915
23.68,0.026619563199271053
23.69,0.025465251132054095
23.7,0.024253852598469672
23.71,0.02278184994809041
23.72,0.021456914265557816
23.73,0.02081665342968714
23.74,0.020561811316120327
23.75,0.020786335751134994
23.76,0.021668378679122274
23.77,0.02265150756331542
23.78,0.023668739893468325
23.79,0.024581343544872757
23.8,0.024970796970394612
23.81,0.025221870018896038
23.82,0.025512378531613637
23.83,0.02585520434389275
23.84,0.026184402729747216
23.85,0.026538934947781746
23.86,0.027133353511525012
23.87,0.027537312516682306
23.88,0.027701677542940093
23.89,0.02811959107707871
23.9,0.027950467191740817
23.91,0.027717916034379265
23.92,0.02755125407181745
23.93,0.027502562354409656
23.94,0.027644975626109815
23.95,0.027901993436543992
23.96,0.028198062826409215
23.97,0.028451699094282776
23.98,0.028184263464230194
23.99,0.027771981037555453
24.0,0.026721780749390973
24.01,0.026036550010847388
24.02,0.02517537738828028
24.03,0.024620369647787084
24.04,0.02466771180271143
24.05,0.025370958659093907
24.06,0.02662054602319435
24.07,0.028190780170210986
24.08,0.02947738382482504
24.09,0.030054558671649887
24.1,0.029809285973647858
24.11,0.029377287389842525
24.12,0.028783816674036854
24.13,0.02860771852608557
24.14,0.02849475360779242
24.15,0.02819949809594427
24.16,0.027357179671871196
24.17,0.0259561866882924
24.18,0.024295856164460207
24.19,0.02256137956908299
24.2,0.021720603947677844
24.21,0.02139396878645638
24.22,0.021544990930282424
24.23,0.021905152977445753
24.24,0.022104041147080904
24.25,0.022465076005386275
24.26,0.022791764218145234
24.27,0.02340596604354977
24.28,0.024359572203389433
24.29,0.02506530788090468
24.3,0.026290411773781237
24.31,0.026984664776529714
24.32,0.027521815618100336
24.33,0.02760968793827821
24.34,0.02707387191601164
24.35,0.026180485180200386
24.36,0.024605836231957806
24.37,0.023362294060945102
24.38,0.022932546414155455
24.39,0.023043995702026462
24.4,0.02442739798759377
24.41,0.026243376886926194
24.42,0.027689404678307956
24.43,0.0282850925987298
24.44,0.02797393886571402
24.45,0.02712544473312883
24.46,0.025592261420640708
24.47,0.0245529437687848
24.48,0.023975791357166824
24.49,0.0237148941960941
24.5,0.023596935537001193
24.51,0.023921356262124136
24.52,0.023852169176556297
24.53,0.023978185503205386
24.54,0.024323834038468113
24.55,0.024527656285582334
24.56,0.02493856699371705
24.57,0.025175955992617544
24.58,0.025201703004334053
24.59,0.024966408361262557
24.6,0.024195357040084624
24.61,0.02348542438640842
24.62,0.02274149571681283
24.63,0.022213512380071646
24.64,0.02231405583344102
24.65,0.022511315533366525
24.66,0.023194420572553418
24.67,0.023737555478045954
24.68,0.024481886298613992
24.69,0.02522752673476178
24.7,0.02547939218188881
24.71,0.025297167618978683
24.72,0.024776805298174522
24.73,0.024233548110011778
24.74,0.023645279476678167
24.75,0.023621575184734244
24.76,0.023928445995396265
24.77,0.02464191872226556
24.78,0.025279599191734056
24.79,0.025710309473010333
24.8,0.02604682532134807
24.81,0.0261143651471746
24.82,0.02594017400917199
24.83,0.025601233529253496
24.84,0.025174148431812444
24.85,0.02457042275938269
24.86,0.0238012607772789
24.87,0.023414545494301005
24.88,0.02303736842050614
24.89,0.023262560196599735
24.9,0.023570756610703916
24.91,0.02382946442995231
24.92,0.023985847427120878
24.93,0.02371023089212469
24.94,0.023207168147207365
24.95,0.022667311456076863
24.96,0.022289349029546976
24.97,0.022755713087038887
24.98,0.022793109612706506
24.99,0.023743486332349212
25.0,0.025054411894462964
25.01,0.026178421309914938
25.02,0.027205168567678642
25.03,0.027743288742937553
25.04,0.027462250038558404
25.05,0.02661793393292448
25.06,0.024812074725079576
25.07,0.023751482283643023
25.08,0.02294173191237923
25.09,0.02260863843352221
25.1,0.022970771041630582
25.11,0.02347427435423204
25.12,0.02335956937798393
25.13,0.023272276261911997
25.14,0.022705401640443913
25.15,0.022555424080171513
25.16,0.02251000871995635
25.17,0.022914070375843407
25.18,0.02368732219293651
25.19,0.024523670225741052
25.2,0.025304361122137946
25.21,0.02617269411823311
25.22,0.026175883863383452
25.23,0.026303117560438252
25.24,0.02601566884656321
25.25,0.025592264627486157
25.26,0.02540427732779251
25.27,0.025370196036792147
25.28,0.02497976867433044
25.29,0.024254021847862964
25.3,0.023494286470619775
25.31,0.022222634656178276
25.32,0.02099482686954575
25.33,0.020256929169247543
25.34,0.020055002395748926
25.35,0.020122622721510563
25.36,0.02068718105388482
25.37,0.021456945313857768
25.38,0.021878800089053768
25.39,0.02201278656876517
25.4,0.022174286548578014
25.41,0.022169588420345953
25.42,0.022249061391671692
25.43,0.022535115106532364
25.44,0.02281207832078345
25.45,0.023084357636951623
25.46,0.02344522685738634
25.47,0.023858982575348023
25.48,0.02400663455486598
25.49,0.02452216993300456
25.5,0.02481149752014722
25.51,0.02470185007929218
25.52,0.024315051499472138
25.53,0.02399218194461216
25.54,0.023407282066464283
25.55,0.023277526658882886
25.56,0.023371634299263488
25.57,0.023915109924975878
25.58,0.024014847558924968
25.59,0.023984911956620104
25.6,0.023548832999186628
25.61,0.02276924361057701
25.62,0.022143133274281798
25.63,0.02127503679654987
25.64,0.020536585144501008
25.65,0.020115604863458775
25.66,0.019564949669509033
25.67,0.01946561402735455
25.68,0.01984445422432493
25.69,0.02078377725718271
25.7,0.02204044450649677
25.71,0.02328904792115843
25.72,0.024663536994225656
25.73,0.025386570319115582
25.74,0.02530509462464864
25.75,0.02483490973524774
25.76,0.023750081725561884
25.77,0.02247556414909905
25.78,0.02154704253068022
25.79,0.021071165386670365
25.8,0.021437797906646777
25.81,0.022019504686336722
25.82,0.022972707740485623
25.83,0.023455043208489637
25.84,0.022886500630074295
25.85,0.022000925024598036
25.86,0.020848581982871744
25.87,0.01986064046722263
25.88,0.01946148072135734
25.89,0.019643631045205678
25.9,0.02025532831347245
25.91,0.020852055480640366
25.92,0.021461938451890348
25.93,0.0220556866257889
25.94,0.022240241101815265
25.95,0.022435745489478777
25.96,0.022468547814881747
25.97,0.022256033016555744
25.98,0.0221093727595638
25.99,0.021941663783526646
26.0,0.02148945820650617
26.01,0.02143146563492642
26.02,0.02123383010800727
26.03,0.02135468333165337
26.04,0.021774113310829783
26.05,0.02246774187439177
26.06,0.023567996306843537
26.07,0.024436711783862676
26.08,0.02505840061001217
26.09,0.02508138394658155
26.1,0.024508235588199534
26.11,0.023614487811943398
26.12,0.02265357171085042
26.13,0.022026145351641723
26.14,0.021755557328981514
26.15,0.02135474391604013
26.16,0.021174080945829774
26.17,0.020734865857540908
26.18,0.020077658395883113
26.19,0.01921167634234737
26.2,0.01861488595306229
26.21,0.018082660411437555
26.22,0.017650975521013267
26.23,0.017422840132312475
26.24,0.017530691996742905
26.25,0.01783458978949923
26.26,0.018640819309572336
26.27,0.01973931602591135
26.28,0.021108924793875963
26.29,0.02218615826968448
26.3,0.022812951536602736
26.31,0.02284208592909741
26.32,0.02232972446106587
26.33,0.02169122815331946
26.34,0.021334400840073535
26.35,0.021293865228562053
26.36,0.02188568311729847
26.37,0.0224303121820813
26.38,0.023057602034829292
26.39,0.023373284482243975
26.4,0.02327009704203635
26.41,0.023008346291823998
26.42,0.022480867357369302
26.43,0.02205585795015478
26.44,0.022014203717477934
26.45,0.021994275296251826
26.46,0.022062198722159546
26.47,0.021655584155723346
26.48,0.021375413930123877
26.49,0.020699194563269407
26.5,0.019705965030575413
26.51,0.018981158956427283
26.52,0.018420452024884734
26.53,0.018052625922745626
26.54,0.017915297017089007
26.55,0.018187172494011198
26.56,0.018584469388123588
26.57,0.019190303640173097
26.58,0.020179692637257676
26.59,0.021176669925325204
26.6,0.02164823839211903
26.61,0.022033942991740732
26.62,0.02200970532418179
26.63,0.021571687876528352
26.64,0.02124256806209703
26.65,0.02130420728528407
26.66,0.020995498384905775
26.67,0.02120468402000109
26.68,0.02131287196139026
26.69,0.021413477113043443
26.7,0.021154072428249578
26.71,0.020978327225135596
26.72,0.020935148457074892
26.73,0.020722252145259672
26.74,0.02062109679984028
26.75,0.020901688398414064
26.76,0.020696621173318226
26.77,0.020443503089834166
26.78,0.01982419305405711
26.79,0.019037247724905268
26.8,0.018067675681870846
26.81,0.017175477246403795
26.82,0.016739302046671692
26.83,0.016555300971258038
26.84,0.016943680894886504
26.85,0.01773922558507603
26.86,0.018743071279278684
26.87,0.019842916192347588
26.88,0.020662403938614314
26.89,0.02142531818416565
26.9,0.021706579898694598
26.91,0.021603350386883376
26.92,0.021395195667950995
26.93,0.020894286787462038
26.94,0.020646520789504744
26.95,0.02068103207293231
26.96,0.021013086716078492
26.97,0.021744789765013012
26.98,0.02234044410885398
26.99,0.022876750309615963
27.0,0.022887791847582616
27.01,0.022245699612937018
27.02,0.021485604320764806
27.03,0.020695607283116143
27.04,0.02002994000928866
27.05,0.01964699171004517
27.06,0.019187627998907737
27.07,0.01916975774985218
27.08,0.019001990117939
27.09,0.01879863337470174
27.1,0.01874865223115132
27.11,0.018497097821697703
27.12,0.01770564977850841
27.13,0.01710810513977848
27.14,0.01653119340282675
27.15,0.016253711770307332
27.16,0.01620605188676913
27.17,0.016704994545034126
27.18,0.01741254378601056
27.19,0.01798600779167621
27.2,0.018790522497528536
27.21,0.01979056695284942
27.22,0.02043288929852437
27.23,0.02121393442335498
27.24,0.021406734759181853
27.25,0.021228528025251995
27.26,0.020761229769235626
27.27,0.020146750598547588
27.28,0.01962455119247299
27.29,0.019047280672466287
27.3,0.018779025200652454
27.31,0.018340095672422622
27.32,0.01830149579233083
27.33,0.018528572417055942
27.34,0.018801175716352727
27.35,0.0193034960220478
27.36,0.019719484848069846
27.37,0.0196416706728188
27.38,0.01913850668739154
27.39,0.01843133017601252
27.4,0.01773685640888385
27.41,0.016945376754635956
27.42,0.016836076276895807
27.43,0.016835750054355832
27.44,0.016988589373166964
27.45,0.017296294812138995
27.46,0.01746610860455031
27.47,0.01758931918444814
27.48,0.01760885855933535
27.49,0.017639961261743345
27.5,0.017768447606775643
27.51,0.017712421105697713
27.52,0.018133716340477796
27.53,0.018554351039831437
27.54,0.01923118410617623
27.55,0.020337831394735103
27.56,0.020977865058891234
27.57,0.021494554995257067
27.58,0.021744393629413827
27.59,0.021473932334595137
27.6,0.02111557840463539
27.61,0.020628831047024912
27.62,0.020063953468561185
27.63,0.01938715454791358
27.64,0.018312794044456675
27.65,0.017778555913652832
27.66,0.017471785382424297
27.67,0.017703113160364107
27.68,0.018809109692116462
27.69,0.019850542343643095
27.7,0.02024970097561293
27.71,0.019947159594361816
27.72,0.01898867925124387
27.73,0.017871598540804886
27.74,0.01682108737940663
27.75,0.0164558098681716
27.76,0.016768408034954746
27.77,0.017252647470501103
27.78,0.018004429911151518
27.79,0.018653318113953262
27.8,0.018993191426642592
27.81,0.01889575626267344
27.82,0.018887201048211528
27.83,0.018697129405187404
27.84,0.018526654116273168
27.85,0.018558474731648792
27.86,0.01843814009071105
27.87,0.018160641590312318
27.88,0.017944769890392925
27.89,0.017553290454896682
27.9,0.017324189103793516
27.91,0.01730878247214617
27.92,0.01779061999492607
27.93,0.018425865820315246
27.94,0.019053559183430532
27.95,0.01976036851456127
27.96,0.020116285156353338
27.97,0.020079469726291783
27.98,0.020031254355548537
27.99,0.01993832286669329
28.0,0.020038928416664565
28.01,0.02025613172904229
28.02,0.020601368271631688
28.03,0.02070630325737273
28.04,0.020527962661070497
28.05,0.019868082195876855
28.06,0.01912511043090284
28.07,0.018445348778737422
28.08,0.018039552688309153
28.09,0.017876087042671424
28.1,0.018057016220151188
28.11,0.018390989726838364
28.12,0.018932343951904403
28.13,0.019547723617108142
28.14,0.020239765947003486
28.15,0.02044812376579953
28.16,0.020177651213798595
28.17,0.019321833883604356
28.18,0.018069781061003067
28.19,0.016946490240444458
28.2,0.01634035777174844
28.21,0.016019948076311956
28.22,0.0161093276656756
28.23,0.016425835002790747
28.24,0.016514523559565075
28.25,0.0165434871904518
28.26,0.016534441803853026
28.27,0.016939886069698002
28.28,0.017214654200640094
28.29,0.017614814617363014
28.3,0.018149571477335452
28.31,0.01853324911116763
28.32,0.01890441524066287
28.33,0.019691892250797722
28.34,0.02013588134602332
28.35,0.020907948682104095
28.36,0.021051070094510786
28.37,0.02112012123637588
28.38,0.02053164882125339
28.39,0.019656253136702377
28.4,0.018390506524793168
28.41,0.017238589881948305
28.42,0.01600347362926597
28.43,0.01590323123808098
28.44,0.015917727154905494
28.45,0.016612986274769117
28.46,0.01755092657214219
28.47,0.01804087761618435
28.48,0.017902136438956676
28.49,0.016942645822421082
28.5,0.015656625655643824
28.51,0.014594982950516859
28.52,0.013490267477312896
28.53,0.01312922592170816
28.54,0.013200590824387601
28.55,0.013105894928478459
28.56,0.01337209462561364
28.57,0.013586238690285992
28.58,0.014304246703327634
28.59,0.01509222542829107
28.6,0.01602659083456666
28.61,0.016839829036839768
28.62,0.017314941067279533
28.63,0.017125611978189667
28.64,0.016880105694780614
28.65,0.01620957578036607
28.66,0.015748842033701093
28.67,0.015612031978282979
28.68,0.01557345466418608
28.69,0.01574176383676175
28.7,0.016355253359895853
28.71,0.016696940482642857
28.72,0.01720768050078427
28.73,0.01722769358460643
28.74,0.01719811973832373
28.75,0.01674405979185623
28.76,0.01610762483583406
28.77,0.01574337751356435
28.78,0.01523836710257527
28.79,0.01502974965464158
28.8,0.015328433943304014
28.81,0.015808445637994967
28.82,0.01654591862768428
28.83,0.01726633721295481
28.84,0.01773208933502821
28.85,0.01776123891874889
28.86,0.017747482582891612
28.87,0.017926910898519402
28.88,0.017954627181225744
28.89,0.018386289523633467
28.9,0.018900680601542392
28.91,0.01920690453781089
28.92,0.019398595428324384
28.93,0.019534299917483205
28.94,0.019879857951932416
28.95,0.02005498024605268
28.96,0.020327834396953844
28.97,0.020308788236610285
28.98,0.019716851834807696
28.99,0.019019344586456148
29.0,0.01860917546482036
29.01,0.01794651462739825
29.02,0.017630420579270025
29.03,0.01747548870235364
29.04,0.017246306135738423
29.05,0.0168880864728279
29.06,0.016713626642645512
29.07,0.016706531332327385
29.08,0.016377918411451618
29.09,0.015648129911674174
29.1,0.015108822720764479
29.11,0.014200775391334762
29.12,0.01326683341733268
29.13,0.01290255504676222
29.14,0.013154837540860085
29.15,0.013753381883012592
29.16,0.01427106591846256
29.17,0.014856217210972716
29.18,0.015319582042388891
29.19,0.015355842395184085
29.2,0.015423808853772085
29.21,0.015784509558368878
29.22,0.016373958106473577
29.23,0.01709925852068128
29.24,0.01769697420988776
29.25,0.018263839889383404
29.26,0.018169993682222066
29.27,0.0176761823514624
29.28,0.016689334253254154
29.29,0.015660556987294315
29.3,0.014848539526713011
29.31,0.014360385474576645
29.32,0.014518826616622776
29.33,0.01533757821628935
29.34,0.016013285812446952
29.35,0.017052252202477514
29.36,0.01763655324348221
29.37,0.01815415092806271
29.38,0.018262746870261658
29.39,0.018188485879195398
29.4,0.01832955375633426
29.41,0.018022165893157076
29.42,0.017659064799627953
29.43,0.017548900321930815
29.44,0.017092072943429116
29.45,0.016785564697046434
29.46,0.01639335024682423
29.47,0.01612010428106648
29.48,0.015665109426855568
29.49,0.015138056562404025
29.5,0.015299202870182322
29.51,0.015418264959215316
29.52,0.015650506773535775
29.53,0.01638442633989978
29.54,0.01717488762512249
29.55,0.017799849088588317
29.56,0.018186077399916737
29.57,0.01818964212043466
29.58,0.017954451974446867
29.59,0.017117517253317623
29.6,0.016224932971999857
29.61,0.015398806237082377
29.62,0.014720456856487674
29.63,0.01469503983691538
29.64,0.01517831539138947
29.65,0.01578497909938061
29.66,0.01624752017297047
29.67,0.01647120621007145
29.68,0.016274226170639616
29.69,0.01601073249086311
29.7,0.015424060268134612
29.71,0.014970759749839002
29.72,0.015000236386388368
29.73,0.014942417351292458
29.74,0.01500541643833041
29.75,0.015229350284628521
29.76,0.015141459009979175
29.77,0.015212980732985465
29.78,0.015044961686710183
29.79,0.015216532069718834
29.8,0.015174881606645811
29.81,0.015019851536887851
29.82,0.01526641488963997
29.83,0.015559214727965143
29.84,0.01604050037396642
29.85,0.016768675601618693
29.86,0.017467503040806666
29.87,0.018024035879441246
29.88,0.018229926715902567
29.89,0.018086756660119056
29.9,0.017616289143615908
29.91,0.017111011001523322
29.92,0.016802818192583797
29.93,0.016459418746885526
29.94,0.01629919620883606
29.95,0.016386145873181157
29.96,0.016706307361101555
29.97,0.016883798268655666
29.98,0.017344910088083747
29.99,0.017516242838833004
30.0,0.01735924293532752
30.01,0.0169802844591708
30.02,0.016832271837526357
30.03,0.01644654467826889
30.04,0.01612151126445997
30.05,0.01588037868446659
30.06,0.015670682845878133
30.07,0.015607889620862573
30.08,0.01589388635650047
30.09,0.01656119684321685
30.1,0.017246910101880317
30.11,0.017705348924131843
30.12,0.01781725119603606
30.13,0.017259909937261817
30.14,0.016216381925460415
30.15,0.015324049222943998
30.16,0.01441735162043716
30.17,0.014195059058516691
30.18,0.01416789073016553
30.19,0.01426499438977608
30.2,0.014307807103104152
30.21,0.014374226068353839
30.22,0.014216189960508972
30.23,0.013992578168828129
30.24,0.014044102108687912
30.25,0.014063760161080734
30.26,0.014212522590358549
30.27,0.01461985283035078
30.28,0.015257800620984408
30.29,0.015812039325484185
30.3,0.01605878391200941
30.31,0.01600708627758456
30.32,0.015758831948582665
30.33,0.014929988745478892
30.34,0.014171843097616878
30.35,0.0134825396374625
30.36,0.013300435428711432
30.37,0.013255833104604684
30.38,0.013519493666935327
30.39,0.013763682397237534
30.4,0.014026751409775128
30.41,0.013900126397923252
30.42,0.013870050683992831
30.43,0.014112108831438673
30.44,0.0144204898326235
30.45,0.014500710088563688
30.46,0.01477372875181948
30.47,0.01489112923625002
30.48,0.014854877660987932
30.49,0.014373310911718524
30.5,0.014018110659059493
30.51,0.013393727395253793
30.52,0.012784300581231605
30.53,0.012377762733506374
30.54,0.012286303133174277
30.55,0.012400205490489636
30.56,0.012825463674336533
30.57,0.013325091349816746
30.58,0.014002722419125412
30.59,0.014327073465069187
30.6,0.0144684327532022
30.61,0.014163933080895518
30.62,0.013884380324390858
30.63,0.01351594704926272
30.64,0.013223841164863595
30.65,0.013260089533279137
30.66,0.013754797355070897
30.67,0.014177871030865732
30.68,0.014622775008836766
30.69,0.014770263754335355
30.7,0.014464418124709744
30.71,0.013708853804326229
30.72,0.01285844874572717
30.73,0.012248403337094519
30.74,0.012318178634821719
30.75,0.012965117324100613
30.76,0.014231649239016772
30.77,0.015628592213440717
30.78,0.016818491152570857
30.79,0.017366242964424766
30.8,0.017115269523148645
30.81,0.01638986004561568
30.82,0.015292928128822785
30.83,0.01446345744412558
30.84,0.014212462404289835
30.85,0.014497584411894854
30.86,0.01541102465377187
30.87,0.016559732493902798
30.88,0.01750863925353356
30.89,0.01774169409760384
30.9,0.01752288142916573
30.91,0.01677696909399211
30.92,0.015591377155424968
30.93,0.014885014799312125
30.94,0.014395348470061319
30.95,0.014174948454061156
30.96,0.014076194060331863
30.97,0.014309793241972468
30.98,0.014616380458097196
30.99,0.014721001205677282
31.0,0.0149153957063392
31.01,0.015066699914510122
31.02,0.015004441135636436
31.03,0.014784030379940348
31.04,0.014345545188998292
31.05,0.013847073754757506
31.06,0.013418182057588466
31.07,0.013198951779421429
31.08,0.013335134188806701
31.09,0.014069547532472578
31.1,0.015167577914645628
31.11,0.016187938002797535
31.12,0.017225398653834656
31.13,0.01779958889669311
31.14,0.017974531366162574
31.15,0.017712989128419808
31.16,0.017152718443818677
31.17,0.016365131972040398
31.18,0.015521288051507574
31.19,0.014437161768835343
31.2,0.01396051422307818
31.21,0.013561450430642316
31.22,0.013419051503802827
31.23,0.013577341112601532
31.24,0.013556918351315502
31.25,0.01337166350767046
31.26,0.01302951365592257
31.27,0.012679263344176586
31.28,0.012860226934884242
31.29,0.012927734434075347
31.3,0.013583015657423585
31.31,0.013927922770626213
31.32,0.013973125860387412
31.33,0.013696617558680688
31.34,0.013294418639835244
31.35,0.012833058606532433
31.36,0.012836491430199989
31.37,0.013118814104746463
31.38,0.013861117162887968
31.39,0.014469725500902308
31.4,0.015351141629221549
31.41,0.01576333434536116
31.42,0.015826599076910863
31.43,0.015756559413007392
31.44,0.015762600444531476
31.45,0.015391482476715295
31.46,0.015319234510157532
31.47,0.014959178991680503
31.48,0.014756159363498635
31.49,0.01418238320626407
31.5,0.013848100743234565
31.51,0.01380662047265333
31.52,0.013674681278955849
31.53,0.01359868164095961
31.54,0.01415873700743861
31.55,0.014695729181230839
31.56,0.015330933781380807
31.57,0.015529011406176275
31.58,0.0156994953481943
31.59,0.01554223468367734
31.6,0.015096458183433241
31.61,0.014625602581668017
31.62,0.014606179393016946
31.63,0.014522176980095355
31.64,0.01461916989972711
31.65,0.014916727881555167
31.66,0.015245309191372229
31.67,0.01527177074477078
31.68,0.015236836722615457
31.69,0.0153320680257426
31.7,0.015421249961500438
31.71,0.015263868942824459
31.72,0.015402985782606314
31.73,0.015617161060018711
31.74,0.01545415494289409
31.75,0.01528429171046854
31.76,0.014660122240950868
31.77,0.013616360808182171
31.78,0.012612077184025983
31.79,0.011781596220649853
31.8,0.011308434829248641
31.81,0.011068351961808255
31.82,0.011129471323952556
31.83,0.011466114627328905
31.84,0.011963653791556152
31.85,0.01265321227123746
31.86,0.013412298568327216
31.87,0.01405010316155843
31.88,0.014545816373268095
31.89,0.014455013784257459
31.9,0.013942941481450042
31.91,0.013170612587721075
31.92,0.012362383146676335
31.93,0.011400406604954715
31.94,0.01084173733888722
31.95,0.010501351452505471
31.96,0.01028608956966318
31.97,0.010647331416603525
31.98,0.011178198300952564
31.99,0.011904510114093405
32.0,0.012554855576950297
32.01,0.012766618213520178
32.02,0.01261208832839867
32.03,0.012120409257149628
32.04,0.011313111358921152
32.05,0.010809158580033326
32.06,0.010659598710549976
32.07,0.011128861506875688
32.08,0.011986864868956223
32.09,0.012672983719317495
32.1,0.013366034241300175
32.11,0.013297954234205748
32.12,0.012787055040516816
32.13,0.012015515496647611
32.14,0.011078432825549094
32.15,0.010224129570192942
32.16,0.009899882856893827
32.17,0.009669975123612519
32.18,0.010055320769381237
32.19,0.010651433509861414
32.2,0.011596730429702207
32.21,0.01221809415882743
32.22,0.01269331525259182
32.23,0.012971149026952929
32.24,0.012946649932533137
32.25,0.012958284298627928
32.26,0.013126710062116933
32.27,0.013629838831321395
32.28,0.013701945970676553
32.29,0.013712158059059867
32.3,0.013276392777029057
32.31,0.012586304576625261
32.32,0.011983340248161353
32.33,0.011831878945773982
32.34,0.012035626101103576
32.35,0.012796409934596572
32.36,0.013228860906025838
32.37,0.013768545037824929
32.38,0.013927043710231587
32.39,0.014076875467121388
32.4,0.01394289467916642
32.41,0.013714700799028954
32.42,0.013392358725479824
32.43,0.01268060890317727
32.44,0.011737214825362654
32.45,0.01104410371899282
32.46,0.010569568364379108
32.47,0.010548253039745615
32.48,0.010778171752960688
32.49,0.011348506035105137
32.5,0.011944149234573292
32.51,0.012503652566192803
32.52,0.013039714158245473
32.53,0.013435834742751642
32.54,0.013580948865799981
32.55,0.013369204627301835
32.56,0.012769214163108633
32.57,0.012132378334449039
32.58,0.011267243730249744
32.59,0.010902499025513481
32.6,0.010703091716771505
32.61,0.011051894382643037
32.62,0.011451301222128793
32.63,0.012093702133966338
32.64,0.012679242871133704
32.65,0.013227344187099076
32.66,0.013571953481973629
32.67,0.014019175267611232
32.68,0.01397594521844353
32.69,0.013958062717477794
32.7,0.013310361804216434
32.71,0.012890510762966156
32.72,0.012227417277408548
32.73,0.01190600567614893
32.74,0.011940509705877676
32.75,0.01244344235166848
32.76,0.013035075653324527
32.77,0.013808776423674346
32.78,0.014266097421397471
32.79,0.014733797259269597
32.8,0.01471701818824349
32.81,0.014664400268184769
32.82,0.014403575380651555
32.83,0.013943034392472822
32.84,0.013271656630403682
32.85,0.012383504434488244
32.86,0.01165388156096127
32.87,0.011018909709570398
32.88,0.010887681452390163
32.89,0.011030578893570247
32.9,0.011455858675976822
32.91,0.0121022701630956
32.92,0.012485892347898321
32.93,0.012597323402136722
32.94,0.01250174067274484
32.95,0.012301322680646296
32.96,0.012178326615875224
32.97,0.011970731272918866
32.98,0.011966123816298193
32.99,0.011835752622634406
33.0,0.011600482222210889
33.01,0.011519350016481964
33.02,0.011721958759527572
33.03,0.01215847884740287
33.04,0.012955452393434905
33.05,0.013697188788248944
33.06,0.01438602591423733
33.07,0.01481257571391054
33.08,0.015061063108929972
33.09,0.01528701983415484
33.1,0.01583766709693673
33.11,0.016067596385408844
33.12,0.01625932546511242
33.13,0.016124452506867965
33.14,0.01601691419677047
33.15,0.015591734426266086
33.16,0.015294474661084259
33.17,0.015427459673301733
33.18,0.015486086298248573
33.19,0.015328913792042362
33.2,0.01509482290807202
33.21,0.014291300083924175
33.22,0.013171901730257427
33.23,0.011916399664155272
33.24,0.010854967552828498
33.25,0.010137727608345507
33.26,0.009829507356269595
33.27,0.010136719416258091
33.28,0.010755206808104805
33.29,0.011458436796607852
33.3,0.012310696933872389
33.31,0.012834428806499088
33.32,0.013220234379099801
33.33,0.013492827768989562
33.34,0.013462708459621258
33.35,0.013289420618303885
33.36,0.01296047714252603
33.37,0.0126717710616131
33.38,0.012132168145326014
33.39,0.01140163613053785
33.4,0.010814746343916581
33.41,0.010234179385632898
33.42,0.009966905061088873
33.43,0.010268806139719729
33.44,0.010821626171673288
33.45,0.01179207463101453
33.46,0.012423827054707796
33.47,0.012846976652576069
33.48,0.012917050166949495
33.49,0.012855085436799378
33.5,0.012799601754718906
33.51,0.013016345140264497
33.52,0.013278462775498188
33.53,0.01345611723433108
33.54,0.013441415131866172
33.55,0.013418234704448343
33.56,0.013053326448433461
33.57,0.012584005160671107
33.58,0.01241343947403464
33.59,0.012339778116749254
33.6,0.01205431595168198
33.61,0.012235388042956489
33.62,0.012595306203345905
33.63,0.012893026059798984
33.64,0.012821659082147588
33.65,0.012719198606329843
33.66,0.012372804015059862
33.67,0.011926759948151695
33.68,0.011769127350674544
33.69,0.01219608042683615
33.7,0.012528974867301772
33.71,0.012751485157554166
33.72,0.012558437012529337
33.73,0.012252636092237089
33.74,0.011729724055013232
33.75,0.01147555879361454
33.76,0.011633876250226476
33.77,0.012161519703394763
33.78,0.012414589870699258
33.79,0.012734008804685221
33.8,0.012718567190693229
33.81,0.012778496619208454
33.82,0.01275675017663261
33.83,0.012881056419741318
33.84,0.012936326705852505
33.85,0.012799903740969266
33.86,0.012575400904514446
33.87,0.012489496489572685
33.88,0.012138585806839455
33.89,0.012057600847267423
33.9,0.012010264536918945
33.91,0.01182495328316747
33.92,0.011740794730747009
33.93,0.011559805936315053
33.94,0.011542970050506175
33.95,0.011380621660280655
33.96,0.01124218038271198
33.97,0.010965535574544485
33.98,0.01079579506647701
33.99,0.010683359418958215
34.0,0.010913810375914544
34.01,0.011139634364282591
34.02,0.011493144209808688
34.03,0.011575313416514023
34.04,0.011373185231424863
34.05,0.010901217820504655
34.06,0.010633199980949944
34.07,0.010224287112456276
34.08,0.010286714008849573
34.09,0.010403317615832162
34.1,0.01058258631422523
34.11,0.010774237777223045
34.12,0.01110863543176033
34.13,0.01141592814450305
34.14,0.012038162598177903
34.15,0.012495465766945007
34.16,0.012942142089496818
34.17,0.012861381499470047
34.18,0.012533554318028148
34.19,0.011799238046949606
34.2,0.01111814619144922
34.21,0.01029855395445754
34.22,0.009957143051478367
34.23,0.009563712295017781
34.24,0.009599400457168072
34.25,0.009989373584554867
34.26,0.010559291377224512
34.27,0.01127047053271679
34.28,0.011924991935933566
34.29,0.012185028434683073
34.3,0.012403106633174527
34.31,0.012223225479974375
34.32,0.012050328203568142
34.33,0.012059677253070855
34.34,0.012110736787276043
34.35,0.012386621610872521
34.36,0.012490836039557546
34.37,0.01280630260609197
34.38,0.013101789065616458
34.39,0.01353714802875184
34.4,0.013935542508227601
34.41,0.014380125709916
34.42,0.014507746213898776
34.43,0.01422979640612076
34.44,0.013696225868253826
34.45,0.012783943708709585
34.46,0.011784969706516645
34.47,0.011256859919182145
34.48,0.010927009939872964
34.49,0.011377412686769556
34.5,0.011817575908505157
34.51,0.012344701341723056
34.52,0.012639722990916024
34.53,0.012668573232474762
34.54,0.012665076617573637
34.55,0.01261745728180482
34.56,0.012787936738641821
34.57,0.01315803746294847
34.58,0.013254138775047991
34.59,0.01314005367174539
34.6,0.012766642449810966
34.61,0.012266689512866977
34.62,0.0116979636257065
34.63,0.011207609475974194
34.64,0.010797605834128036
34.65,0.010609645977569918
34.66,0.01031442652195152
34.67,0.010243936113426003
34.68,0.010304077528788135
34.69,0.010402987788126183
34.7,0.010400803280074073
34.71,0.010360697825428937
34.72,0.010280901832050786
34.73,0.009988935660958953
34.74,0.00969656733889497
34.75,0.00975642195923253
34.76,0.010049011045676523
34.77,0.010415858485456888
34.78,0.010770841180582413
34.79,0.011324187879230932
34.8,0.01173541631597979
34.81,0.011902681915805614
34.82,0.012123187952723982
34.83,0.012377033000598192
34.84,0.01239466368888335
34.85,0.012218749247996047
34.86,0.012089961479470996
34.87,0.01172857895814642
34.88,0.011502710254086564
34.89,0.0113612919117593
34.9,0.011364000131518334
34.91,0.011513261784355652
34.92,0.011373681652815038
34.93,0.011456436312879398
34.94,0.011442221580382658
34.95,0.011314499387844085
34.96,0.011174404601280285
34.97,0.010833550141320642
34.98,0.01048648860728979
34.99,0.010181400716465264
35.0,0.009799848934809147
35.01,0.00997603695137648
35.02,0.01032738973198633
35.03,0.01091936332189287
35.04,0.011691571167917324
35.05,0.012197705810768818
35.06,0.012423717991381877
35.07,0.01220423950569908
35.08,0.011547752999415673
35.09,0.010809438967723987
35.1,0.009965840054219556
35.11,0.00971356244362161
35.12,0.009896712869210917
35.13,0.010649542089457563
35.14,0.01151334924912156
35.15,0.012454926151950955
35.16,0.013294863938199812
35.17,0.013741754055039456
35.18,0.013983921828567803
35.19,0.014008714971711266
35.2,0.013789869976637685
35.21,0.013391585521563377
35.22,0.012855713082832098
35.23,0.012271011972185811
35.24,0.011486663724495872
35.25,0.010832755338844324
35.26,0.010401453638562654
35.27,0.01000500739427451
35.28,0.010098586034772011
35.29,0.010355154891949186
35.3,0.010738784609601494
35.31,0.010990817213171652
35.32,0.011073798488550623
35.33,0.01084759394776993
35.34,0.010381936260553937
35.35,0.009752569040926326
35.36,0.00926666968905128
35.37,0.008887493092602663
35.38,0.008964534462255978
35.39,0.009269364525025584
35.4,0.009794849952200767
35.41,0.010244362621757848
35.42,0.010697326506696058
35.43,0.010870528242643457
35.44,0.01080254255569497
35.45,0.010576463099754031
35.46,0.01018414279305361
35.47,0.009716743973996621
35.48,0.009432158378055097
35.49,0.008889346892933738
35.5,0.008836349698797406
35.51,0.008859612860299635
35.52,0.009271227541218287
35.53,0.009852278264304922
35.54,0.010192887160836375
35.55,0.01047197942775117
35.56,0.010303363948183238
35.57,0.009847875152231357
35.58,0.009552993209987282
35.59,0.009271254984354254
35.6,0.00921661971268678
35.61,0.00945003086652183
35.62,0.009919681583670435
35.63,0.01026340501249768
35.64,0.010315551714890391
35.65,0.010330914751099509
35.66,0.010086269136372075
35.67,0.009671202005106789
35.68,0.00940643617174357
35.69,0.009422867421669524
35.7,0.009522135514606839
35.71,0.009474797527605614
35.72,0.009887892181034539
35.73,0.010017722795111905
35.74,0.010142588009520054
35.75,0.010449697413517471
35.76,0.010694397358117202
35.77,0.010934705885057728
35.78,0.011174289130620678
35.79,0.011405299731084282
35.8,0.01179616934950334
35.81,0.011740304558610977
35.82,0.011890497918703542
35.83,0.011579846627713344
35.84,0.011040201923429518
35.85,0.010382706257624346
35.86,0.009720859728287509
35.87,0.009238705597147843
35.88,0.009056754047159872
35.89,0.00902005352499971
35.9,0.009094201291176471
35.91,0.009117545105433
35.92,0.009132001638111538
35.93,0.009109533677403706
35.94,0.009357460418111663
35.95,0.00942639244078349
35.96,0.009688450617145572
35.97,0.009928400747728666
35.98,0.010130487707578219
35.99,0.010325881348904498
36.0,0.010321425589970637
36.01,0.01030590989499829
36.02,0.01013508374257749
36.03,0.009952063814434023
36.04,0.010087162818877036
36.05,0.010306253383736688
36.06,0.010618390345352864
36.07,0.01118047139928604
36.08,0.011390328385301952
36.09,0.011396277068560978
36.1,0.011148300318722727
36.11,0.010947543447496854
36.12,0.010769014658949475
36.13,0.010750313119218334
36.14,0.010836254591476167
36.15,0.011029681605900806
36.16,0.01081403220055352
36.17,0.01066643439172986
36.18,0.0103531897888819
36.19,0.010069812119963942
36.2,0.00962714514408631
36.21,0.009276556515970669
36.22,0.00900092310673634
36.23,0.008808283520018285
36.24,0.008622423596335022
36.25,0.008826261864963936
36.26,0.009033938828109106
36.27,0.009213453096288274
36.28,0.00923504616452407
36.29,0.00917029312461844
36.3,0.00888536027033481
36.31,0.008794860383152052
36.32,0.008609689803784461
36.33,0.009027752954279065
36.34,0.009400623994946166
36.35,0.009864710076963552
36.36,0.00999457342761525
36.37,0.009973848844517828
36.38,0.009895689087578466
36.39,0.009752807235942733
36.4,0.009462684404636596
36.41,0.009511833323728217
36.42,0.00925328457693563
36.43,0.009010459070150046
36.44,0.008550182441789385
36.45,0.00830061793445026
36.46,0.008025748677710111
36.47,0.008087405577033087
36.48,0.008405438410607992
36.49,0.00896459087872057
36.5,0.00954706612528796
36.51,0.009986613685370143
36.52,0.010535355860355635
36.53,0.01080927501812733
36.54,0.010778417322747263
36.55,0.010550309939940336
36.56,0.009927686604365984
36.57,0.009405293712607775
36.58,0.00878942066842068
36.59,0.0084096728424041
36.6,0.008466389250555968
36.61,0.008492627237405287
36.62,0.00879016378511297
36.63,0.008847234263617788
36.64,0.008856225877840358
36.65,0.008774392906173928
36.66,0.008387559514806929
36.67,0.00821463759743403
36.68,0.007888926370380705
36.69,0.007572092810725158
36.7,0.0074959977704368574
36.71,0.007630276775038258
36.72,0.008185390372010184
36.73,0.008902301051545816
36.74,0.009928698964375367
36.75,0.010782739782066226
36.76,0.011194109455956634
36.77,0.01124691652933678
36.78,0.010894877048499913
36.79,0.010268295494538908
36.8,0.009741415232788238
36.81,0.009431068003020982
36.82,0.009507454447944826
36.83,0.009764213021201376
36.84,0.010170310136803851
36.85,0.010356227438028298
36.86,0.010500893055866475
36.87,0.010403506769153574
36.88,0.0103410456176132
36.89,0.010303496685040252
36.9,0.010270347664052893
36.91,0.010334305503163867
36.92,0.01020070566594057
36.93,0.01001804261031914
36.94,0.00979529108264297
36.95,0.009571194565082933
36.96,0.00967216115549935
36.97,0.009864135640549283
36.98,0.009945727210351883
36.99,0.010107532939660928
37.0,0.009963003265525794
37.01,0.010013039858105907
37.02,0.01014964236213077
37.03,0.01047079197377159
37.04,0.01123374063890901
37.05,0.011892273868448395
37.06,0.012329443599234406
37.07,0.012418604499190213
37.08,0.01192887270205213
37.09,0.011188342551249685
37.1,0.010396665806154075
37.11,0.009773257282284205
37.12,0.00935415352564832
37.13,0.009081358998058321
37.14,0.009110685750720854
37.15,0.009517567485502221
37.16,0.00987364623579818
37.17,0.010365345944530766
37.18,0.010915113300552112
37.19,0.011294938016077066
37.2,0.01151593879137359
37.21,0.011427758640369084
37.22,0.011148629185350296
37.23,0.010734173547815877
37.24,0.009995059836506798
37.25,0.009780473509518847
37.26,0.009406053532739331
37.27,0.009332393300969783
37.28,0.009545153669082087
37.29,0.009959146179296743
37.3,0.010428763602374836
37.31,0.010663698728835514
37.32,0.010634710855300326
37.33,0.010435432842688969
37.34,0.00994556550016637
37.35,0.009506771915639875
37.36,0.008997414239925597
37.37,0.00864822909948878
37.38,0.008428073527759107
37.39,0.008159126472217993
37.4,0.008021834061119316
37.41,0.008066964980432533
37.42,0.008068626022276973
37.43,0.00830020897782446
37.44,0.00895366104180866
37.45,0.009524654018286746
37.46,0.009870207169235881
37.47,0.010188953185097573
37.48,0.010210330770771174
37.49,0.009890156063505342
37.5,0.00951114758457643
37.51,0.009213778193311881
37.52,0.008839936978950554
37.53,0.00852102284556941
37.54,0.008431160054160428
37.55,0.008468547276547908
37.56,0.008548191572239398
37.57,0.008897767840345586
37.58,0.00938698009369927
37.59,0.009824537745308571
37.6,0.010066257981061737
37.61,0.010186658652644544
37.62,0.009947860032619925
37.63,0.009440141800190455
37.64,0.0089537142514273
37.65,0.008553357711290982
37.66,0.008463135004952637
37.67,0.008650902501342875
37.68,0.009006686241838927
37.69,0.009440225659790809
37.7,0.00971007433536312
37.71,0.009866790650690144
37.72,0.009708838402445904
37.73,0.009477392516117211
37.74,0.009231331429331736
37.75,0.008936468846236082
37.76,0.008756185143744889
37.77,0.008693515884411803
37.78,0.008795739443547432
37.79,0.008932261857575403
37.8,0.009236597580285158
37.81,0.009687549958190482
37.82,0.0100026011607663
37.83,0.010292213745210018
37.84,0.010499604476088255
37.85,0.010635964617173655
37.86,0.010582120378377961
37.87,0.010396014486589935
37.88,0.010340918725332717
37.89,0.010321399823489301
37.9,0.010332687493999496
37.91,0.010276437021695178
37.92,0.01011513428554984
37.93,0.009864663837437419
37.94,0.00951683230633669
37.95,0.009304103549283417
37.96,0.00911354830589578
37.97,0.009006335378331747
37.98,0.008784565567041472
37.99,0.008403718877326218
38.0,0.008010956871067723
38.01,0.007678001006208853
38.02,0.007767236151585118
38.03,0.008321226085811451
38.04,0.009175375966827258
38.05,0.010028982624168651
38.06,0.010675219023676194
38.07,0.010930166266524498
38.08,0.010832693077804356
38.09,0.010402165542515562
38.1,0.009965325241116004
38.11,0.009307995055100006
38.12,0.008767009124177499
38.13,0.008259542306110023
38.14,0.007954624778574925
38.15,0.007645508035467076
38.16,0.007741763284664691
38.17,0.008040535600850796
38.18,0.008386003368365317
38.19,0.008897386326856896
38.2,0.009480509692501325
38.21,0.009909730256298842
38.22,0.010282426930192799
38.23,0.010225331652640276
38.24,0.010113683995586018
38.25,0.009634742884810329
38.26,0.009180731821957668
38.27,0.0089621872829419
38.28,0.008773706205946568
38.29,0.008819627044235863
38.3,0.008842340574729587
38.31,0.008684145963545763
38.32,0.008369063149911458
38.33,0.00798474729478951
38.34,0.00759824597053917
38.35,0.007375298882207745
38.36,0.007276910412423499
38.37,0.0074268517953959955
38.38,0.007590406429633417
38.39,0.007723779493461359
38.4,0.008074342917852423
38.41,0.008237350565169409
38.42,0.008248144458377875
38.43,0.008294229246264162
38.44,0.008126575561175966
38.45,0.007822916924513196
38.46,0.0076289361111573206
38.47,0.007503545906707179
38.48,0.007560802496126498
38.49,0.007522760747328375
38.5,0.007962881213632712
38.51,0.00819832069265217
38.52,0.00845096716015224
38.53,0.008693169188828025
38.54,0.009110355923015923
38.55,0.009092236586427849
38.56,0.009163424718483285
38.57,0.009319203749508986
38.58,0.00963359569499291
38.59,0.00978320693300187
38.6,0.010311827928274942
38.61,0.010492261356572259
38.62,0.010785555136638428
38.63,0.010728892336423759
38.64,0.010698679553274224
38.65,0.010428763602373598
38.66,0.009924165354855699
38.67,0.009298242495228794
38.68,0.008753722493771043
38.69,0.008092184193579616
38.7,0.007829336825438814
38.71,0.007543725208455031
38.72,0.0076695843911593715
38.73,0.007916446523315683
38.74,0.008056191009130362
38.75,0.008079345670065475
38.76,0.008131931979065353
38.77,0.008164429117730129
38.78,0.008357878129033575
38.79,0.008608758096528625
38.8,0.008968913338039541
38.81,0.009145152324813893
38.82,0.009440362166251746
38.83,0.009560976632122659
38.84,0.009554244732448812
38.85,0.00959948527784527
38.86,0.00977851105054083
38.87,0.009714884164650578
38.88,0.009550476236500788
38.89,0.009272793301841348
38.9,0.009097755430079423
38.91,0.009024855979517613
38.92,0.009589389506485598
38.93,0.010391424858924875
38.94,0.011015443199872195
38.95,0.011312191358796683
38.96,0.011321834292584387
38.97,0.010695242561685397
38.98,0.009850628644082371
38.99,0.009093710151604859
39.0,0.008406757640368403
39.01,0.008009128274462181
39.02,0.007715936182951752
39.03,0.0077483765068333465
39.04,0.00802555631754116
39.05,0.008581809173161882
39.06,0.009397941541669015
39.07,0.009993718609868201
39.08,0.01011822458155525
39.09,0.009989244054544317
39.1,0.009414121377233726
39.11,0.008999652355915037
39.12,0.008744375683680389
39.13,0.008682968123747237
39.14,0.008819385244054588
39.15,0.00905353518221926
39.16,0.009050197077015662
39.17,0.008920996746700622
39.18,0.00870180032536206
39.19,0.008422770319487995
39.2,0.008453022530152978
39.21,0.008566886704636957
39.22,0.00886220560939987
39.23,0.009205936008319104
39.24,0.00930326628324437
39.25,0.009269350465674757
39.26,0.00898145797726975
39.27,0.008323853652816163
39.28,0.007780821561395494
39.29,0.007178487124734085
39.3,0.006832083886718441
39.31,0.0068773428238281375
39.32,0.006952065424738294
39.33,0.007404436481548493
39.34,0.007702715583190517
39.35,0.007780471665323598
39.36,0.007826913724050864
39.37,0.007356250084134427
39.38,0.006588775177888288
39.39,0.005886237335869983
39.4,0.005129585847298758
39.41,0.004792932525065082
39.42,0.004727115439365869
39.43,0.005357664819534956
39.44,0.006212963567021387
39.45,0.007090640571039096
39.46,0.00801315027772378
39.47,0.00856790604109696
39.48,0.008699996932480991
39.49,0.008513288598384745
39.5,0.008404590000195005
39.51,0.00813089481364992
39.52,0.00792513407631577
39.53,0.007669342989296256
39.54,0.007320063976760094
39.55,0.007099529529271104
39.56,0.007016950240425364
39.57,0.007085361036300974
39.58,0.007381969083599508
39.59,0.007597163134714333
39.6,0.007863785570577599
39.61,0.007829335148785812
39.62,0.007748951904325078
39.63,0.007730314865046026
39.64,0.00768060393224811
39.65,0.007860086987686803
39.66,0.008001692243923995
39.67,0.008038564090449786
39.68,0.007957640829160768
39.69,0.0075874816134173335
39.7,0.007116604577531477
39.71,0.006717480763466676
39.72,0.006565706053207197
39.73,0.006705588006559153
39.74,0.007310326038998627
39.75,0.008096128346255864
39.76,0.008785220656210435
39.77,0.009012133894096747
39.78,0.008886233486153439
39.79,0.008361791068969844
39.8,0.007834801743894209
39.81,0.0074143039493202705
39.82,0.007337116459025773
39.83,0.007460988940103589
39.84,0.007909807534664666
39.85,0.008403882264166187
39.86,0.008785620959732348
39.87,0.009291836255338037
39.88,0.009523757128936675
39.89,0.009496091418118482
39.9,0.00929224994264298
39.91,0.009174716709735346
39.92,0.009080973152206467
39.93,0.008994625930169843
39.94,0.009177922476400488
39.95,0.00944850953798431
39.96,0.009603503113183942
39.97,0.010134064406117516
39.98,0.010760180024230693
39.99,0.0112684215700485
40.0,0.011502333477635691
40.01,0.011327281382083125
40.02,0.010472796227104725
40.03,0.009125736072602742
40.04,0.007883013345032823
40.05,0.007082276186551656
40.06,0.006776870010714101
40.07,0.007021869695794533
40.08,0.0075470046577818
40.09,0.007871545021486372
40.1,0.007818822206025587
40.11,0.007678356202078598
40.12,0.007271932863935988
40.13,0.007013261834472902
40.14,0.006819347450080025
40.15,0.006834431628791272
40.16,0.006822437746085772
40.17,0.006816941216571386
40.18,0.006924986402245904
40.19,0.007181296470291977
40.2,0.007383524667283236
40.21,0.007901523656471307
40.22,0.008378499101421813
40.23,0.008788769348855606
40.24,0.009016082491944247
40.25,0.0091755124732877
40.26,0.00905621763549542
40.27,0.008629180864173013
40.28,0.008095169195864779
40.29,0.007676470626249522
40.3,0.007284640890004184
40.31,0.007021624126008516
40.32,0.00723276608663741
40.33,0.0077255925005232035
40.34,0.008083416152264407
40.35,0.008313794387634625
40.36,0.008594714290079282
40.37,0.008492689498445385
40.38,0.008339428566422436
40.39,0.008138052385008997
40.4,0.00798004596607026
40.41,0.007782660334940362
40.42,0.007628284228835842
40.43,0.007587152184031464
40.44,0.007557030230574333
40.45,0.007339445809384625
40.46,0.007539104532489303
40.47,0.007613771279692353
40.48,0.007881455521937747
40.49,0.00832904836051939
40.5,0.008596164580042904
40.51,0.008796644270424385
40.52,0.008965796161655964
40.53,0.008899407283630716
40.54,0.008764851098184926
40.55,0.008514713684623728
40.56,0.008427937021298178
40.57,0.008188726237802427
40.58,0.007943882418331253
40.59,0.0077290611031725085
40.6,0.007503080135299689
40.61,0.00741589130850269
40.62,0.007513680542824691
40.63,0.007853224426127806
40.64,0.008150680321081356
40.65,0.008393552630151225
40.66,0.008534424946634754
40.67,0.008442692333380826
40.68,0.008144995036563967
40.69,0.00774479716420625
40.7,0.007587263486767516
40.71,0.007695249618247816
40.72,0.007785740454008116
40.73,0.007989803256621082
40.74,0.008119009033193738
40.75,0.008087576901399137
40.76,0.007768684764895674
40.77,0.007520403391076616
40.78,0.007252886305274298
40.79,0.0068439207899199704
40.8,0.006578935153252968
40.81,0.006664617273622008
40.82,0.0071338510966191425
40.83,0.007636863116829117
40.84,0.0085397185407253
40.85,0.009348506828640895
40.86,0.009764219997652616
40.87,0.009959557222514135
40.88,0.010098558028879023
40.89,0.010042969451395855
40.9,0.010024054117375992
40.91,0.00973968147571593
40.92,0.009377939039462067
40.93,0.008345667649870275
40.94,0.007374475675518867
40.95,0.006352683247429471
40.96,0.005617422056108889
40.97,0.005335284886349474
40.98,0.00548809203134393
40.99,0.005708472137058011
41.0,0.006028034952274421
41.01,0.006207716775215086
41.02,0.006525202217193279
41.03,0.00666579455066335
41.04,0.006993502093523672
41.05,0.007352070538610349
41.06,0.007562911480423727
41.07,0.007823246353900568
41.08,0.008043348716011959
41.09,0.008232509523142991
41.1,0.008425251361174866
41.11,0.008756079287265482
41.12,0.00905282688343188
41.13,0.009361205803286228
41.14,0.009366810833368003
41.15,0.009357761841604452
41.16,0.009005870005242864
41.17,0.008503777440378217
41.18,0.008144696819917616
41.19,0.00785579197150299
41.2,0.00767936799932996
41.21,0.007657229468008649
41.22,0.007526778582666864
41.23,0.007428988785586817
41.24,0.007236265339268444
41.25,0.006904645817548061
41.26,0.006691208926147029
41.27,0.006603839997451307
41.28,0.006607224342181168
41.29,0.006811063571886118
41.3,0.007099439262335829
41.31,0.007337995519420553
41.32,0.00752475706313496
41.33,0.007507809874589594
41.34,0.007524809709995515
41.35,0.007130353374180589
41.36,0.006679543910070364
41.37,0.0062440141853268094
41.38,0.005775241965815301
41.39,0.005540815807881975
41.4,0.005621660655827791
41.41,0.005942459802279957
41.42,0.0063854513240442085
41.43,0.00697554951506007
41.44,0.007595765491610277
41.45,0.007819719095375413
41.46,0.007837346576814223
41.47,0.00791158348440981
41.48,0.0079269158706369
41.49,0.008166359965649848
41.5,0.008580415697981762
41.51,0.008932699787528559
41.52,0.008972585040552103
41.53,0.008654875064590511
41.54,0.00809683608228579
41.55,0.007236696855529994
41.56,0.006465259006575316
41.57,0.006120911701319149
41.58,0.006046071390338348
41.59,0.0063343953950040985
41.6,0.0068710272555485815
41.61,0.007304135555557999
41.62,0.007669258731376595
41.63,0.00769765794470634
41.64,0.007440489852066981
41.65,0.006846954669460838
41.66,0.0059411749921062795
41.67,0.004988248720483096
41.68,0.004277458048571935
41.69,0.0036781785272541234
41.7,0.0036507083770917236
41.71,0.004203467824658304
41.72,0.005008856309087489
41.73,0.0060819324006893575
41.74,0.007087532446078135
41.75,0.008168012229962692
41.76,0.00884206435496251
41.77,0.009310006960451768
41.78,0.009749079402476551
41.79,0.009721034822257635
41.8,0.009408493071938974
41.81,0.009189587492477955
41.82,0.00882511884307025
41.83,0.008553547427370635
41.84,0.008444275922959099
41.85,0.008654709584801195
41.86,0.008821486853582777
41.87,0.008866826848123507
41.88,0.00880421079840874
41.89,0.00858217021360806
41.9,0.008042886549768967
41.91,0.007407663284015815
41.92,0.00682494887499646
41.93,0.006378672059328653
41.94,0.006277681226264114
41.95,0.006565920973010934
41.96,0.007038028495556689
41.97,0.0073790790852874474
41.98,0.0074934372015120565
41.99,0.007370250857903912
42.0,0.007039061891368386
42.01,0.006638240540900614
42.02,0.006579753629261188
42.03,0.0065829588331685375
42.04,0.006678721266140448
42.05,0.006799969785378149
42.06,0.006891393043971091
42.07,0.006758507912868651
42.08,0.0065207158082775845
42.09,0.006419237042487552
42.1,0.006283972558254968
42.11,0.006125715686030377
42.12,0.006214656219924805
42.13,0.006210336967451866
42.14,0.0064815548755560405
42.15,0.006828584634088358
42.16,0.0074533031718565824
42.17,0.008109051292128567
42.18,0.008732273306765742
42.19,0.009290865120566875
42.2,0.009420297801322636
42.21,0.009255706962746118
42.22,0.008893392734166032
42.23,0.008207505229799794
42.24,0.0076243502530968866
42.25,0.007300411768943053
42.26,0.007360732723446451
42.27,0.007533220480469871
42.28,0.007828056183187666
42.29,0.008095010692525485
42.3,0.007960594618705399
42.31,0.007727170245525141
42.32,0.007238833282962279
42.33,0.006888927187151113
42.34,0.006682170509640118
42.35,0.006695723745634158
42.36,0.006838288715020808
42.37,0.007054534553660474
42.38,0.007018352051450419
42.39,0.007134153645627245
42.4,0.007032427070639522
42.41,0.007177663918045978
42.42,0.007174578352720607
42.43,0.007078887527438755
42.44,0.006938000582487434
42.45,0.0065776245765966175
42.46,0.006287714173825295
42.47,0.005924115533390163
42.48,0.005543492416582627
42.49,0.005449590355714764
42.5,0.00549115656086878
42.51,0.005745120410677372
42.52,0.006234080686911155
42.53,0.006855291194515516
42.54,0.007386431256225751
42.55,0.007703206722762907
42.56,0.007907783775721704
42.57,0.007712713150089322
42.58,0.007372678689972194
42.59,0.007019469306862623
42.6,0.006732869566158498
42.61,0.006390345012932321
42.62,0.00598411459771521
42.63,0.0056361525691693195
42.64,0.005114359317550292
42.65,0.0050721548911066535
42.66,0.005218218550366154
42.67,0.005616739523804164
42.68,0.006141083452919195
42.69,0.006542615746262508
42.7,0.0066709966331348
42.71,0.006559034737920044
42.72,0.006305068079583766
42.73,0.006305887118349531
42.74,0.00638151678554858
42.75,0.006908501942701593
42.76,0.007537217280006827
42.77,0.008043321272876304
42.78,0.008269904683057631
42.79,0.008315302770716336
42.8,0.00804988184818404
42.81,0.007869457471309241
42.82,0.007661930233970182
42.83,0.007579743198309419
42.84,0.007463398943216003
42.85,0.0073125500956362985
42.86,0.007096247840532088
42.87,0.006657783685391941
42.88,0.0061837985245447044
42.89,0.005762263166236412
42.9,0.005175255271226408
42.91,0.00483363401468505
42.92,0.004525602353173078
42.93,0.004626291762744882
42.94,0.005064693656844156
42.95,0.005671242456934182
42.96,0.006555979822577356
42.97,0.007000918055695083
42.98,0.007266717284869824
42.99,0.0071693590040509785
43.0,0.006961575621669495
43.01,0.006643767720397177
43.02,0.006551380182413968
43.03,0.0066949385573393675
43.04,0.007005170316447668
43.05,0.007427696998963792
43.06,0.00791748312597427
43.07,0.00821767468382261
43.08,0.008337687434582125
43.09,0.008133543979214886
43.1,0.008063847804049208
43.11,0.007669962697802321
43.12,0.007647060013986921
43.13,0.007760573887721379
43.14,0.00783412298119391
43.15,0.007995603449038852
43.16,0.00786713870256598
43.17,0.007715448812983547
43.18,0.0075170712948879285
43.19,0.0073556224381012844
43.2,0.007525408382699882
43.21,0.007528743685734191
43.22,0.007929210965848687
43.23,0.008190067464440154
43.24,0.008257434289247308
43.25,0.008182852362720653
43.26,0.007962366400527738
43.27,0.0075272191503496805
43.28,0.0068994480674372865
43.29,0.006318680932529281
43.3,0.005869951081068734
43.31,0.005679963860403312
43.32,0.005988398469524998
43.33,0.0066011473672363185
43.34,0.00753341981072963
43.35,0.008401783861484713
43.36,0.009080350805971624
43.37,0.009428740745613782
43.38,0.00927869294340453
43.39,0.009024235309935435
43.4,0.008443704693390645
43.41,0.007919175778876438
43.42,0.007585785753667992
43.43,0.007182122883826362
43.44,0.006908365436240384
43.45,0.006670877955629917
43.46,0.006567318616113823
43.47,0.006446216615835674
43.48,0.006474496753341374
43.49,0.006611186722131609
43.5,0.006862690167737165
43.51,0.0070613196629528835
43.52,0.007034914526019039
43.53,0.006872838585957405
43.54,0.0066900664670105515
43.55,0.0065259620373250855
43.56,0.006693751666116293
43.57,0.007072161472340919
43.58,0.007619354875653155
43.59,0.007961820937442758
43.6,0.00789860300817771
43.61,0.007468040654984071
43.62,0.006880705569998824
43.63,0.006485894601072653
43.64,0.006481299128831373
43.65,0.006866872913748705
43.66,0.007490781628613221
43.67,0.007896066112784109
43.68,0.00788411486444037
43.69,0.007425514736680684
43.7,0.006759870175308661
43.71,0.005868197128202338
43.72,0.005408826605053735
43.73,0.0052628814588599184
43.74,0.0056165778136187255
43.75,0.006028774299362269
43.76,0.006661230291161714
43.77,0.007045332187556299
43.78,0.007186302992108372
43.79,0.007073454220041485
43.8,0.006855312793074281
43.81,0.006570106925868969
43.82,0.0066542586662783594
43.83,0.006821694629393567
43.84,0.007204942270799153
43.85,0.00748299473456859
43.86,0.007560946377356916
43.87,0.007323921062989532
43.88,0.006896392589337201
43.89,0.006490897353285298
43.9,0.006081686268145106
43.91,0.005919116550781516
43.92,0.005984005534390263
43.93,0.006061187180108627
43.94,0.006067338798791873
43.95,0.006050502912983091
43.96,0.005777378956006347
43.97,0.005400959621012465
43.98,0.004895650828937468
43.99,0.004655947944793386
44.0,0.004603116066007361
44.01,0.005018881881879292
44.02,0.00579183228183814
44.03,0.006615533986856861
44.04,0.007225914669451893
44.05,0.007526452922884446
44.06,0.0075164726221839066
44.07,0.007374780299499892
44.08,0.007153472654453142
44.09,0.007140304701552713
44.1,0.007268657184212846
44.11,0.007358278011000673
44.12,0.0074929364477601314
44.13,0.007511060350589054
44.14,0.007518658091312816
44.15,0.00756312863963864
44.16,0.007605108532097765
44.17,0.007662123156895722
44.18,0.007705472281887131
44.19,0.007731492142086301
44.2,0.0077972785778035155
44.21,0.007754448035520165
44.22,0.0076199261052214565
44.23,0.0074680154512590784
44.24,0.00738656399308224
44.25,0.007458386014065771
44.26,0.007513597245982371
44.27,0.007608173624380168
44.28,0.007589785760052118
44.29,0.007417723674713426
44.3,0.007045648233159124
44.31,0.006964773450807896
44.32,0.006860783556106757
44.33,0.006853645906653913
44.34,0.00677685050510521
44.35,0.006749378831108588
44.36,0.006400709464851973
44.37,0.005979620814030331
44.38,0.00575695675111967
44.39,0.005985342593106213
44.4,0.006255766666169226
44.41,0.006741253456254402
44.42,0.007030487171297423
44.43,0.00708952876188466
44.44,0.0065797615667873045
44.45,0.005993730651124319
44.46,0.005473631729061989
44.47,0.005084043878409771
44.48,0.0049292125761536895
44.49,0.004999759401143739
44.5,0.0052998629314690866
44.51,0.005554238944748888
44.52,0.005958059356853343
44.53,0.006519706085997841
44.54,0.007019714876648561
44.55,0.007392309861986876
44.56,0.0075822096178873675
44.57,0.007441312495997872
44.58,0.007221118899516783
44.59,0.006886086628854358
44.6,0.006905085986913553
44.61,0.00684695466946118
44.62,0.0068202206658985265
44.63,0.006753152057737687
44.64,0.006650626114033055
44.65,0.006422596581811063
44.66,0.006315013562379813
44.67,0.0063199695123082366
44.68,0.006324123854107942
44.69,0.006138347790025033
44.7,0.006036943269655144
44.71,0.005855981918359269
44.72,0.005837748952205131
44.73,0.005830260274806099
44.74,0.005984822333744314
44.75,0.006068627378569283
44.76,0.0059966060273262
44.77,0.005972169193947202
44.78,0.005896701236933967
44.79,0.00580462192809578
44.8,0.005885393093379612
44.81,0.005899250953354058
44.82,0.005840429728828198
44.83,0.005889842444979574
44.84,0.0058071678749116225
44.85,0.005799812098808818
44.86,0.00599113790202425
44.87,0.006397423608189963
44.88,0.006779687293798025
44.89,0.007149840664965211
44.9,0.007475616797147625
44.91,0.007707195584772467
44.92,0.007681390081619261
44.93,0.007544321641747072
44.94,0.007091547074569759
44.95,0.006412052590750346
44.96,0.005927400428975339
44.97,0.005565574531439601
44.98,0.005499344321192693
44.99,0.00586445551263207
45.0,0.006254375999516891
45.01,0.006652872730306687
45.02,0.006743200730365754
45.03,0.006600197831025398
45.04,0.006263035540263898
45.05,0.005912691919175955
45.06,0.005878121012437705
45.07,0.0059578702035315186
45.08,0.006108638398357426
45.09,0.006364271943114631
45.1,0.006445120958983591
45.11,0.006516455609999192
45.12,0.006494260662213087
45.13,0.006396769081779525
45.14,0.006305534015431413
45.15,0.006155539985598116
45.16,0.006121974070459034
45.17,0.0060044771792907665
45.18,0.005892000470972094
45.19,0.005758354394222282
45.2,0.005683435669899059
45.21,0.005437779218996459
45.22,0.005227947436704904
45.23,0.004945669592561983
45.24,0.004610360703812864
45.25,0.004237472232508598
45.26,0.003984542739587952
45.27,0.0038930621034540757
45.28,0.004053855871072144
45.29,0.004399355249645006
45.3,0.004965209530207385
45.31,0.005434990909240976
45.32,0.005706426381237403
45.33,0.005715471205078276
45.34,0.005511544908926292
45.35,0.00519580700612326
45.36,0.0049681027353651675
45.37,0.004836614684607852
45.38,0.0049539750693154035
45.39,0.00516577251743173
45.4,0.005328283180600754
45.41,0.005410228416079675
45.42,0.005462951231540739
45.43,0.0053496613290325325
45.44,0.0053351699784491185
45.45,0.0054458917728240856
45.46,0.0058789120453104134
45.47,0.006308704401433936
45.48,0.006785345135179898
45.49,0.0070873959396167445
45.5,0.0070170420375523295
45.51,0.0065456464189584986
45.52,0.005985147993526953
45.53,0.005582524926831108
45.54,0.005246670012238122
45.55,0.005227565360458042
45.56,0.005531854843641752
45.57,0.00595519680167805
45.58,0.006372388664865281
45.59,0.0067600324482523086
45.6,0.006868876604325551
45.61,0.0068981471049627055
45.62,0.006579432137401193
45.63,0.006296181360763968
45.64,0.006001303586442524
45.65,0.005940652241476078
45.66,0.005922647414470897
45.67,0.006238869082076957
45.68,0.006510199095913155
45.69,0.00694911540479767
45.7,0.007273274653331571
45.71,0.007971789531012428
45.72,0.008564130005939901
45.73,0.009172913879612048
45.74,0.009502792667810346
45.75,0.009487046594277671
45.76,0.009131157958379056
45.77,0.00875818089679381
45.78,0.008284683105914166
45.79,0.008018225745163218
45.8,0.007774242594373545
45.81,0.007664998533097918
45.82,0.007371011803550998
45.83,0.006984891992789787
45.84,0.006816639230320584
45.85,0.006587681197689728
45.86,0.0066697565322956474
45.87,0.0067687300137512256
45.88,0.006730326826189428
45.89,0.0065132641881954475
45.9,0.006068511907911022
45.91,0.005507390567126985
45.92,0.005252680956537987
45.93,0.00490398735399154
45.94,0.00492852643868437
45.95,0.004986833248425034
45.96,0.005316231920354266
45.97,0.005609530266661599
45.98,0.0058054387274500165
45.99,0.006014783139773552
46.0,0.006164426306099786
46.01,0.006115963126159272
46.02,0.006127026262685628
46.03,0.006054570188335459
46.04,0.006209221951450277
46.05,0.006207853281675868
46.06,0.006333383597751843
46.07,0.006516073533751425
46.08,0.006466520143216387
46.09,0.006500821800278659
46.1,0.006436973024493099
46.11,0.0064247019609433445
46.12,0.006278806419203254
46.13,0.005993351781724228
46.14,0.0058348557470475695
46.15,0.005571179725960226
46.16,0.00545745510034452
46.17,0.005560249889048424
46.18,0.005669031784080822
46.19,0.006038284496293143
46.2,0.006445583125226653
46.21,0.006755635743512592
46.22,0.00702613950825339
46.23,0.007310009993396634
46.24,0.00766061965731448
46.25,0.008085461908086155
46.26,0.00843897271468856
46.27,0.008592066654708137
46.28,0.008548639679131987
46.29,0.008060051302206803
46.3,0.007564460252097179
46.31,0.007031491593780511
46.32,0.00663007060953193
46.33,0.0063335823652544065
46.34,0.006066273791921781
46.35,0.005721758767464933
46.36,0.005245139632278629
46.37,0.004728131006221936
46.38,0.004720094374468055
46.39,0.004887530337583133
46.4,0.005515696043879609
46.41,0.0061013700870200735
46.42,0.006556417752530541
46.43,0.006626008064858921
46.44,0.006590357806389419
46.45,0.006264454617486927
46.46,0.005989817711187426
46.47,0.00580290823939021
46.48,0.005952299428596403
46.49,0.006006306338654109
46.5,0.006206067717749847
46.51,0.006369851769471271
46.52,0.0063014667400782135
46.53,0.006072751070386967
46.54,0.00581440930587085
46.55,0.005383657799355709
46.56,0.004980625776034862
46.57,0.004465008385747194
46.58,0.0041556424676887655
46.59,0.003951800031137347
46.6,0.0037696591633886024
46.61,0.003839407580737707
46.62,0.003995174359853301
46.63,0.0043999360933935795
46.64,0.0047157798526753884
46.65,0.005085467287994918
46.66,0.0053702694803936
46.67,0.005544780996359927
46.68,0.0055295328680516394
46.69,0.0055138394413793215
46.7,0.005409982846293125
46.71,0.005318197586178912
46.72,0.005205594383898063
46.73,0.005217588829361381
46.74,0.0050859642721432586
46.75,0.005088804830440595
46.76,0.005015228293831873
46.77,0.0049851309813415375
46.78,0.005074726604404837
46.79,0.005251374547803898
46.8,0.005370788063101426
46.81,0.00566044968924078
46.82,0.005762424876421251
46.83,0.005995344890684401
46.84,0.006160895840728919
46.85,0.006335242844340693
46.86,0.006435883774974632
46.87,0.006381955278259756
46.88,0.006217258583204432
46.89,0.005924581469237206
46.9,0.005606794603766414
46.91,0.005513348301807503
46.92,0.005414326341414274
46.93,0.005683243309730981
46.94,0.005991246402591429
46.95,0.006298454857415292
46.96,0.006398219934500703
46.97,0.006394996338879991
46.98,0.006320106018768862
46.99,0.0060044149182499505
47.0,0.005863549009100379
47.01,0.0057135856292494765
47.02,0.005490747604243064
47.03,0.005469292003545185
47.04,0.005416673520728718
47.05,0.005471530119534179
47.06,0.0054178788036640104
47.07,0.005556480830342169
47.08,0.005732281324404881
47.09,0.005817548080814858
47.1,0.006110495000857786
47.11,0.006439431506543756
47.12,0.006813991594949049
47.13,0.00719972292212945
47.14,0.00730970953733917
47.15,0.007412395262717815
47.16,0.007022177526621124
47.17,0.00651008418801168
47.18,0.006008575667383268
47.19,0.005445512903422527
47.2,0.005151227957229296
47.21,0.004932817685263199
47.22,0.0048999943240583465
47.23,0.004954090539974183
47.24,0.004910436791002433
47.25,0.004954441403481198
47.26,0.005016643765890437
47.27,0.005093369089941679
47.28,0.005300052084790544
47.29,0.005509632452719558
47.3,0.005646101657129559
47.31,0.005674444055676019
47.32,0.005536612026067798
47.33,0.005241559726892802
47.34,0.0050241366112117065
47.35,0.004910516880998755
47.36,0.004887204677800857
47.37,0.004943260152207532
47.38,0.005071094052159715
47.39,0.005382651846680801
47.4,0.005565441794582806
47.41,0.005676189355440027
47.42,0.005717383661285072
47.43,0.005583271250369144
47.44,0.005239076041118146
47.45,0.0049384191101801075
47.46,0.004712605697068976
47.47,0.004622659210498757
47.48,0.004738002243597165
47.49,0.005022987744741205
47.5,0.005275262148493039
47.51,0.005412795961454749
47.52,0.005446581679897435
47.53,0.005424821455218933
47.54,0.005373079388708945
47.55,0.005430040803888626
47.56,0.005474840218843425
47.57,0.0057437571871601315
47.58,0.005869756481490559
47.59,0.006103058572000845
47.6,0.006040421486484427
47.61,0.00583091857082176
47.62,0.005565557265241975
47.63,0.005341425929777056
47.64,0.005330580350784289
47.65,0.005555927429729337
47.66,0.00587995337864839
47.67,0.006429679509431137
47.68,0.006564534474281077
47.69,0.006802810343674947
47.7,0.006800378742002577
47.71,0.006817319523213793
47.72,0.006777774837591334
47.73,0.006573908164750068
47.74,0.006302153440305429
47.75,0.005865219665125075
47.76,0.005348698409036474
47.77,0.0050251700070234545
47.78,0.004714139846632993
47.79,0.004632120928491636
47.8,0.004716052865597311
47.81,0.0047556543660026524
47.82,0.0048152365361761
47.83,0.00463884377674316
47.84,0.004405593934775077
47.85,0.004264588312318507
47.86,0.004148527929010576
47.87,0.0042605076531811595
47.88,0.004598278793584788
47.89,0.004990987590224975
47.9,0.00558020672084555
47.91,0.0059290656387419255
47.92,0.006036533750271744
47.93,0.006058976507254996
47.94,0.005878124219283948
47.95,0.005858602673352262
47.96,0.005713989702374705
47.97,0.005742797474010757
47.98,0.005693527671654264
47.99,0.00548106928979297
48.0,0.005364857771556115
48.01,0.005215812316857629
48.02,0.004918307942966335
48.03,0.0048949921346036485
48.04,0.004965156320588736
48.05,0.005190724163913944
48.06,0.0054374187413087525
48.07,0.005718777534783342
48.08,0.005887414612911071
48.09,0.0058436839744306895
48.1,0.005752448345325075
48.11,0.0055542389447490416
48.12,0.005390926673451293
48.13,0.00533254922345528
48.14,0.005534475035877386
48.15,0.005687727479235737
48.16,0.005816514685002849
48.17,0.005824280543246296
48.18,0.005625766518689731
48.19,0.005353675957524471
48.2,0.005336973371330366
48.21,0.005513537455129333
48.22,0.0059622453097115625
48.23,0.006486992350875572
48.24,0.007006410417286972
48.25,0.007151787939077134
48.26,0.0071775279743432115
48.27,0.00717485080288488
48.28,0.007216035494549642
48.29,0.007233751003511171
48.3,0.007202896514977347
48.31,0.007010732876605781
48.32,0.006504566622695706
48.33,0.00582019988410905
48.34,0.005435858825262817
48.35,0.005149451444726488
48.36,0.005163173360997629
48.37,0.005285704615437107
48.38,0.005446963756144675
48.39,0.005462296142371981
48.4,0.005232893772453119
48.41,0.0050852217182094685
48.42,0.005046687868762854
48.43,0.005083392558845636
48.44,0.005355778129810938
48.45,0.005658834886923343
48.46,0.005989417805985821
48.47,0.006096560257733201
48.48,0.006175272283411048
48.49,0.00604118186937343
48.5,0.005728912170900531
48.51,0.005363028612192227
48.52,0.004899941677197938
48.53,0.004387879949647355
48.54,0.004104827940511676
48.55,0.0038611672426580907
48.56,0.0038744196179169767
48.57,0.004211588316012211
48.58,0.004911721601175645
48.59,0.005487027985550441
48.6,0.005925622802575465
48.61,0.006300759004049031
48.62,0.006224583311006374
48.63,0.005860540896041516
48.64,0.005749029182690542
48.65,0.005610131583454467
48.66,0.0055186772765607765
48.67,0.005556261027038717
48.68,0.005783200184226686
48.69,0.005911220593411535
48.7,0.005895605580081993
48.71,0.006124489367292995
48.72,0.006105415365495044
48.73,0.00583515773329781
48.74,0.005519419830494811
48.75,0.005128952356689875
48.76,0.004797307631244947
48.77,0.0046651544788200005
48.78,0.004836614684608028
48.79,0.0051041936331324604
48.8,0.0054120882254256155
48.81,0.005668895277619966
48.82,0.005700706278815252
48.83,0.0059933233711529695
48.84,0.006096748848296613
48.85,0.0064931924484963105
48.86,0.006865839517937039
48.87,0.007109937582986159
48.88,0.007106035781064468
48.89,0.006796442128534335
48.9,0.006397266065927474
48.91,0.005918237490386462
48.92,0.005423150799194115
48.93,0.005274031661833298
48.94,0.005076260753968509
48.95,0.004982321635784173
48.96,0.004898081867851818
48.97,0.00478673242744389
48.98,0.00469740981730246
48.99,0.004717310232634956
49.0,0.004957281961778296
49.01,0.005348211039068729
49.02,0.005788907465621712
49.03,0.006286183793865394
49.04,0.006619909093036327
49.05,0.006783515975815536
49.06,0.006631798643097262
49.07,0.006274539813590412
49.08,0.005938771396327967
49.09,0.005562597068362377
49.1,0.005542864770549547
49.11,0.005750615979114722
49.12,0.005892743024906141
49.13,0.006077210036167265
49.14,0.005899360016679168
49.15,0.005618441790888084
49.16,0.005156556369224747
49.17,0.004757976341592053
49.18,0.004613422026490113
49.19,0.004414554899015166
49.2,0.004313238406168435
49.21,0.004124784772308916
49.22,0.0038821048234065477
49.23,0.0036518856541333774
49.24,0.0036145474734415196
49.25,0.003706661600184464
49.26,0.003816753673554419
49.27,0.0038985624025724935
49.28,0.004014335428097986
49.29,0.004053446351689235
49.3,0.004348159208978944
49.31,0.004996476182212551
49.32,0.005795850117177255
49.33,0.0063913863462709535
49.34,0.006808503002961798
49.35,0.006785872769310771
49.36,0.00637812659624339
49.37,0.005971914009981794
49.38,0.005785298586908494
49.39,0.005729955180892869
49.4,0.0057585473171476885
49.41,0.005897773220254477
49.42,0.0059721691939473125
49.43,0.005880986774459832
49.44,0.005695104853898347
49.45,0.005537130608776093
49.46,0.005273380342269072
49.47,0.0049237202145623596
49.48,0.004612515522959558
49.49,0.004442185791928829
49.5,0.004398920526537856
49.51,0.004415949335272202
49.52,0.004549384660141017
49.53,0.004571334038141074
49.54,0.004543040681290011
49.55,0.0045268602829683065
49.56,0.00460551966178576
49.57,0.004649664550329463
49.58,0.00473494092091968
49.59,0.004739316027099391
49.6,0.004744174898082181
49.61,0.004689812076578687
49.62,0.004697273310841678
49.63,0.004672132511037669
49.64,0.004648080960751848
49.65,0.004521315274516251
49.66,0.004319301997328696
49.67,0.00406077107949131
49.68,0.00408886790825187
49.69,0.004272291346762989
49.7,0.004723482887120245
49.71,0.005242246427120614
49.72,0.005604696201084964
49.73,0.005808566080772315
49.74,0.005651703082046415
49.75,0.005352334730886299
49.76,0.005038021914322019
49.77,0.004726683923104629
49.78,0.004616837982278551
49.79,0.004784269777470837
49.8,0.0050827374696760935
49.81,0.005461799158223151
49.82,0.0057585999640078185
49.83,0.006034651944047253
49.84,0.0060254147600387374
49.85,0.005891292734942799
49.86,0.0057122970494718405
49.87,0.005593265610421095
49.88,0.00552179445294472
49.89,0.00566916829054195
49.9,0.005722466503493816
49.91,0.005629182474478204
49.92,0.005488453071789714
49.93,0.005296363116080398
49.94,0.004950118944162053
49.95,0.004676581862637687
49.96,0.004606237011995966
49.97,0.004677571663011396
49.98,0.004882935428100003
49.99,0.005276159037843915
50.0,0.0056651536620494014
50.01,0.005994395354473378
50.02,0.006086226854114101
50.03,0.0061566824447345896
50.04,0.0061073246148547694
50.05,0.005950166606328628
50.06,0.005855845974655263
50.07,0.00566233470231121
50.08,0.005452046598352809
50.09,0.0050481913683436686
50.1,0.0045934941680216565
50.11,0.004297793187011975
50.12,0.004079053087340555
50.13,0.003959591093105232
50.14,0.004045711706185767
50.15,0.004075452146153685
50.16,0.004217571817176248
50.17,0.004368802178245446
50.18,0.004475257929765796
50.19,0.004507702984327935
50.2,0.004543919741685084
50.21,0.004453942042374959
50.22,0.004246244043427889
50.23,0.004000639278309179
50.24,0.0038660082846855557
50.25,0.0037561307328008195
50.26,0.003868545180078721
50.27,0.004170151647227808
50.28,0.004685138753752687
50.29,0.005047781848961097
50.3,0.005354114450236035
50.31,0.00558280587727952
50.32,0.00556577066121128
50.33,0.00548505911287998
50.34,0.005396255085446527
50.35,0.005399816599118305
50.36,0.005516276887628717
50.37,0.005510067175827184
50.38,0.005628989551552861
50.39,0.005648560139180263
50.4,0.005401320098699451
50.41,0.00514089832321511
50.42,0.004699410301032519
50.43,0.0041931381906436475
50.44,0.003682554196192191
50.45,0.003323246404017687
50.46,0.0031627572603802954
50.47,0.0030869109967239824
50.48,0.003071060027788829
50.49,0.003086203260694733
50.5,0.003137637496377955
50.51,0.0032977761748270674
50.52,0.00357305815779653
50.53,0.00415050320901563
50.54,0.0047037537961536905
50.55,0.005128081233821487
50.56,0.00534430603665941
50.57,0.005188678408093137
50.58,0.004998063541394473
50.59,0.004723808546902474
50.6,0.004631210655356369
50.61,0.004705557751792751
50.62,0.004751670950249779
50.63,0.004874853524254014
50.64,0.004851369996690232
50.65,0.004946839494834216
50.66,0.004963433017703333
50.67,0.005031843415260376
50.68,0.005182884623007976
50.69,0.005275864028043024
50.7,0.00531702447705978
50.71,0.005201654000825633
50.72,0.005327739394167803
50.73,0.005587229462396595
50.74,0.005844962377270217
50.75,0.006271779908046958
50.76,0.00650806587532635
50.77,0.0066037599074546685
50.78,0.00652028108516999
50.79,0.006260325081093766
50.8,0.0060053214217810616
50.81,0.005691772757710694
50.82,0.005385931296007604
50.83,0.00510290505335445
50.84,0.004725756383771828
50.85,0.004373093026506129
50.86,0.004004716167842537
50.87,0.0038868271879282756
50.88,0.003885327856269281
50.89,0.004175973438205909
50.9,0.004640647169624272
50.91,0.005078334920360196
50.92,0.005686659265518881
50.93,0.0062838360517930075
50.94,0.006601648120988296
50.95,0.006774332001425187
50.96,0.006846078815912433
50.97,0.007019993734146662
50.98,0.007041164063654051
50.99,0.006920714913133288
51.0,0.006963036088570561
51.01,0.006518570603310858
51.02,0.005993541497802475
51.03,0.005409454649404906
51.04,0.004786234880537814
51.05,0.004353062512046603
51.06,0.004024259312334127
51.07,0.0039117303554735096
51.08,0.0038234201053418955
51.09,0.0036121196413737623
51.1,0.0037554504399078333
51.11,0.003887758895184199
51.12,0.004248591222742163
51.13,0.004692877168860603
51.14,0.004803711233406807
51.15,0.0047184354255742
51.16,0.004362623679184213
51.17,0.004079875731271338
51.18,0.0038861995418955383
51.19,0.003940587567123566
51.2,0.004467498478856429
51.21,0.005072953861505613
51.22,0.005420261363640488
51.23,0.005504522167374746
51.24,0.005200185881906928
51.25,0.004610360703812957
51.26,0.00394477351998177
51.27,0.0034408275531049616
51.28,0.00309907299694897
51.29,0.002956540201378628
51.3,0.002903078038829722
51.31,0.003020795694378086
51.32,0.0031094316042921404
51.33,0.0031630028301660334
51.34,0.0032981056042134314
51.35,0.003474806194473313
51.36,0.0037228946453669648
51.37,0.0041184934403186435
51.38,0.0045284470793927785
51.39,0.004804090102807074
51.4,0.005089873606914485
51.41,0.0051658283711375754
51.42,0.005184489248387618
51.43,0.005012027257846571
51.44,0.005016401402949828
51.45,0.0049708732161640465
51.46,0.004930547958215301
51.47,0.004893083283561377
51.48,0.004852108382701377
51.49,0.004676644123677831
51.5,0.004610931933381046
51.51,0.004504066662478025
51.52,0.0044561807211215875
51.53,0.004436777289937455
51.54,0.0044016287462967365
51.55,0.004429201147773231
51.56,0.004531182742287826
51.57,0.004597129927114105
51.58,0.00461968270849885
51.59,0.004758305770978954
51.6,0.004810132095407862
51.61,0.004956077241601421
51.62,0.004857195392833827
51.63,0.004969500378468332
51.64,0.004900246301178993
51.65,0.0048293674090726406
51.66,0.004647668234522987
51.67,0.004539870295287952
51.68,0.0042622131271106405
51.69,0.0040651151373701806
51.7,0.003779499750781841
51.71,0.0036454083756678845
51.72,0.003618435209653256
51.73,0.0037736211450201855
51.74,0.004277756265218374
51.75,0.004949820727515082
51.76,0.005485444395972487
51.77,0.006007787841358152
51.78,0.006060399354082954
51.79,0.00590108011271802
51.8,0.005542539110767204
51.81,0.005106484395981741
51.82,0.004769294662084483
51.83,0.004577916212008335
51.84,0.004456541198808428
51.85,0.004402991571494373
51.86,0.004400041949872075
51.87,0.004421686703891656
51.88,0.0043290893751036195
51.89,0.004292903267728831
51.9,0.004204130288596039
51.91,0.004085204706024012
51.92,0.0039990524818849255
51.93,0.004062112306129488
51.94,0.004147578392798952
51.95,0.004291043458382498
51.96,0.004556516465017283
51.97,0.004765987769621432
51.98,0.004873837957398316
51.99,0.005022416515172996
52.0,0.005065492627242515
52.01,0.004944846948631503
52.02,0.004705011725949169
52.03,0.00436601386849
52.04,0.0039008005185615334
52.05,0.00346857127894713
52.06,0.0030482099908340143
52.07,0.0026747186789029018
52.08,0.0024782325812118967
52.09,0.0025132972652520454
52.1,0.002657333560403843
52.11,0.0030089593539353817
52.12,0.003497274155180585
52.13,0.003940569738167552
52.14,0.004225744955390758
52.15,0.004537166243450715
52.16,0.004802341033438909
52.17,0.004939571183496599
52.18,0.005106075439356299
52.19,0.0052840646093939465
52.2,0.005217760153726983
52.21,0.004845824988238119
52.22,0.004499120326729847
52.23,0.004095401040423586
52.24,0.003695669502231791
52.25,0.0034543038995896434
52.26,0.0034160156199288757
52.27,0.0034674288198102378
52.28,0.003576039390477043
52.29,0.0038147009412827465
52.3,0.004185949969302283
52.31,0.004358226974444595
52.32,0.004499176743194599
52.33,0.004378645972484881
52.34,0.004159985962809935
52.35,0.003791798257467847
52.36,0.0036652739730956693
52.37,0.0038696408369311708
52.38,0.004269366530546731
52.39,0.004751776806728898
52.4,0.005119309422902155
52.41,0.005169328186526705
52.42,0.005003202800067711
52.43,0.004654060692311164
52.44,0.004303258105468051
52.45,0.003929577640215699
52.46,0.0036145296444864356
52.47,0.003561939167563542
52.48,0.0035807401564393274
52.49,0.0036959677188785
52.5,0.0037968848692804614
52.51,0.003827829631107114
52.52,0.003772398595887138
52.53,0.0035740430746698335
52.54,0.0033857785941315884
52.55,0.0034036881399146734
52.56,0.0034541980431113564
52.57,0.003823367458481105
52.58,0.004239111675793459
52.59,0.004414281886093509
52.6,0.004479717458303808
52.61,0.004247451970451554
52.62,0.004038250471922851
52.63,0.003714365197387233
52.64,0.0036075516122681104
52.65,0.003722077846012187
52.66,0.003952616830491386
52.67,0.004274537400278517
52.68,0.004648925203241823
52.69,0.004666121566737976
52.7,0.004636952356338455
52.71,0.004579996785735123
52.72,0.00472714608934815
52.73,0.004988055797558005
52.74,0.005553741960600773
52.75,0.006164069433577637
52.76,0.006706716406344217
52.77,0.006926981041399158
52.78,0.00693411284627577
52.79,0.00659268394990205
52.8,0.0060538098054459906
52.81,0.005467897567288477
52.82,0.004870148988688215
52.83,0.004270624460342297
52.84,0.003936274721984716
52.85,0.0037850754092165306
52.86,0.0037928880697442116
52.87,0.004013870055008651
52.88,0.004351640632654457
52.89,0.004488163046682787
52.9,0.004442404481336442
52.91,0.004381020594934896
52.92,0.004209622650187718
52.93,0.0038895354076873266
52.94,0.003802811953979941
52.95,0.003802187514793384
52.96,0.0038754351847734444
52.97,0.004085204706023813
52.98,0.004442294855253257
52.99,0.0047815130787738636
53.0,0.004972208598226597
53.01,0.004983771925747366
53.02,0.004786788843908434
53.03,0.004483731524038364
53.04,0.004312386226151579
53.05,0.00425542481097181
53.06,0.004433712760413656
53.07,0.004909619991647994
53.08,0.005327140721463767
53.09,0.005900337558783831
53.1,0.006248985724799495
53.11,0.006491335845996947
53.12,0.006511488238449375
53.13,0.006255381952192424
53.14,0.00582069743101531
53.15,0.0053271059035589225
53.16,0.004873020595285905
53.17,0.00470098972268743
53.18,0.0044819807780167534
53.19,0.004615254392700092
53.2,0.004500135893585827
53.21,0.004255155567653895
53.22,0.004041420857924859
53.23,0.003971339406024431
53.24,0.004114558901822061
53.25,0.004500017216080579
53.26,0.005053519780338834
53.27,0.005658158363633896
53.28,0.005945743021212045
53.29,0.006052195565885967
53.3,0.0058630868428573985
53.31,0.005485335332647811
53.32,0.0050865102979869466
53.33,0.0048167142692750855
53.34,0.004570371118144956
53.35,0.004367979534314644
53.36,0.0042073845341984205
53.37,0.004051810115250312
53.38,0.003986644911873634
53.39,0.003972759046005681
53.4,0.004116527774493302
53.41,0.004412098656376191
53.42,0.004676066486775774
53.43,0.00498606325135491
53.44,0.005064151400604182
53.45,0.004899097434707915
53.46,0.004634086594316638
53.47,0.004206667183989236
53.48,0.003989898594718947
53.49,0.0038651292242905394
53.5,0.003750691018069485
53.51,0.0038075164895461054
53.52,0.0037673684005392087
53.53,0.0036532832972364904
53.54,0.003492486322772198
53.55,0.003305535625736213
53.56,0.0032720851812562315
53.57,0.003228683409404313
53.58,0.00319582939821717
53.59,0.0031229079507773825
53.6,0.002903078038829933
53.61,0.0028162455217975967
53.62,0.0027455347472107694
53.63,0.0029454642438259612
53.64,0.003407104095703313
53.65,0.0037747457752017673
53.66,0.00404445850707088
53.67,0.004157611340360393
53.68,0.004018574027817046
53.69,0.0038187994293762293
53.7,0.0036086730356031625
53.71,0.003813281301302018
53.72,0.0040533937048287255
53.73,0.004336848826012895
53.74,0.004638707270282035
53.75,0.004589153879746983
53.76,0.00419882764308339
53.77,0.0037490515747847053
53.78,0.003220153398667392
53.79,0.0029296407180267148
53.8,0.0027767745188376383
53.81,0.0030020999992232053
53.82,0.0033687325191996548
53.83,0.0035928784831323565
53.84,0.003845562406267146
53.85,0.003859311202916541
53.86,0.003773295485238527
53.87,0.003807596579542666
53.88,0.003785755702109789
53.89,0.0039653290244830485
53.9,0.004076107235322336
53.91,0.004225257022665162
53.92,0.004262974072757631
53.93,0.004038930764815956
53.94,0.0038189707537416083
53.95,0.003579376932922668
53.96,0.0034019373938938093
53.97,0.003554033596012665
53.98,0.0038266737881864506
53.99,0.004246138186948958
54.0,0.0045141834696394885
54.01,0.004727861762903771
54.02,0.004711954377504121
54.03,0.004603743712040081
54.04,0.004412449519883034
54.05,0.004420047260606941
54.06,0.004406658941645011
54.07,0.004348821672916564
54.08,0.004285442033465795
54.09,0.004072989496180697
54.1,0.0037001010248764554
54.11,0.0033243151804917023
54.12,0.002937571493301524
54.13,0.0026411843748222804
54.14,0.002352420200791434
54.15,0.0023814487368074076
54.16,0.0024036436845933182
54.17,0.0024007720779952338
54.18,0.002509010186595202
54.19,0.0024713457833631935
54.2,0.002306723896485875
54.21,0.002265833253545068
54.22,0.0023082010668276365
54.23,0.002586544935232297
54.24,0.002845598040942488
54.25,0.0032307049289362513
54.26,0.0035954524358419336
54.27,0.0041342385527748104
54.28,0.004717415526356007
54.29,0.005219716205371852
54.3,0.005661003089853853
54.31,0.005891305555969826
54.32,0.0057416807813571715
54.33,0.005670171036371644
54.34,0.0055376975059826285
54.35,0.005450869321312011
54.36,0.005328728080645864
54.37,0.005242113127505441
54.38,0.004980734839359624
54.39,0.004423652369716421
54.4,0.003996704739812785
54.41,0.0037940675861965925
54.42,0.0036257851411799756
54.43,0.003710732645141661
54.44,0.0038803288736607134
54.45,0.0040519992685719335
54.46,0.004209974076452209
54.47,0.0043678430278536046
54.48,0.004463865926610331
54.49,0.0043532806386963495
54.5,0.004171739006409614
54.51,0.004236157886248107
54.52,0.00440432902852844
54.53,0.004699238976666276
54.54,0.0050913765437380935
54.55,0.005382246096901029
54.56,0.005274883841849863
54.57,0.004993713638938953
54.58,0.0045493808905364835
54.59,0.0041430103636939004
54.6,0.003928624334400564
54.61,0.0039050075072220893
54.62,0.0039756876318266555
54.63,0.003972380739363414
54.64,0.0041058435073680725
54.65,0.004244032807816991
54.66,0.004446691559992883
54.67,0.004659504574965147
54.68,0.004780448071903973
54.69,0.004660467494960652
54.7,0.00450715279056136
54.71,0.004313371143025457
54.72,0.004170995889718091
54.73,0.004025706395451117
54.74,0.004136894125673603
54.75,0.004235370060223159
54.76,0.004602156915616072
54.77,0.00484773367484083
54.78,0.005382018356071182
54.79,0.005693636734979204
54.8,0.005811677412579842
54.81,0.005624131243327581
54.82,0.005200479930630574
54.83,0.00457444800767845
54.84,0.0040936993360985606
54.85,0.003803634597910648
54.86,0.003933104335982584
54.87,0.003949205042626262
54.88,0.004156595773504384
54.89,0.004222825983751356
54.9,0.0044321566139717645
54.91,0.00450928601114794
54.92,0.004739579425841001
54.93,0.005025152178067488
54.94,0.005265316267378283
54.95,0.00552477568562497
54.96,0.005716420741289002
54.97,0.005712406112796629
54.98,0.005661601762557913
54.99,0.005301176714971543
55.0,0.005031324832553153
55.01,0.004601747396233294
55.02,0.004312768302398781
55.03,0.004085974703094383
55.04,0.003974948284738806
55.05,0.00407889554507811
55.06,0.004188107995295147
55.07,0.004209266340423169
55.08,0.004397526653038656
55.09,0.0043544014992733995
55.1,0.004515626384833818
55.11,0.004460282814379064
55.12,0.0044984336265024485
55.13,0.004369870954719412
55.14,0.0041394868747731
55.15,0.003785545512986141
55.16,0.0033649286425881885
55.17,0.0029841436511559615
55.18,0.003007918020597385
55.19,0.003054000569072429
55.2,0.0034284763995589156
55.21,0.003700927438411496
55.22,0.0038108265888558905
55.23,0.0038127358382161565
55.24,0.003735491368699176
55.25,0.003799585151513214
55.26,0.003934089252856247
55.27,0.0040449765270208216
55.28,0.004094477270695498
55.29,0.003783328432799383
55.3,0.003320489705320844
55.31,0.0027387286021166232
55.32,0.00237166135903276
55.33,0.0023048383206578167
55.34,0.0026163902706027044
55.35,0.0030737118310835286
55.36,0.003578008263148709
55.37,0.0038546420480131596
55.38,0.0038670180069655113
55.39,0.0037584568763130784
55.4,0.003697718464899926
55.41,0.0036311936431712767
55.42,0.003807978655789255
55.43,0.00406733542440335
55.44,0.004255652551802088
55.45,0.004198194152474305
55.46,0.004063752312172215
55.47,0.0038147315912653683
55.48,0.0034975165181208405
55.49,0.0033524372129771574
55.5,0.003372420925152201
55.51,0.0034125163672986012
55.52,0.00331379262355169
55.53,0.003391635203015024
55.54,0.003294280129042345
55.55,0.00309237591517978
55.56,0.0030033579290189025
55.57,0.002932677804414314
55.58,0.0028958898174889012
55.59,0.00291198635620999
55.6,0.0030068571816499077
55.61,0.003195856841353376
55.62,0.00328790870705559
55.63,0.003532255542378617
55.64,0.003941168410872341
55.65,0.0042078719041667555
55.66,0.004584639060260415
55.67,0.004846784138630072
55.68,0.00492213662498444
55.69,0.004701186813536388
55.7,0.004382110407211488
55.71,0.0039627082694897895
55.72,0.003533236291329959
55.73,0.00304113083281828
55.74,0.002905400014419538
55.75,0.002678522555514431
55.76,0.002637243991750156
55.77,0.002834993863812961
55.78,0.0031671007555012175
55.79,0.0035197114659065243
55.8,0.0038734952854306867
55.81,0.004077557525285818
55.82,0.004101745582032633
55.83,0.0038480460920419213
55.84,0.0035040496502928135
55.85,0.003409944654000442
55.86,0.00327823623718173
55.87,0.003495625097715876
55.88,0.0037614907558541897
55.89,0.004000778991616323
55.9,0.004005322778073227
55.91,0.003794667789093432
55.92,0.003505390876930997
55.93,0.00335451361878027
55.94,0.0032240315206986483
55.95,0.003613976243873321
55.96,0.003984217079805874
55.97,0.0044018216692221016
55.98,0.004590411809542643
55.99,0.004467989618428123
56.0,0.0040742474259762105
56.01,0.0035116473910165994
56.02,0.003093608078492956
56.03,0.002821899593574737
56.04,0.002782375943754354
56.05,0.003086665426937992
56.06,0.003492243959832555
56.07,0.0038836083229882488
56.08,0.004161352955930716
56.09,0.004136211593368723
56.1,0.0039237870619774256
56.11,0.0035266541174617952
56.12,0.0032139184831413955
56.13,0.0030418660119832784
56.14,0.0030020999992232357
56.15,0.003180005872418081
56.16,0.0033083277050956657
56.17,0.0034457776584568985
56.18,0.003521052692544738
56.19,0.0035623738906703554
56.2,0.003644235266548787
56.21,0.0038502315611702847
56.22,0.004058150887254973
56.23,0.004185869879305723
56.24,0.0041883325292788485
56.25,0.004185624309519896
56.26,0.003984406233126955
56.27,0.0038409943771618316
56.28,0.003745362606074608
56.29,0.0038335637928811625
56.3,0.003977736594493851
56.31,0.004303776688175733
56.32,0.004658383151630361
56.33,0.004956819795534966
56.34,0.0051503036247431706
56.35,0.005289666034311176
56.36,0.005264903541149837
56.37,0.005092409939550261
56.38,0.004803708026560298
56.39,0.004424615289712404
56.4,0.00415782793681729
56.41,0.004012419202286935
56.42,0.00405486182374726
56.43,0.004285767693247594
56.44,0.004558050614580465
56.45,0.004905658572773441
56.46,0.0051304558562710895
56.47,0.005249812955104273
56.48,0.005275671667875954
56.49,0.005154075890296209
56.5,0.0051850700921371755
56.51,0.004944763089031249
56.52,0.004808430391082194
56.53,0.004685635737901362
56.54,0.004553482585476379
56.55,0.004439727872636388
56.56,0.0043770802118629475
56.57,0.004206729445030138
56.58,0.004077224490734533
56.59,0.003977081505324912
56.6,0.004247360736081756
56.61,0.004399905443411065
56.62,0.004626131582751403
56.63,0.004688400374124298
56.64,0.004653818892129383
56.65,0.004509422517608843
56.66,0.004392738257872021
56.67,0.004374540109622922
56.68,0.004457196287977268
56.69,0.004380940504938228
56.7,0.004268386344353138
56.71,0.0038492508122194213
56.72,0.003468325709161307
56.73,0.0031405623125941723
56.74,0.0029538571853442402
56.75,0.0029702057011852
56.76,0.003050588382887845
56.77,0.0030928728993276132
56.78,0.0033146643091774646
56.79,0.0035543940736995163
56.8,0.004030375550354075
56.81,0.004430956061716574
56.82,0.004735049984244756
56.83,0.004775123827831579
56.84,0.004445605517320746
56.85,0.003890740127864684
56.86,0.0035831986384897846
56.87,0.0034043120163436873
56.88,0.003619441162329308
56.89,0.0040968518931453176
56.9,0.004430822762102336
56.91,0.004535310203709292
56.92,0.004313238406168744
56.93,0.003965847044433327
56.94,0.003492104246525625
56.95,0.0030825885374051215
56.96,0.003016672002561245
56.97,0.003062750383113427
56.98,0.003171774641085414
56.99,0.0034335592417676984
57.0,0.00385113806470167
57.01,0.004151816992517926
57.02,0.004335507599374858
57.03,0.004381816358487571
57.04,0.004244691103832195
57.05,0.0038777613282855324
57.06,0.0035492489704501548
57.07,0.003445339165745455
57.08,0.0034977363214240523
57.09,0.0034937474594139636
57.1,0.0037312881496429323
57.11,0.003899406082305093
57.12,0.004005287397410824
57.13,0.0039380764382128085
57.14,0.0038698063167207477
57.15,0.0037620399885441823
57.16,0.0034401762335401066
57.17,0.00312869852901538
57.18,0.0027609235499022134
57.19,0.002360514925663404
57.2,0.0021628241077951945
57.21,0.002208436552500313
57.22,0.002418206073751009
57.23,0.0028792962946198536
57.24,0.003453490307082531
57.25,0.004093545000682371
57.26,0.004495457124502828
57.27,0.004641436525843497
57.28,0.004505166088935092
57.29,0.004131863930325184
57.3,0.0038912022941080867
57.31,0.003924680181723883
57.32,0.004186139122623863
57.33,0.004564527893046634
57.34,0.004798545094355001
57.35,0.0049489802546297005
57.36,0.0047243619475156005
57.37,0.004352643378483829
57.38,0.004003700600986719
57.39,0.0038635456347126244
57.4,0.0038189707537418247
57.41,0.0038311269093905136
57.42,0.003890032391835497
57.43,0.0038289156737797386
57.44,0.00361146511496258
57.45,0.0035116473910169416
57.46,0.003365478273597107
57.47,0.003308926377800064
57.48,0.003162866323705088
57.49,0.00326197214369884
57.5,0.0032386599405007602
57.51,0.003349266826974396
57.52,0.0037102415055696018
57.53,0.0040475403027918095
57.54,0.004512922332997424
57.55,0.004885348638058311
57.56,0.0050568298796481725
57.57,0.004924788991035979
57.58,0.004545062200821112
57.59,0.004108358804200958
57.6,0.00366508481977381
57.61,0.0033895298238824987
57.62,0.0034219427046282224
57.63,0.0035092163521021637
57.64,0.0038428541865080123
57.65,0.004202406985710595
57.66,0.0045809500915498695
57.67,0.00468781953037565
57.68,0.004701652186625331
57.69,0.004347542707318792
57.7,0.004005942486579377
57.71,0.003569972029713141
57.72,0.003382881221051502
57.73,0.0034654599471395484
57.74,0.0036574902858966148
57.75,0.0038641215949612555
57.76,0.0039014281645944593
57.77,0.003610949739100897
57.78,0.0031282111590478765
57.79,0.002445949799593249
57.8,0.002017415373265249
57.81,0.0017459272544083594
57.82,0.0017505479303739672
57.83,0.0020331862522039792
57.84,0.0023083106929106395
57.85,0.0025161984079368855
57.86,0.0025437492108536775
57.87,0.0026087398830182216
57.88,0.0026743892495164233
57.89,0.002837859625834591
57.9,0.0031557619619641134
57.91,0.0034155534536855167
57.92,0.003585501108469367
57.93,0.003655248963060715
57.94,0.003693567329945865
57.95,0.0037713266125666135
57.96,0.003754379986779276
57.97,0.003913018935250741
57.98,0.004001220122057336
57.99,0.003929304627293161
58.0,0.003785101175698201
58.01,0.0036434959194608764
58.02,0.0035713444690911597
58.03,0.0034302523493041346
58.04,0.0033502517438482263
58.05,0.0033430941724894117
58.06,0.0031660673596896048
58.07,0.0031008495094524257
58.08,0.0031251460667663976
58.09,0.0032306485124715136
58.1,0.003252980529476265
58.11,0.003233822668077838
58.12,0.00308765355065793
58.13,0.002721347253221648
58.14,0.0025272357779807524
58.15,0.0024334326034995963
58.16,0.0024931770466164248
58.17,0.002817749021379504
58.18,0.0032614567678377476
58.19,0.003578312887129245
58.2,0.0036766739137774774
58.21,0.003756925933595521
58.22,0.0036479548852416223
58.23,0.0033902939763766713
58.24,0.0032216568982489295
58.25,0.0029744126898455354
58.26,0.002737968219226845
58.27,0.0024802541007436433
58.28,0.002461366045420912
58.29,0.002450597918694648
58.3,0.002562220372024361
58.31,0.0027634700594760275
58.32,0.0029053725712835203
58.33,0.003051191223515141
58.34,0.003148132610182335
58.35,0.0031467697849843356
58.36,0.0032119533800744936
58.37,0.003167896519053722
58.38,0.0033382004836021353
58.39,0.003434900468405968
58.4,0.003652267730380376
58.41,0.003743040630485024
58.42,0.003745419022538994
58.43,0.0035362523419151673
58.44,0.003246692404331816
58.45,0.0029930519685356406
58.46,0.0027842883999607453
58.47,0.0026897254053476114
58.48,0.002864733905462206
58.49,0.0029910062127145925
58.5,0.0032205886845324315
58.51,0.003384881704781265
58.52,0.003568472299735687
58.53,0.003786662768398566
58.54,0.0038909856976507133
58.55,0.004086791502448306
58.56,0.004238949965608137
58.57,0.004159576443427322
58.58,0.004268848510596721
58.59,0.004212902099515075
58.6,0.004045302186802936
58.61,0.003892218423721557
58.62,0.003591238477089493
58.63,0.003417599209507109
58.64,0.003210230077188875
58.65,0.0031718579379276675
58.66,0.003259541104784355
58.67,0.0032884272897632863
58.68,0.003521052692544827
58.69,0.0036815418361821994
58.7,0.0038077056428673247
58.71,0.0040382504719229115
58.72,0.004154111524971381
58.73,0.004176632695297546
58.74,0.004081572153778508
58.75,0.003963226852197279
58.76,0.0037335262656319665
58.77,0.0035479700048526965
58.78,0.0034141558105833364
58.79,0.003239178523208777
58.8,0.0031350173041419767
58.81,0.003040009409483368
58.82,0.0029934340447829344
58.83,0.0030159020054907684
58.84,0.0030673710590787572
58.85,0.0030691475715822784
58.86,0.0030642538826946984
58.87,0.003072590407748469
58.88,0.003087236656506184
58.89,0.0031614160337417015
58.9,0.003317182812857388
58.91,0.0034120542010551065
58.92,0.0033412907796079175
58.93,0.0032235167075950477
58.94,0.0031198176547715174
58.95,0.0029189816546254005
58.96,0.002901491242405556
58.97,0.0029025068092614083
58.98,0.0028873635763554837
58.99,0.002888947165933538
59.0,0.002860191080081626
59.01,0.0028421820851540305
59.02,0.0028477308632104555
59.03,0.0028211117675492957
59.04,0.002847594356749565
59.05,0.0027764488590553324
59.06,0.002663950552176807
59.07,0.002804545687815837
59.08,0.0029252165701513164
59.09,0.003250570526363762
59.1,0.003550243501504515
59.11,0.003705842163100758
59.12,0.003707541223337814
59.13,0.003621546541461553
59.14,0.003429215183888794
59.15,0.0033478165370113564
59.16,0.0031241126709548226
59.17,0.0030347374139529652
59.18,0.0027255332060799053
59.19,0.002354006997215847
59.2,0.0020711231055999214
59.21,0.0020127946972996317
59.22,0.002147786168610507
59.23,0.002639843148184336
59.24,0.003021920324559451
59.25,0.003233497008295759
59.26,0.003318524602253661
59.27,0.003111071047576826
59.28,0.0030425737480121525
59.29,0.0030155199292433194
59.3,0.0032223952842597506
59.31,0.0035554102033132718
59.32,0.003740823550297699
59.33,0.0038673752778060387
59.34,0.003865322147215964
59.35,0.0036964120561664903
59.36,0.0036348299650211194
59.37,0.0035322555423785524
59.38,0.003556064729724755
59.39,0.0034401762335403104
59.4,0.003372856211017088
59.41,0.003441979626421716
59.42,0.0033986305014302703
59.43,0.00347556714012045
59.44,0.003663396334793535
59.45,0.0038787979309431787
59.46,0.003973775175619685
59.47,0.004071648269542184
59.48,0.004006029951344527
59.49,0.00379264626956173
59.5,0.0034551829599848093
59.51,0.0032970368277386655
59.52,0.003275717733501518
59.53,0.003415052699933617
59.54,0.003738283448058239
59.55,0.0040202978934595415
59.56,0.004072338176615923
59.57,0.003964866858239675
59.58,0.0035708726886677943
59.59,0.0031959094882136893
59.6,0.0030126225561635488
59.61,0.002935848190416712
59.62,0.00311312057300257
59.63,0.003297832591291717
59.64,0.0034314044226214243
59.65,0.0034659510867114584
59.66,0.0034509970071268984
59.67,0.0033535054266932702
59.68,0.0032168470689616893
59.69,0.0030274126861508177
59.7,0.0028925829250254485
59.71,0.0027922998279902946
59.72,0.002832394707378855
59.73,0.0030122130367803857
59.74,0.003293075408864734
59.75,0.00349361095295297
59.76,0.0036411212970111585
59.77,0.003755422996771331
59.78,0.003686488171930314
59.79,0.0035464922717533963
59.8,0.0035424524395364933
59.81,0.0035159166407180377
59.82,0.0034490845509206726
59.83,0.0034147802497701807
59.84,0.003351539760868774
59.85,0.0032338501112141173
59.86,0.0029322688477893444
59.87,0.0028062941944254896
59.88,0.0026131149891977135
59.89,0.0024637970843352083
59.9,0.0024117077594832752
59.91,0.002496623652386444
59.92,0.002671716410420158
59.93,0.0029382792293311134
59.94,0.003433450178442537
59.95,0.003885709932516152
59.96,0.004157909557006274
59.97,0.004738851082501232
59.98,0.005085549866824233
59.99,0.0028049286074245394
60.0,0.0
