# Name: Feat 5-Feat 4
# Variable_type: slip rate
# Unit: m/ky
0.0,0.0
0.01,0.00022561158978979086
0.02,0.0006662071784901489
0.03,0.0009452254321458434
0.04,0.0010153951951123324
0.05,0.0010328327780963968
0.06,0.0009668546722601699
0.07,0.0007938442974250523
0.08,0.0006466085061911006
0.09,0.0005217039356474049
0.1,0.0005010959998189749
0.11,0.0005265975733535968
0.12,0.000598313550556572
0.13,0.000694577805449251
0.14,0.0007732363615966226
0.15,0.0008194823759929466
0.16,0.000842521325310487
0.17,0.0008751019828227771
0.18,0.0009514660305143098
0.19,0.001033158434472775
0.2,0.0011837010835843642
0.21,0.0013866929866814192
0.22,0.0016634814189476243
0.23,0.001880573397489453
0.24,0.002079793074486477
0.25,0.0023430526549019204
0.26,0.0024364447704777028
0.27,0.002497718952702794
0.28,0.0024607416364346765
0.29,0.002492337387374077
0.3,0.0025369966219418484
0.31,0.002565798646087062
0.32,0.00275898223818987
0.33,0.0028818685171570135
0.34,0.0028158629684718766
0.35,0.002746956870196175
0.36,0.0025721700014374464
0.37,0.0024958333965948236
0.38,0.0024231582790318336
0.39,0.002511467605558316
0.4,0.002946150780980323
0.41,0.0034369134852538256
0.42,0.00415146574254787
0.43,0.004769217338895938
0.44,0.005360566313859933
0.45,0.005644711008049411
0.46,0.0056265244716303025
0.47,0.005451713360476968
0.48,0.005249046152689973
0.49,0.005108595399785279
0.5,0.00528340330412587
0.51,0.005559509211225713
0.52,0.006087034876963307
0.53,0.006625468666967493
0.54,0.007284348108369926
0.55,0.00788938443686614
0.56,0.008509594489552227
0.57,0.009171240214899934
0.58,0.009635710321040037
0.59,0.010073610651101145
0.6,0.010706941717174208
0.61,0.01114553138434153
0.62,0.011391814429298474
0.63,0.011639223206558405
0.64,0.011548485510603605
0.65,0.011394027318418867
0.66,0.011085123995177136
0.67,0.01080306305976658
0.68,0.010418625458616635
0.69,0.009922065266647552
0.7,0.009566043285075267
0.71,0.009346423215113987
0.72,0.009682274054368981
0.73,0.010520073064547254
0.74,0.011498160005251942
0.75,0.012669435819822581
0.76,0.013586873562090113
0.77,0.013843265769271132
0.78,0.013855774897008297
0.79,0.013786169558681205
0.8,0.014014985086562156
0.81,0.014240716447127613
0.82,0.014713358644936322
0.83,0.015388896498191812
0.84,0.015722366332565175
0.85,0.015833926319152432
0.86,0.015977826842235077
0.87,0.016204846921919386
0.88,0.016581830899611707
0.89,0.01692551423938231
0.9,0.017236368421496808
0.91,0.01719852126979285
0.92,0.0166886503439833
0.93,0.016382412457191815
0.94,0.016561671741548475
0.95,0.01736049353540315
0.96,0.018485226652226693
0.97,0.020019793246442336
0.98,0.021445789105823725
0.99,0.022463083353496508
1.0,0.023261212040680285
1.01,0.024068264417028497
1.02,0.024699249858512597
1.03,0.02504829917423078
1.04,0.025002466280061385
1.05,0.024880509207362317
1.06,0.02442846533130225
1.07,0.02443605337848431
1.08,0.025103639908500744
1.09,0.025978115383717346
1.1,0.026945111291641823
1.11,0.028045364512926003
1.12,0.02890969471207789
1.13,0.029769237293332758
1.14,0.03002023107384066
1.15,0.030468091842961727
1.16,0.03095151053709408
1.17,0.03152542357205869
1.18,0.03241924040709235
1.19,0.033752291292036864
1.2,0.03497985822177443
1.21,0.03552079671877923
1.22,0.03531656889569094
1.23,0.03461455792799415
1.24,0.03354235848663145
1.25,0.032588729006493844
1.26,0.032298250981307446
1.27,0.033047889586212235
1.28,0.03398606952995348
1.29,0.03500251843008161
1.3,0.03609252974731468
1.31,0.036536108606300265
1.32,0.03679958590641162
1.33,0.036400613477604864
1.34,0.03639035554058716
1.35,0.03684893415076943
1.36,0.03725173952021613
1.37,0.03836176427471377
1.38,0.03905459776607775
1.39,0.03893994640192075
1.4,0.038815530468210825
1.41,0.03786385797506507
1.42,0.038012418148217465
1.43,0.03939805782819745
1.44,0.04180422006110425
1.45,0.04515559260196689
1.46,0.04853801110516823
1.47,0.05111539522837408
1.48,0.05304481813883719
1.49,0.05377011328257417
1.5,0.055131565600464685
1.51,0.05547478272565693
1.52,0.055310954723320246
1.53,0.05515921460417813
1.54,0.054627915067453445
1.55,0.054361633288247335
1.56,0.055303624480518745
1.57,0.05667993389216007
1.58,0.05840652172757101
1.59,0.06002998670067631
1.6,0.06119528279459773
1.61,0.06161612789117132
1.62,0.06170584445390462
1.63,0.06222327169174043
1.64,0.06253027508241436
1.65,0.06309147413946857
1.66,0.063919136362158
1.67,0.065542507047853
1.68,0.06736841982605488
1.69,0.06926485029386599
1.7,0.0708412544239057
1.71,0.07106522018294899
1.72,0.06966207199496205
1.73,0.06779557790822265
1.74,0.06621764136131005
1.75,0.0660505304355496
1.76,0.0670232250829617
1.77,0.06827873362901933
1.78,0.06999752045357381
1.79,0.07055468567462629
1.8,0.0707215398889126
1.81,0.07116861487518829
1.82,0.0723816188842507
1.83,0.07388736979343112
1.84,0.07646809147916492
1.85,0.07870545844685956
1.86,0.08164466348545159
1.87,0.0831711278569569
1.88,0.08472447273374277
1.89,0.08556651361447437
1.9,0.08557718861017732
1.91,0.08517778589185848
1.92,0.08501743288855113
1.93,0.08446633587088419
1.94,0.0854808944084757
1.95,0.08633354645733372
1.96,0.08869862434639234
1.97,0.09087943976951074
1.98,0.09300609312057613
1.99,0.095082021490877
2.0,0.09652190531664559
2.01,0.09681085755042976
2.02,0.0965212110960905
2.03,0.0950391101818799
2.04,0.09332815451413343
2.05,0.09075890441487387
2.06,0.08933327795966874
2.07,0.08912576081224799
2.08,0.0901639239184713
2.09,0.09274887770259943
2.1,0.09643189317808712
2.11,0.09974001564381837
2.12,0.10181094201412538
2.13,0.10316759817055428
2.14,0.10342825692710515
2.15,0.102583384972688
2.16,0.10205636966318689
2.17,0.1016724754392062
2.18,0.10118994636506289
2.19,0.10142215441696711
2.2,0.10242635143398625
2.21,0.10349298589374331
2.22,0.10518055471891256
2.23,0.10697538738527174
2.24,0.10809918380006667
2.25,0.10867962656653826
2.26,0.10905720127432672
2.27,0.10860848917600109
2.28,0.10818785836815131
2.29,0.10790741576830858
2.3,0.10837454313957827
2.31,0.10982368115322977
2.32,0.11278531817772543
2.33,0.11593195714546674
2.34,0.11861886771479707
2.35,0.11973858390282682
2.36,0.11956552812258789
2.37,0.11767864546905919
2.38,0.11676910093428042
2.39,0.11722224966514083
2.4,0.11791390840099725
2.41,0.11935091645057294
2.42,0.12005094200412292
2.43,0.11951550138189589
2.44,0.11856837306300998
2.45,0.11851038818713915
2.46,0.11929693820578505
2.47,0.12121316823139132
2.48,0.12265998482583802
2.49,0.12392214934864283
2.5,0.12422554067355596
2.51,0.1239991793194235
2.52,0.12355082825776686
2.53,0.12373046938685599
2.54,0.12351744780457279
2.55,0.12421894038481338
2.56,0.12407299475949654
2.57,0.12472108840139229
2.58,0.1250739675876796
2.59,0.12544594471031903
2.6,0.1254405445942932
2.61,0.12594213384686653
2.62,0.12669974472195247
2.63,0.12855471642560168
2.64,0.130794662378592
2.65,0.13485597951755782
2.66,0.13857226145723753
2.67,0.14123011603214417
2.68,0.142553940803149
2.69,0.14194096308274876
2.7,0.13919698156318047
2.71,0.13614166502306055
2.72,0.13350574578098312
2.73,0.13159625601540112
2.74,0.13069919515725129
2.75,0.13187447205025457
2.76,0.1327494550459162
2.77,0.13413844563205865
2.78,0.1364218020891444
2.79,0.13880712447989513
2.8,0.1417831691777303
2.81,0.14426097411062125
2.82,0.146930419226206
2.83,0.14688573559642593
2.84,0.14569605749759992
2.85,0.1438360141184627
2.86,0.14139977445569166
2.87,0.13833969569354604
2.88,0.1362295786661728
2.89,0.13370906430978313
2.9,0.13199896490967838
2.91,0.12967582839994604
2.92,0.1295407493961624
2.93,0.1299803846567469
2.94,0.13190278531013802
2.95,0.13457484371321524
2.96,0.13695561984203894
2.97,0.13809023510982774
2.98,0.1379080531084365
2.99,0.1372018602848296
3.0,0.1363307800860491
3.01,0.1359991582378301
3.02,0.1368593593323743
3.03,0.13841429571961966
3.04,0.139244396189292
3.05,0.14038065925072601
3.06,0.1411706602662421
3.07,0.14106738572581454
3.08,0.14170040064014225
3.09,0.14267510866272498
3.1,0.14268137502703812
3.11,0.14250759229191468
3.12,0.14189592149042407
3.13,0.14088692965334587
3.14,0.13995951120699487
3.15,0.13903772676594864
3.16,0.1399923173855992
3.17,0.14050832897335278
3.18,0.1436470854300687
3.19,0.14753517511195605
3.2,0.15161109225622177
3.21,0.15624403208511964
3.22,0.1597591033907228
3.23,0.16101246534214325
3.24,0.16050719348900838
3.25,0.15807924768990866
3.26,0.1552972151179094
3.27,0.15132452752200373
3.28,0.1482455189187494
3.29,0.14591678464377153
3.3,0.14318758974097243
3.31,0.14134952523818556
3.32,0.14064814887997618
3.33,0.14106476739043636
3.34,0.1419000703298572
3.35,0.14405449207982898
3.36,0.14699067976270955
3.37,0.14959369144432594
3.38,0.1508435121149073
3.39,0.15113704671283967
3.4,0.14970809792508585
3.41,0.147999741828273
3.42,0.14636133819248842
3.43,0.1459081544038523
3.44,0.14679769008959115
3.45,0.14870707540555073
3.46,0.15059422547348664
3.47,0.1518843424552858
3.48,0.15260786686855538
3.49,0.15188988141882384
3.5,0.150011032164172
3.51,0.1486448001362301
3.52,0.14753288622049726
3.53,0.1464336582939551
3.54,0.1464241724388828
3.55,0.146158557893685
3.56,0.14568796969662082
3.57,0.14391615265597915
3.58,0.14268402430499677
3.59,0.14115823302872751
3.6,0.1406823660404184
3.61,0.14159402355655132
3.62,0.14271680262040634
3.63,0.14381746435761641
3.64,0.1440598754492209
3.65,0.14399473571455168
3.66,0.14446783797448307
3.67,0.14514968866497094
3.68,0.14816883689391158
3.69,0.15115451925982348
3.7,0.15366943705185257
3.71,0.15593890992985665
3.72,0.15537915999480112
3.73,0.15460440307842
3.74,0.15198386731739408
3.75,0.14874413390918936
3.76,0.1452768782898731
3.77,0.1414093314760229
3.78,0.13859635953979368
3.79,0.13696672607855964
3.8,0.1362925846849167
3.81,0.13728899971496025
3.82,0.13757957860561978
3.83,0.13882393055265768
3.84,0.13976485265075747
3.85,0.14040022750073353
3.86,0.1411455794764915
3.87,0.1425330419294478
3.88,0.14370113930091247
3.89,0.14394186774767942
3.9,0.14444389615422065
3.91,0.14497742671447048
3.92,0.1453868677963204
3.93,0.14661764992381618
3.94,0.14814013945953308
3.95,0.14883728618289535
3.96,0.1481385709584179
3.97,0.14588434003393672
3.98,0.14293233245347042
3.99,0.13963713419148727
4.0,0.13691648494605357
4.01,0.13568284139043482
4.02,0.13593840178653302
4.03,0.13778245029065642
4.04,0.14114458065717367
4.05,0.1443164955076585
4.06,0.14663958374108793
4.07,0.14648547617150492
4.08,0.14391948908964441
4.09,0.1390163949609801
4.1,0.13419141148320737
4.11,0.13046518466615328
4.12,0.12883221273931303
4.13,0.12982958046434195
4.14,0.13239365039208312
4.15,0.135008572320829
4.16,0.13657490739130748
4.17,0.13776356396305367
4.18,0.13804888311347335
4.19,0.13823141866739336
4.2,0.1390163122097822
4.21,0.1392644639876103
4.22,0.13889772051538415
4.23,0.13871627622117796
4.24,0.1378263541211539
4.25,0.13683153529977204
4.26,0.13502444039000222
4.27,0.13497213604220812
4.28,0.13420871368330278
4.29,0.1342912284550598
4.3,0.13469791897908776
4.31,0.13475711445677852
4.32,0.13392289639667979
4.33,0.13393369077149977
4.34,0.13293265507044807
4.35,0.1327001381637898
4.36,0.13256407428140637
4.37,0.1328166849783797
4.38,0.13312349336047863
4.39,0.13362147514417963
4.4,0.1337404931896319
4.41,0.13329255281830626
4.42,0.1321010433301416
4.43,0.13185394837146314
4.44,0.13065160135853876
4.45,0.12981396558067285
4.46,0.13030168917740367
4.47,0.13126776452045397
4.48,0.13220783920767898
4.49,0.13377073452037383
4.5,0.13457513523061093
4.51,0.13499744695220176
4.52,0.13424137524458157
4.53,0.1339896488219477
4.54,0.13335537850315812
4.55,0.13250410807415564
4.56,0.13160831897768457
4.57,0.13124338521650145
4.58,0.13068866056167075
4.59,0.12940610960837412
4.6,0.12781971126808073
4.61,0.1271793558613219
4.62,0.126501256617663
4.63,0.12628056747041147
4.64,0.1267618493738574
4.65,0.12776645566238218
4.66,0.12772548677867063
4.67,0.12642410653947858
4.68,0.1254438855858907
4.69,0.12365676991763891
4.7,0.1226221957520249
4.71,0.12265301799623786
4.72,0.12315815254771101
4.73,0.12368521024117535
4.74,0.12368348999868876
4.75,0.12356835792052247
4.76,0.12290277545208207
4.77,0.12226161750248997
4.78,0.1216004765627499
4.79,0.12146258568614764
4.8,0.12093469850204816
4.81,0.12041590477343979
4.82,0.11885203709146092
4.83,0.11781678880819751
4.84,0.11669974089754544
4.85,0.11662871706930591
4.86,0.11642800404191489
4.87,0.11706912826477908
4.88,0.1171707746043836
4.89,0.1174688915317153
4.9,0.11693057664549375
4.91,0.11705273435643827
4.92,0.11713923873539876
4.93,0.11882764302650449
4.94,0.1207273159491479
4.95,0.12291306853025384
4.96,0.12390012133963861
4.97,0.1234113357084925
4.98,0.12207525905964016
4.99,0.12002874266428486
5.0,0.11755309334370784
5.01,0.11579894137790514
5.02,0.11478152372969547
5.03,0.11493544230265551
5.04,0.1155192427883266
5.05,0.11629126117976994
5.06,0.11735783172453268
5.07,0.11761153593586354
5.08,0.11837420445152631
5.09,0.11858653312400506
5.1,0.11878856228161484
5.11,0.11858570884569371
5.12,0.11818724429459712
5.13,0.11753057005036797
5.14,0.11717452050487775
5.15,0.11682518074863839
5.16,0.11584215187421243
5.17,0.11480483165388888
5.18,0.11421423065967354
5.19,0.11291545431211193
5.2,0.11125367639237588
5.21,0.11017167757327745
5.22,0.10984053541029634
5.23,0.10901692031225504
5.24,0.10875598961951215
5.25,0.10903433364122493
5.26,0.10860854590913133
5.27,0.10798048719338475
5.28,0.10815881101702388
5.29,0.1079288857665669
5.3,0.1078499649833055
5.31,0.10819782792797829
5.32,0.10937451624114344
5.33,0.11057645915677881
5.34,0.11137413210253685
5.35,0.11212773569001169
5.36,0.11202897495442765
5.37,0.11069550494666189
5.38,0.10861717552425675
5.39,0.10606075078785834
5.4,0.1028555636263471
5.41,0.09971159833934354
5.42,0.09722668795649986
5.43,0.09579864499169233
5.44,0.09516587204471696
5.45,0.09620901304568417
5.46,0.09826886896548992
5.47,0.10105494252362077
5.48,0.10220438171060449
5.49,0.10302897768974609
5.5,0.10221243178841012
5.51,0.10110145041018606
5.52,0.09968072447932731
5.53,0.0986871756810047
5.54,0.09893726062458101
5.55,0.09987265036559617
5.56,0.10057084587051532
5.57,0.10125534111995102
5.58,0.10103166578645006
5.59,0.10102971119166398
5.6,0.10010115230241341
5.61,0.10010443616256694
5.62,0.10074964274160725
5.63,0.10125042270548812
5.64,0.10190892425413837
5.65,0.10207837411997533
5.66,0.10132936470038881
5.67,0.09978818999469778
5.68,0.09731163457838479
5.69,0.0958646375666677
5.7,0.0955268286032971
5.71,0.09563063660117863
5.72,0.09647718213869381
5.73,0.09739072397072074
5.74,0.09812047626954971
5.75,0.09863912768561994
5.76,0.09848267080103962
5.77,0.09918147341356988
5.78,0.09948115607543083
5.79,0.09858463840162265
5.8,0.09705757323263837
5.81,0.09498002328699952
5.82,0.09284138214235015
5.83,0.09174485323484616
5.84,0.09199795220802932
5.85,0.09317305125838354
5.86,0.09434783775576117
5.87,0.09477679945218481
5.88,0.09441290123201478
5.89,0.09415149797646805
5.9,0.0938547392549748
5.91,0.09380803525866749
5.92,0.09379432103665804
5.93,0.09286439058741139
5.94,0.09101220415899086
5.95,0.08820186049919293
5.96,0.08668918078140736
5.97,0.08646160076884513
5.98,0.08648604530207038
5.99,0.08793191548963213
6.0,0.08876192656170159
6.01,0.08872039881898623
6.02,0.0880606121499855
6.03,0.08729734876919328
6.04,0.08631667147858176
6.05,0.08576826964730742
6.06,0.08507034675182053
6.07,0.08450952913818516
6.08,0.08347092586720047
6.09,0.08436875135154522
6.1,0.08523541472731724
6.11,0.0866701590922538
6.12,0.08737531351136066
6.13,0.08768446119525712
6.14,0.08658837488241045
6.15,0.08551563303575928
6.16,0.08490394883980946
6.17,0.08538202336077547
6.18,0.08549273492043245
6.19,0.08672974260142095
6.2,0.08768091497298146
6.21,0.08782012563801594
6.22,0.08734248075193671
6.23,0.08687520661774298
6.24,0.08597554437297647
6.25,0.08513150105648037
6.26,0.08456679385123116
6.27,0.08499737120673284
6.28,0.0858355539774177
6.29,0.0871853924983326
6.3,0.08849327315781626
6.31,0.08822978793188083
6.32,0.08708997720773157
6.33,0.08574001555380803
6.34,0.08459636072908928
6.35,0.08356306283462547
6.36,0.08365132889504533
6.37,0.08351389443506918
6.38,0.0828423827542583
6.39,0.08162792189233739
6.4,0.08048167450481149
6.41,0.07920403611579821
6.42,0.07772159009479465
6.43,0.07617346148243287
6.44,0.07488833341220719
6.45,0.07321295142329069
6.46,0.07266974975467151
6.47,0.07287552129170717
6.48,0.07491723238685583
6.49,0.07723827960487109
6.5,0.07949812300629117
6.51,0.08111514277135823
6.52,0.08112644550962017
6.53,0.08044866261469874
6.54,0.07850018586063406
6.55,0.0770121162942332
6.56,0.07577176164970494
6.57,0.07457708057374315
6.58,0.07413871082229088
6.59,0.07343835352871123
6.6,0.07267940234073363
6.61,0.07188999260534913
6.62,0.07153799049204489
6.63,0.07185423669356544
6.64,0.07183821762818926
6.65,0.0728160868764911
6.66,0.07309555717758567
6.67,0.07223787924128476
6.68,0.07176458520498154
6.69,0.070804472767436
6.7,0.07020797586509533
6.71,0.06959699188824149
6.72,0.06994629108661282
6.73,0.0701747951320323
6.74,0.0698214716247245
6.75,0.0698996617152858
6.76,0.06993473108048344
6.77,0.06974597688336824
6.78,0.06995962533456142
6.79,0.06989836634340299
6.8,0.06958404331131263
6.81,0.06837494915998436
6.82,0.06770951088216623
6.83,0.0668975815713771
6.84,0.06632759770672449
6.85,0.06685967952761696
6.86,0.06809378581375594
6.87,0.07011389340797845
6.88,0.0721772615441265
6.89,0.07426759933603615
6.9,0.0765126221345233
6.91,0.07715266717906316
6.92,0.07790743774498624
6.93,0.07750607050800158
6.94,0.07643548225329976
6.95,0.07425344813809986
6.96,0.07149411629110151
6.97,0.06905132747097778
6.98,0.06643729641324994
6.99,0.06415379281463764
7.0,0.06341337866797099
7.01,0.06292943413767
7.02,0.06390481832678216
7.03,0.06440426553823782
7.04,0.06491990274568772
7.05,0.06500875531750022
7.06,0.06452508159488803
7.07,0.06378698555294139
7.08,0.06360774453903698
7.09,0.06374990462068963
7.1,0.06425458065924876
7.11,0.06433737328641394
7.12,0.06465877820462193
7.13,0.0641121592131913
7.14,0.06347772376129396
7.15,0.062470645334204135
7.16,0.06231268960898032
7.17,0.06239086816859048
7.18,0.06280802029458353
7.19,0.06330412249302211
7.2,0.06391664702228143
7.21,0.06402054679835188
7.22,0.06505800929242628
7.23,0.06500023120683955
7.24,0.06560659473211115
7.25,0.06569412708352591
7.26,0.06500663298433346
7.27,0.06369041111188777
7.28,0.06235936032954357
7.29,0.06096755344448972
7.3,0.05959671812789223
7.31,0.058973162352977324
7.32,0.05965310422806064
7.33,0.0601870019426867
7.34,0.06114691652088704
7.35,0.06161691543806981
7.36,0.061536398649497094
7.37,0.06065225975380498
7.38,0.059532144298043675
7.39,0.05885936174255608
7.4,0.058095919069997434
7.41,0.05858845549970588
7.42,0.059255999691030424
7.43,0.0602732670586061
7.44,0.061079304277034174
7.45,0.06160835990841136
7.46,0.06158702737625284
7.47,0.061259993534152235
7.48,0.06070339603465728
7.49,0.06024869469133975
7.5,0.059706467475216116
7.51,0.05943294900833643
7.52,0.059203330073288256
7.53,0.05906156779636789
7.54,0.058405110715441064
7.55,0.057462077364083756
7.56,0.05667760833572814
7.57,0.05561051604687819
7.58,0.05542959617973244
7.59,0.05598610183333309
7.6,0.05691792200766354
7.61,0.057890294466681806
7.62,0.05871841654831219
7.63,0.058557173274429435
7.64,0.057801590417807885
7.65,0.05623839616439625
7.66,0.055059064044863715
7.67,0.053523525774901895
7.68,0.053182885629493935
7.69,0.05338695574752959
7.7,0.0541517365966825
7.71,0.0551686979343559
7.72,0.05630508160054538
7.73,0.05713897884960944
7.74,0.057518312227813916
7.75,0.05681461000227591
7.76,0.05545980473087342
7.77,0.05373141452251791
7.78,0.05255910323001482
7.79,0.05223381466306566
7.8,0.05320703845128827
7.81,0.05471545897115637
7.82,0.05638190449002582
7.83,0.05667553320457233
7.84,0.056849856260676
7.85,0.0559977708952889
7.86,0.05499418492201993
7.87,0.05439527562187065
7.88,0.05426350080125201
7.89,0.05439607722797384
7.9,0.05448738755663061
7.91,0.05389843377317984
7.92,0.05408071275872572
7.93,0.05299297684285762
7.94,0.052756922089692
7.95,0.05221656371479131
7.96,0.051558850001905264
7.97,0.05098563924300886
7.98,0.05019986980124319
7.99,0.04955162867449525
8.0,0.04918734634077488
8.01,0.04836174803096395
8.02,0.04850750209475346
8.03,0.04836210225569238
8.04,0.048814163397769464
8.05,0.04963378604200212
8.06,0.050114321312460644
8.07,0.05041804112022731
8.08,0.05012103283333633
8.09,0.048961851459088906
8.1,0.04781371948178227
8.11,0.047011443180759824
8.12,0.04700854888035703
8.13,0.047967480962168664
8.14,0.04918041851121376
8.15,0.050500369816667945
8.16,0.05118671967732598
8.17,0.051100852223038694
8.18,0.0508299192065406
8.19,0.050454053035326935
8.2,0.04972195983092005
8.21,0.049029189731808163
8.22,0.047657313600526996
8.23,0.046460209025869066
8.24,0.04567050828085315
8.25,0.04528701099657651
8.26,0.04600155199680581
8.27,0.04714553512196151
8.28,0.047836090257002466
8.29,0.04807583382448924
8.3,0.046855508365782984
8.31,0.044654449243959775
8.32,0.04160572470845348
8.33,0.03900751908598243
8.34,0.037440679655503205
8.35,0.03673154575293802
8.36,0.037946294759906074
8.37,0.04029462953839047
8.38,0.04263587225918721
8.39,0.045135122138596405
8.4,0.04625116193714546
8.41,0.04647415909982813
8.42,0.045319396943736635
8.43,0.04447743417394499
8.44,0.04368534420299898
8.45,0.042839826786702576
8.46,0.043082940309095374
8.47,0.04335385020344128
8.48,0.04359048287633389
8.49,0.04409974134738354
8.5,0.044495719595717374
8.51,0.045267628121988805
8.52,0.045554493560976975
8.53,0.04575167751594233
8.54,0.045587493347668345
8.55,0.04457127535279182
8.56,0.044213900616038124
8.57,0.04378908841031478
8.58,0.04394884086841533
8.59,0.04421583854121089
8.6,0.0442914600490925
8.61,0.044024102017089936
8.62,0.04345842902397836
8.63,0.043062783795092985
8.64,0.04328580880529768
8.65,0.04362084270728207
8.66,0.04390717494067179
8.67,0.04410746466128692
8.68,0.043841533219175687
8.69,0.043303045383470996
8.7,0.042801323268001644
8.71,0.042877232283478825
8.72,0.04300729624817245
8.73,0.04301235829686395
8.74,0.042961060939708896
8.75,0.0430129364788572
8.76,0.04234279621227694
8.77,0.0425586234622391
8.78,0.0430738848402673
8.79,0.043693402918144685
8.8,0.0442171707024932
8.81,0.04473822123881799
8.82,0.044606564201739696
8.83,0.04360495597270183
8.84,0.042533489737313974
8.85,0.041553741373822436
8.86,0.04021666421334256
8.87,0.03964288988914775
8.88,0.03962934752922479
8.89,0.039635257285917685
8.9,0.039524143849327675
8.91,0.03984810526287019
8.92,0.039405398758953304
8.93,0.0385132598213556
8.94,0.03761991291437896
8.95,0.037016470056582214
8.96,0.03677125144986647
8.97,0.03721860546787863
8.98,0.038667691115465544
8.99,0.04046162054321771
9.0,0.04205734344638152
9.01,0.043402280948539755
9.02,0.04341930861810925
9.03,0.04262005851296052
9.04,0.041090872523007096
9.05,0.03957981400953774
9.06,0.038917510710629884
9.07,0.03881734453654414
9.08,0.03934244184447332
9.09,0.04006138575264672
9.1,0.04063229378203936
9.11,0.04021279406931457
9.12,0.04017478644742821
9.13,0.040373663025974386
9.14,0.040881910842216485
9.15,0.04121447278505184
9.16,0.041358788680466274
9.17,0.04111557709664264
9.18,0.039516703165928695
9.19,0.03813779001547452
9.2,0.03756168471067863
9.21,0.03671705956479064
9.22,0.03681537597299588
9.23,0.03682898435761216
9.24,0.0371223113999636
9.25,0.03723291127876605
9.26,0.03717766453477987
9.27,0.038056200698399135
9.28,0.038534012750793024
9.29,0.038916024631836715
9.3,0.03900872741030641
9.31,0.038367613852325504
9.32,0.03732437633618025
9.33,0.0363572096684337
9.34,0.03573456843782084
9.35,0.03585120664726357
9.36,0.036435847587312754
9.37,0.037711685678331726
9.38,0.03873249821737997
9.39,0.0392788962823024
9.4,0.03945937950239669
9.41,0.03903967296237777
9.42,0.03786027979537708
9.43,0.03681340015089736
9.44,0.03578686295968915
9.45,0.03479486454375052
9.46,0.03404566402229845
9.47,0.03383196580273312
9.48,0.03400607142464746
9.49,0.03412767386794477
9.5,0.03459878193223476
9.51,0.034862234831872126
9.52,0.034896969887679555
9.53,0.03460201454546789
9.54,0.0341115710903036
9.55,0.033877447837064895
9.56,0.03367278793947691
9.57,0.033752018281970574
9.58,0.03428212204137664
9.59,0.035103214876840795
9.6,0.036005868898254335
9.61,0.03637057289576563
9.62,0.03665210230857154
9.63,0.03648232037909148
9.64,0.03591834475181153
9.65,0.03570064713044969
9.66,0.0352630166100009
9.67,0.03529590846001243
9.68,0.03517081193598546
9.69,0.03529081325474298
9.7,0.03540317708046303
9.71,0.035435560655546976
9.72,0.03553826004999813
9.73,0.03531595812392562
9.74,0.035088244648705184
9.75,0.0345809929266615
9.76,0.03338310302545993
9.77,0.03245281839375579
9.78,0.0314370437704531
9.79,0.03078198655739965
9.8,0.030341068531660607
9.81,0.030497792822027744
9.82,0.031203113438122532
9.83,0.03152147013205965
9.84,0.032224626900216574
9.85,0.03288054059871245
9.86,0.0337123634239292
9.87,0.03472958551352851
9.88,0.03549623072512851
9.89,0.03603378742607402
9.9,0.0359534358364123
9.91,0.03480467855280135
9.92,0.033540984947723215
9.93,0.03207405094576244
9.94,0.03122249033740807
9.95,0.03080106412927409
9.96,0.031096650716081194
9.97,0.031134955021318425
9.98,0.0311695247635051
9.99,0.030480478083187327
10.0,0.029681033828536717
10.01,0.02902970940812185
10.02,0.02851718141972736
10.03,0.028333085305494776
10.04,0.02833118862310849
10.05,0.028653082703891913
10.06,0.029201548369101563
10.07,0.029288364519389175
10.08,0.029645079436836332
10.09,0.030237488278586577
10.1,0.03071030539773773
10.11,0.03161146055121502
10.12,0.03308808389268175
10.13,0.03457792786643622
10.14,0.03569604141663119
10.15,0.03631374036666966
10.16,0.03648007587924385
10.17,0.035842263726580996
10.18,0.03450624963969996
10.19,0.03352700939305677
10.2,0.03240444766965855
10.21,0.03207351149733329
10.22,0.032111467148470005
10.23,0.032158610611947476
10.24,0.03239401757533179
10.25,0.0317642684648703
10.26,0.030931801972479404
10.27,0.03003956690639806
10.28,0.029135528311267853
10.29,0.02888025182925697
10.3,0.02878391542264937
10.31,0.02993171227595898
10.32,0.030957950128135767
10.33,0.031879472380854985
10.34,0.03249065092350353
10.35,0.032288761243862533
10.36,0.03152979587561159
10.37,0.0301078811501701
10.38,0.028596189152717076
10.39,0.02731144788537347
10.4,0.026546883238456886
10.41,0.02654491967976044
10.42,0.02678547948166551
10.43,0.0275448982275259
10.44,0.02826562852094798
10.45,0.028806488440992425
10.46,0.02971594701249925
10.47,0.0302805933114783
10.48,0.03071896597978103
10.49,0.03096863805308338
10.5,0.03095849390888102
10.51,0.030706030348172465
10.52,0.0298484566189968
10.53,0.028746370089599918
10.54,0.027502179997515596
10.55,0.02629427716376224
10.56,0.025438003978783673
10.57,0.025081277639834646
10.58,0.024924054405015973
10.59,0.025189301791783948
10.6,0.025294033543374148
10.61,0.025380913067935114
10.62,0.02539130597980935
10.63,0.024981251740346235
10.64,0.024597111789971954
10.65,0.02432928646761485
10.66,0.023761466450899736
10.67,0.023517529042151555
10.68,0.023614479029023153
10.69,0.024193560111150817
10.7,0.024964083960615842
10.71,0.025586393924214013
10.72,0.02676078439132441
10.73,0.02745443410438987
10.74,0.028012827450396075
10.75,0.02839346036836207
10.76,0.02899111915385641
10.77,0.029267558085665817
10.78,0.029366032722762624
10.79,0.0296415802208025
10.8,0.029657029200805405
10.81,0.02923943370959663
10.82,0.029434755109537854
10.83,0.02963213851184478
10.84,0.03037386578336532
10.85,0.031051945242470732
10.86,0.0315857941898005
10.87,0.03180859619218727
10.88,0.03108974295467736
10.89,0.030070188730583307
10.9,0.02889274729610443
10.91,0.027684144272853154
10.92,0.027162583249506118
10.93,0.026401972452522602
10.94,0.025624606597721408
10.95,0.024892948821086638
10.96,0.024069111857501643
10.97,0.02351083787493968
10.98,0.023356323273239037
10.99,0.02340239335549931
11.0,0.023511882005885852
11.01,0.02349103267071872
11.02,0.02356353590295561
11.03,0.023510533254145104
11.04,0.023737576455981447
11.05,0.024102540916553675
11.06,0.02452432761022462
11.07,0.024791956406547157
11.08,0.025023699762429928
11.09,0.025354811860533018
11.1,0.025411305072363135
11.11,0.025859054539911677
11.12,0.026396790215368286
11.13,0.02672828535314719
11.14,0.027182201395312543
11.15,0.027333507063422302
11.16,0.02707249895923272
11.17,0.02674969184634596
11.18,0.02612614636742926
11.19,0.026256150588366483
11.2,0.026427704679453587
11.21,0.027087162320827533
11.22,0.027839678763105145
11.23,0.028032747454867092
11.24,0.02745414215167029
11.25,0.025950009797484
11.26,0.024091660633450696
11.27,0.022502327881831007
11.28,0.021408681969034934
11.29,0.02137837478439656
11.3,0.022104986266158762
11.31,0.022882465913775286
11.32,0.023662089384541167
11.33,0.02444840412560903
11.34,0.02500827950995603
11.35,0.025214359430992032
11.36,0.025261148265066917
11.37,0.025513949898371312
11.38,0.02531601334147473
11.39,0.025113415494882826
11.4,0.025161313187199934
11.41,0.024713972842795143
11.42,0.024134828653921803
11.43,0.023590729713376106
11.44,0.0232555665166129
11.45,0.0229532116063616
11.46,0.022972481536391906
11.47,0.023759156353062694
11.48,0.024309414670687424
11.49,0.024650432004897502
11.5,0.02496638167588497
11.51,0.024975683661377
11.52,0.024603056641450776
11.53,0.024217082104641956
11.54,0.024084615968698708
11.55,0.023913167170231304
11.56,0.023909988164373668
11.57,0.024125104883569226
11.58,0.02469984531814295
11.59,0.02519064244164281
11.6,0.025224069824058434
11.61,0.025102766719792523
11.62,0.024470048653253258
11.63,0.023510238247430107
11.64,0.022515610052579807
11.65,0.02209147941095631
11.66,0.02203083927546684
11.67,0.02222089987927202
11.68,0.022569789966119035
11.69,0.022887191435719954
11.7,0.022517670138074403
11.71,0.021929003190017938
11.72,0.021285346349550687
11.73,0.020659934831551322
11.74,0.020562959641218768
11.75,0.020851314486881784
11.76,0.021294556556854183
11.77,0.021532428356550226
11.78,0.02157374855976029
11.79,0.021269464896733384
11.8,0.021040659424615447
11.81,0.020950938245961646
11.82,0.02143363712412235
11.83,0.02209881840686249
11.84,0.023240585315016594
11.85,0.02392888019003212
11.86,0.024466754342381773
11.87,0.024409623435319827
11.88,0.023728458613955627
11.89,0.022419798067771477
11.9,0.021134741440049613
11.91,0.01978686019163292
11.92,0.018927385605833805
11.93,0.01867665157917499
11.94,0.0193414150110571
11.95,0.020270957659344897
11.96,0.021367499238282683
11.97,0.022816729207277592
11.98,0.023618970526321552
11.99,0.024249200202430904
12.0,0.024368513419035284
12.01,0.024204567847959966
12.02,0.023278201244213637
12.03,0.022068683953905807
12.04,0.020506323638156382
12.05,0.019106413275727395
12.06,0.01767481684664137
12.07,0.017020649145225192
12.08,0.016770608218879
12.09,0.0172938985360406
12.1,0.01784654563155282
12.11,0.01888330553230346
12.12,0.019805286450754203
12.13,0.02053582922304985
12.14,0.021048542201266767
12.15,0.0218667408944076
12.16,0.022673867913713796
12.17,0.02337567802305899
12.18,0.02396880709707349
12.19,0.024576152431553904
12.2,0.02448213099987346
12.21,0.024077500390544376
12.22,0.023651323445384995
12.23,0.023148394137453735
12.24,0.022332195907120697
12.25,0.021727101087799603
12.26,0.02124626744573477
12.27,0.020482395062491693
12.28,0.0198695596632498
12.29,0.019724953088175845
12.3,0.019920896556956946
12.31,0.02039654892293424
12.32,0.020685112278886326
12.33,0.020839244410021905
12.34,0.020227920584898747
12.35,0.019197624112910972
12.36,0.018154482275305125
12.37,0.01723780338415638
12.38,0.01675000028305036
12.39,0.016671885109333845
12.4,0.016986996238358292
12.41,0.01798229413748254
12.42,0.01898935273029206
12.43,0.020374673456386296
12.44,0.021485197833894867
12.45,0.022537516737899096
12.46,0.0228084317548317
12.47,0.02237602930590691
12.48,0.021733909799412785
12.49,0.02083964542492604
12.5,0.019787078878753795
12.51,0.01915659474853659
12.52,0.018469322640009486
12.53,0.018032536909614566
12.54,0.01756267074061712
12.55,0.017274132992798962
12.56,0.01722742761913303
12.57,0.017131334686814454
12.58,0.01740054649340063
12.59,0.018188180176544697
12.6,0.01905114492704931
12.61,0.020283228594556193
12.62,0.021523873231564097
12.63,0.022297572721995205
12.64,0.022819028446364367
12.65,0.022493997142021698
12.66,0.021981448674439064
12.67,0.02110473887620584
12.68,0.02024977209265552
12.69,0.019592622741696143
12.7,0.018990305627822272
12.71,0.018434994455240387
12.72,0.01795496174707824
12.73,0.017208137620945665
12.74,0.016921532541927242
12.75,0.01633871653086336
12.76,0.01591706162321454
12.77,0.015658161513839846
12.78,0.015684295047539727
12.79,0.015672344885255957
12.8,0.016053746557286017
12.81,0.01654908573146534
12.82,0.017279305649524606
12.83,0.01758145747365613
12.84,0.01818807585134989
12.85,0.018627627859331423
12.86,0.018825359243538047
12.87,0.01921224540334217
12.88,0.019531311104228247
12.89,0.019829341519058585
12.9,0.02019574567292161
12.91,0.020149304498229485
12.92,0.02037492543087145
12.93,0.020008114405969384
12.94,0.01992081703055021
12.95,0.019303210274993474
12.96,0.018593342314836652
12.97,0.017926548600765504
12.98,0.017179671713612687
12.99,0.016891169339728816
13.0,0.017129079042709654
13.01,0.017375101734054876
13.02,0.017943188353569294
13.03,0.018005810560345007
13.04,0.017945759477218572
13.05,0.017475486032509403
13.06,0.017165190526983093
13.07,0.017309472559564876
13.08,0.017568821732211026
13.09,0.018024905960988942
13.1,0.018613640615635706
13.11,0.01864569628859666
13.12,0.01822748514217317
13.13,0.01768170093476084
13.14,0.017138738864416428
13.15,0.01684757470257823
13.16,0.01673774870678513
13.17,0.016857794457163337
13.18,0.016650903038698258
13.19,0.01596783579352308
13.2,0.015042711800639187
13.21,0.014147099799915878
13.22,0.013468676855664816
13.23,0.013336037720511767
13.24,0.013748261107654114
13.25,0.014622596308272723
13.26,0.015623205695961073
13.27,0.0163193080208491
13.28,0.016672134844430326
13.29,0.016853838525920522
13.3,0.016670631360573257
13.31,0.01640419822050085
13.32,0.016288558180206462
13.33,0.016150212221662578
13.34,0.01599368085220349
13.35,0.016225372124528327
13.36,0.01649546241956377
13.37,0.016977037640371683
13.38,0.017347877438410222
13.39,0.017816997860785437
13.4,0.01823892369719199
13.41,0.01837942068913943
13.42,0.01824495377313345
13.43,0.017972017820563416
13.44,0.017278794446931818
13.45,0.016470017824655386
13.46,0.015471700699676386
13.47,0.014541198348276718
13.48,0.01353567428730036
13.49,0.012915439593905419
13.5,0.012646823088870255
13.51,0.012738818138712431
13.52,0.01310503370398404
13.53,0.013782810054493546
13.54,0.01483386879611196
13.55,0.015689997385795986
13.56,0.016555178794985987
13.57,0.016998181142256125
13.58,0.016849246871306903
13.59,0.01641500105214799
13.6,0.01578980933515307
13.61,0.015064433210630107
13.62,0.014719921391017615
13.63,0.014654984044876898
13.64,0.01481320276777316
13.65,0.015014145729632146
13.66,0.01513785464392604
13.67,0.014940982684446642
13.68,0.014915614409132428
13.69,0.014812820132770221
13.7,0.014848676600184086
13.71,0.014848329908225887
13.72,0.014860053862237915
13.73,0.015033638661121474
13.74,0.015214807743980811
13.75,0.01562582209122873
13.76,0.016172236177497506
13.77,0.016609603308317917
13.78,0.01698303806772758
13.79,0.01695014958260797
13.8,0.016458700583603467
13.81,0.015735860366875166
13.82,0.015118994228995555
13.83,0.01473396825740086
13.84,0.01474773946965652
13.85,0.015019690680090922
13.86,0.01549903950370606
13.87,0.015769681112257603
13.88,0.01569420810002142
13.89,0.015539653502107387
13.9,0.015077116867754212
13.91,0.014660393053054735
13.92,0.014298630562413338
13.93,0.01404532541210504
13.94,0.013768354235762632
13.95,0.013199879301167611
13.96,0.012756753263398491
13.97,0.01229604576927875
13.98,0.011815918179205444
13.99,0.011558700692637012
14.0,0.011141244350522207
14.01,0.011192978501188531
14.02,0.011287624763838988
14.03,0.01185668555034272
14.04,0.012708265386856436
14.05,0.013798031143230352
14.06,0.01458855171507504
14.07,0.015222931919970574
14.08,0.015360768750872465
14.09,0.01541779964707776
14.1,0.01526783879670616
14.11,0.015346140085749069
14.12,0.015340108168733864
14.13,0.015555556553258293
14.14,0.015466977821792492
14.15,0.01542419676864102
14.16,0.015333900761265933
14.17,0.015539596125166678
14.18,0.015524563073888973
14.19,0.015523054308268624
14.2,0.015544577789475014
14.21,0.015342895488260963
14.22,0.015059649197860275
14.23,0.01453031959535031
14.24,0.014352914402833098
14.25,0.013954349118951919
14.26,0.013604130208420544
14.27,0.013547701179112324
14.28,0.01352744218098847
14.29,0.013786694543232326
14.3,0.014119469195984427
14.31,0.014410827239796958
14.32,0.014633070276730492
14.33,0.013944206106611843
14.34,0.013260452162032964
14.35,0.012297685195417383
14.36,0.011680427371206873
14.37,0.011816074752395838
14.38,0.012239255709660224
14.39,0.013065601700942793
14.4,0.013692292171163698
14.41,0.013972904913087775
14.42,0.013816639577317718
14.43,0.013443257464217635
14.44,0.013254678347621281
14.45,0.013109113757691224
14.46,0.013041630491361936
14.47,0.013016976756615088
14.48,0.012759429844105582
14.49,0.012264841704670347
14.5,0.011792087244222975
14.51,0.011204374553077597
14.52,0.011070936455881784
14.53,0.01111180451007641
14.54,0.011655448144520932
14.55,0.012548433004034677
14.56,0.013720514471519027
14.57,0.01491201350560653
14.58,0.015581003241095402
14.59,0.01598346623292224
14.6,0.015986937038681984
14.61,0.015389240950762132
14.62,0.014994493727350892
14.63,0.01431984037149741
14.64,0.013912934481872044
14.65,0.013771436562004913
14.66,0.01377025649513619
14.67,0.013864661522885678
14.68,0.014105179969196547
14.69,0.014196998524150555
14.7,0.014218357385273848
14.71,0.014106249132807122
14.72,0.013949333604526997
14.73,0.013718279579392069
14.74,0.013451545025337845
14.75,0.013382809686884179
14.76,0.013558086159901363
14.77,0.013437522799663582
14.78,0.013899511485392622
14.79,0.014258184679773099
14.8,0.01473011594214184
14.81,0.015200575894133513
14.82,0.015362705992223896
14.83,0.015322617939440267
14.84,0.014995534088732129
14.85,0.014538441678411408
14.86,0.014223138191231156
14.87,0.014010666840328933
14.88,0.014013840399986077
14.89,0.014118001092420115
14.9,0.01415017223483269
14.91,0.014100945018935093
14.92,0.013789586041495255
14.93,0.013300865871192781
14.94,0.012884722331415055
14.95,0.012399309018990293
14.96,0.011807445236306847
14.97,0.011494498517972254
14.98,0.011160810963903084
14.99,0.011011029252480658
15.0,0.010986512585518938
15.01,0.011176907334276258
15.02,0.011462551344443645
15.03,0.011519836143624647
15.04,0.01166245130721892
15.05,0.011624657200139188
15.06,0.0115799631480308
15.07,0.011670213314677547
15.08,0.012216973530152685
15.09,0.01270397779028496
15.1,0.01348529934245143
15.11,0.013941750287975709
15.12,0.014091459726614389
15.13,0.013849444766465373
15.14,0.013278344936407331
15.15,0.012689517240923097
15.16,0.01222064142469937
15.17,0.011973235291500286
15.18,0.012224581766560612
15.19,0.01246599485345394
15.2,0.012915552261216665
15.21,0.013283375641898864
15.22,0.013177117529796022
15.23,0.01319132473893418
15.24,0.012825848513017763
15.25,0.012823487576293193
15.26,0.012707992376789911
15.27,0.01266158201619688
15.28,0.012505532434621217
15.29,0.012108067412053888
15.3,0.011850873997083976
15.31,0.011642490914578547
15.32,0.011573125861706092
15.33,0.011979995689120502
15.34,0.012371053982403195
15.35,0.01249937543407509
15.36,0.012349971627024305
15.37,0.011685965637152941
15.38,0.011185187520704208
15.39,0.010543442400872108
15.4,0.010500219659140893
15.41,0.010625852147537801
15.42,0.010826080575187993
15.43,0.011110828103699384
15.44,0.011512370819517103
15.45,0.011662174527587782
15.46,0.011802824608667347
15.47,0.01157138851763988
15.48,0.011199792512543395
15.49,0.010521825885186822
15.5,0.009552781997090495
15.51,0.008800558918543016
15.52,0.008273368523261548
15.53,0.008058292198593879
15.54,0.007971574382526948
15.55,0.00806280753361386
15.56,0.008050704151411854
15.57,0.008233866885138708
15.58,0.008634684441874397
15.59,0.009765773601912746
15.6,0.010770026648111622
15.61,0.011830870027440014
15.62,0.01254355051058491
15.63,0.012700643091243928
15.64,0.012304197786431915
15.65,0.011800551135793464
15.66,0.011464270859740854
15.67,0.01138175582045563
15.68,0.011423326321514358
15.69,0.011748220558071875
15.7,0.011904829941739293
15.71,0.01168710864709293
15.72,0.011352647498879737
15.73,0.010929697322439175
15.74,0.010493286694276372
15.75,0.01002772190380934
15.76,0.009817078732074231
15.77,0.009501326302691258
15.78,0.009146037417644708
15.79,0.008835249101046924
15.8,0.008617523075769525
15.81,0.00847723042623197
15.82,0.008641332576856038
15.83,0.008954881168446388
15.84,0.009360452815479883
15.85,0.009537260619875884
15.86,0.009637433605901798
15.87,0.009814622515123994
15.88,0.010063006022125112
15.89,0.010558852078199944
15.9,0.011034863957027954
15.91,0.01148092439450363
15.92,0.011766621050980936
15.93,0.011818784474007221
15.94,0.011573837758212325
15.95,0.011267591821169043
15.96,0.010651822858859268
15.97,0.010264225763615225
15.98,0.009718331215696945
15.99,0.009274511679301116
16.0,0.009024634700837225
16.01,0.009117392371363166
16.02,0.009364880522212099
16.03,0.009791792076095918
16.04,0.010082065765230777
16.05,0.010262946811394141
16.06,0.010150853749993995
16.07,0.010133794469696028
16.08,0.010127344701822914
16.09,0.009912498753306232
16.1,0.00976668218889167
16.11,0.009698959199859964
16.12,0.009750031860941808
16.13,0.00972942488617968
16.14,0.009810707376723772
16.15,0.009967357985198818
16.16,0.010176795488289831
16.17,0.010362424451360916
16.18,0.010912848791818183
16.19,0.011322472486958226
16.2,0.011748549984013295
16.21,0.011703705765981438
16.22,0.011256092405151491
16.23,0.01053513661266858
16.24,0.009722477576603881
16.25,0.00938072338792325
16.26,0.009423529808973352
16.27,0.009550494465011853
16.28,0.009806377310674198
16.29,0.009555713759094614
16.3,0.00937542400468221
16.31,0.009101041780758533
16.32,0.00896151591978346
16.33,0.009361061096002458
16.34,0.010005697549659756
16.35,0.01075881430136491
16.36,0.01156115370277422
16.37,0.012209032383745261
16.38,0.012501402378665098
16.39,0.01235886202246622
16.4,0.012085956953434677
16.41,0.011680241426676029
16.42,0.011071266280136851
16.43,0.010762173407237787
16.44,0.010648323080073848
16.45,0.010501490959424703
16.46,0.010441769700553712
16.47,0.01049809647325879
16.48,0.010232164081701233
16.49,0.010138803178539046
16.5,0.010064847983250953
16.51,0.0102731302182617
16.52,0.010418339064905843
16.53,0.010622920954644328
16.54,0.011069723533615213
16.55,0.011007813628018373
16.56,0.011040900041922127
16.57,0.010864259790535175
16.58,0.010695020680733757
16.59,0.0104882144803731
16.6,0.01056959225114314
16.61,0.010756445548266004
16.62,0.010886338638427103
16.63,0.010845736176238425
16.64,0.0108917292550836
16.65,0.010813946543324631
16.66,0.010938245072733525
16.67,0.011070064216620767
16.68,0.011273088293197817
16.69,0.011135910149740467
16.7,0.010834918722634928
16.71,0.010264089258582404
16.72,0.009431320789457813
16.73,0.008981135742226356
16.74,0.008571445177134393
16.75,0.008479146632001418
16.76,0.008274004100173517
16.77,0.008302258175694544
16.78,0.008144800788801865
16.79,0.008220688893124896
16.8,0.008300671794180372
16.81,0.00858503004654513
16.82,0.00880724603894402
16.83,0.009068604604656668
16.84,0.009202690807792447
16.85,0.009517902663243122
16.86,0.009789643124000847
16.87,0.010162773825368019
16.88,0.010432917892217373
16.89,0.010439776612438268
16.9,0.010337006736549949
16.91,0.010070309637738778
16.92,0.009939002101116859
16.93,0.0099836403001029
16.94,0.010032205065349714
16.95,0.010193112620734702
16.96,0.010359337957240363
16.97,0.010370680800067467
16.98,0.010317247202260887
16.99,0.00998962694549932
17.0,0.0095881853544222
17.01,0.009054473879550351
17.02,0.008535610870806419
17.03,0.008220996720732602
17.04,0.008157565097836935
17.05,0.008562260337729832
17.06,0.009152430206891287
17.07,0.010025206633281982
17.08,0.010438743227434075
17.09,0.010795773390548975
17.1,0.010778174497385096
17.11,0.010756074499201723
17.12,0.010597065712773126
17.13,0.010563608812558092
17.14,0.01056947537258319
17.15,0.010546724624398998
17.16,0.010243780497347124
17.17,0.01013797621089586
17.18,0.009682228782751
17.19,0.009383764774864037
17.2,0.009287478921637627
17.21,0.009336155386771058
17.22,0.009290015790498195
17.23,0.009438729299376183
17.24,0.009816072227167226
17.25,0.010013730890548567
17.26,0.009957261205543138
17.27,0.0099522149106707
17.28,0.00968920257410904
17.29,0.00904036835790511
17.3,0.008550366028568695
17.31,0.008211082554366644
17.32,0.00794435440757936
17.33,0.007783883094573303
17.34,0.00780296010369578
17.35,0.00789909329975596
17.36,0.007991118999259899
17.37,0.008288232743208054
17.38,0.008546267583340107
17.39,0.008677956793898513
17.4,0.008658699684760653
17.41,0.008318578514951349
17.42,0.007983428427946327
17.43,0.007756548611240355
17.44,0.007641461965770889
17.45,0.007785009952380326
17.46,0.007946128662115063
17.47,0.008353450474107281
17.48,0.008471166898488832
17.49,0.008251746561375119
17.5,0.008153849287611082
17.51,0.00788381372019423
17.52,0.007729824501359004
17.53,0.007882931462180281
17.54,0.00801428844465793
17.55,0.008466220614472855
17.56,0.008617751376970068
17.57,0.008741969254468308
17.58,0.008723575168826535
17.59,0.008656931405526655
17.6,0.008895460362490695
17.61,0.009443534910479855
17.62,0.0101447338063761
17.63,0.010771172864864231
17.64,0.01118306265818621
17.65,0.011168794865294441
17.66,0.01069603135351915
17.67,0.010119039874685343
17.68,0.009524277225405877
17.69,0.009096214173006323
17.7,0.00880911404352863
17.71,0.008864712052024687
17.72,0.009001536697942384
17.73,0.00893960215163663
17.74,0.008893387747968174
17.75,0.008770118435683738
17.76,0.008623376416587438
17.77,0.00843114612032965
17.78,0.008295971077382143
17.79,0.0081315212737337
17.8,0.00783289859972763
17.81,0.007514807230268352
17.82,0.007026879045631051
17.83,0.006695079287057679
17.84,0.0064488532207272135
17.85,0.006381124387180279
17.86,0.006650662412894878
17.87,0.006831845277712937
17.88,0.007005458088555675
17.89,0.007019704283113438
17.9,0.0069602802767036115
17.91,0.006871694733297837
17.92,0.00677244927690396
17.93,0.006914990195854671
17.94,0.007141953308532353
17.95,0.007423110956705484
17.96,0.007824421887264373
17.97,0.008258989593234936
17.98,0.008590522749008723
17.99,0.008940499031607029
18.0,0.009225795787064412
18.01,0.009443899153961863
18.02,0.009514112608374183
18.03,0.009619877346653915
18.04,0.009727977818197177
18.05,0.009783219122340715
18.06,0.009678978903499858
18.07,0.009541856044054584
18.08,0.00936632662912784
18.09,0.009140484928056383
18.1,0.009126133440878982
18.11,0.00930942807007698
18.12,0.009469835446057333
18.13,0.009489788862320318
18.14,0.009419571638343279
18.15,0.009072461087794739
18.16,0.008818928761789954
18.17,0.008582322253424946
18.18,0.008480267480855716
18.19,0.008349762106730534
18.2,0.008263421069531622
18.21,0.008218240050866913
18.22,0.00818286790594839
18.23,0.008261886936012796
18.24,0.008479832762294918
18.25,0.008471086809329967
18.26,0.008313465076240749
18.27,0.007874685694978461
18.28,0.007376510312907276
18.29,0.006946418792099386
18.3,0.006718742106279368
18.31,0.006741707373705166
18.32,0.006845435991639109
18.33,0.006940359033920802
18.34,0.0069049030302788415
18.35,0.006875901677958827
18.36,0.006935734636716525
18.37,0.007012726323876549
18.38,0.007127658635543836
18.39,0.0073539624980248465
18.4,0.007418468730731869
18.41,0.007349121506628315
18.42,0.007235587784512827
18.43,0.007263876677574657
18.44,0.0071692308132385715
18.45,0.0072919989786935525
18.46,0.007615032862604034
18.47,0.008172319692846755
18.48,0.00857701966337069
18.49,0.009048792424057896
18.5,0.009108958413883839
18.51,0.008743882253425143
18.52,0.008001037333504843
18.53,0.0070806695122277155
18.54,0.006128141686436097
18.55,0.005524195158817959
18.56,0.005171319294053672
18.57,0.005389420016890009
18.58,0.005777969845227056
18.59,0.0064823033153606794
18.6,0.006917671507192095
18.61,0.00718576567173692
18.62,0.007135045547128388
18.63,0.006904191133772281
18.64,0.006720959163278405
18.65,0.0067206545424838985
18.66,0.007008655884248807
18.67,0.007262381131161266
18.68,0.007457660466296978
18.69,0.007525988927353154
18.7,0.007403535843128448
18.71,0.007295473389580178
18.72,0.007202540797711705
18.73,0.007255245631309011
18.74,0.007381649517830754
18.75,0.007362215639918347
18.76,0.007468042638587686
18.77,0.007457929706798961
18.78,0.007448503468055644
18.79,0.007360632066902688
18.8,0.0071778133810733126
18.81,0.006929556202273759
18.82,0.0068162949274728265
18.83,0.006702320079529497
18.84,0.006775377832095307
18.85,0.007087674914313266
18.86,0.007619323665988158
18.87,0.007994283905903125
18.88,0.008271668366909922
18.89,0.008422608546867253
18.9,0.008222016046531328
18.91,0.007935766956295458
18.92,0.007892084690856907
18.93,0.007889411316962979
18.94,0.008117852710036849
18.95,0.008342875380908802
18.96,0.008482650015914184
18.97,0.00832958888946294
18.98,0.007940743889973447
18.99,0.0074805865838656884
19.0,0.007182426634021171
19.01,0.007105872872234563
19.02,0.007169938541865874
19.03,0.007169666094551274
19.04,0.007350410072929538
19.05,0.0074304940987255565
19.06,0.007565036220441411
19.07,0.007702740315874731
19.08,0.008120801738058058
19.09,0.008566996434820685
19.1,0.009008389573648374
19.11,0.00944638377482718
19.12,0.009505968528664822
19.13,0.009130929160657369
19.14,0.008605806098135115
19.15,0.007753161664204058
19.16,0.007029505617730325
19.17,0.006437913884047105
19.18,0.006148370756826187
19.19,0.006632078214843946
19.2,0.0074141425470554394
19.21,0.008457218917458794
19.22,0.009286607807880211
19.23,0.009688580234382075
19.24,0.009481707043000522
19.25,0.0086592306446137
19.26,0.007636972396963751
19.27,0.006795903585836577
19.28,0.006116770838007731
19.29,0.006025813903800192
19.3,0.006180426992539229
19.31,0.006330969641650737
19.32,0.006346494788429783
19.33,0.006294647407699935
19.34,0.006124236162115198
19.35,0.0060390655777052184
19.36,0.006119286108534699
19.37,0.006165473069354176
19.38,0.006327281274274368
19.39,0.006535113606015766
19.4,0.0066218887990234674
19.41,0.006679852916558125
19.42,0.0066920706427076575
19.43,0.006904306040471986
19.44,0.007244799668452437
19.45,0.007679396745763072
19.46,0.008161524798643946
19.47,0.008465758453063322
19.48,0.008519139404559884
19.49,0.00835700289920258
19.5,0.007996851424425912
19.51,0.0076173273710601315
19.52,0.007266612311858575
19.53,0.006967601721086466
19.54,0.0068525370722650105
19.55,0.0067558380988115415
19.56,0.006559599623315709
19.57,0.0064298014150657645
19.58,0.0063155809999048
19.59,0.006331431803060294
19.6,0.006544536637946155
19.61,0.006859616156242549
19.62,0.007036288018357301
19.63,0.007117493057445268
19.64,0.007061711179369253
19.65,0.0068547225185363785
19.66,0.00656740843256885
19.67,0.0065883200281255175
19.68,0.006714873638887455
19.69,0.006733426788962616
19.7,0.006793474665276277
19.71,0.006753735948511574
19.72,0.0064573519298386185
19.73,0.006050681993350927
19.74,0.005872153548153757
19.75,0.005718608661959086
19.76,0.005482732043307266
19.77,0.005476040876095721
19.78,0.005455950954799583
19.79,0.00545944752677225
19.8,0.005547946004641714
19.81,0.005802732079406667
19.82,0.006204180077750771
19.83,0.00653439626330825
19.84,0.0070255474470997305
19.85,0.00736407542981351
19.86,0.007500543206941326
19.87,0.0077435737169664525
19.88,0.00770186447148634
19.89,0.0076294623639898
19.9,0.0075855172653163175
19.91,0.007499039723084094
19.92,0.007530658033423733
19.93,0.007497804365845053
19.94,0.007578956195871302
19.95,0.007564065095827855
19.96,0.007282926806600578
19.97,0.0071713329635389
19.98,0.006976074663984955
19.99,0.00694693736938356
20.0,0.007057112548377947
20.01,0.007159934672261793
20.02,0.00720829245103794
20.03,0.006986436932556149
20.04,0.006623335867006171
20.05,0.006233444263306049
20.06,0.005903010920804471
20.07,0.005680945215397669
20.08,0.005466310016557786
20.09,0.005379068892575706
20.1,0.005296878946914989
20.11,0.005362419127377757
20.12,0.00565951087467778
20.13,0.006065498848750897
20.14,0.006405477669011692
20.15,0.006711676405945767
20.16,0.006931965617428924
20.17,0.007009714472713495
20.18,0.007154655755491742
20.19,0.0073465846377679615
20.2,0.007558982306778477
20.21,0.007590954683767982
20.22,0.007422890592948755
20.23,0.007112679508897543
20.24,0.006764394900433054
20.25,0.006533768623839766
20.26,0.006404840415463381
20.27,0.006374045303202668
20.28,0.006340924071758113
20.29,0.006112210794121735
20.3,0.005856790672621039
20.31,0.005467756521788379
20.32,0.005175501598005441
20.33,0.004897213849761116
20.34,0.004865775639436806
20.35,0.004925252292156421
20.36,0.005052482020817646
20.37,0.0051792779919844
20.38,0.005232786397186456
20.39,0.005308495362560501
20.4,0.005480138758571817
20.41,0.005615538333155175
20.42,0.005845724444987052
20.43,0.006000148382383105
20.44,0.0061623655396511835
20.45,0.006121065809270965
20.46,0.006097582527312908
20.47,0.006204803947654912
20.48,0.006220384947556604
20.49,0.006242145507404758
20.5,0.006277157178406139
20.51,0.006219677218929263
20.52,0.006030126703832436
20.53,0.006031877431543234
20.54,0.0060425431954050255
20.55,0.006233202465653124
20.56,0.006413348738654827
20.57,0.006631697110017796
20.58,0.006657258299881184
20.59,0.006420505274088728
20.6,0.006194725833406814
20.61,0.005957373173746744
20.62,0.0057837077165940835
20.63,0.005880543195080771
20.64,0.005934878005174134
20.65,0.006188003618218884
20.66,0.0062268127187812446
20.67,0.0061159523705598216
20.68,0.005965871882857992
20.69,0.005667059494756916
20.7,0.005520233781374753
20.71,0.005521873207513048
20.72,0.00576963284461015
20.73,0.005963822941619545
20.74,0.006173431767284583
20.75,0.006388946017325749
20.76,0.006390278178608954
20.77,0.0062515410964864345
20.78,0.006253238615135498
20.79,0.005929910122824641
20.8,0.005628191903369791
20.81,0.005357805874429971
20.82,0.005108290778990961
20.83,0.004935774739045392
20.84,0.004834399689502563
20.85,0.004994567905532374
20.86,0.0053309378848235235
20.87,0.00556860979359287
20.88,0.005946385358635891
20.89,0.006043360548968502
20.9,0.006117187727799225
20.91,0.005926792979041813
20.92,0.00566820250469685
20.93,0.005587087168847582
20.94,0.005421920022492017
20.95,0.005426159140632741
20.96,0.005648364557885423
20.97,0.005958304871257834
20.98,0.0062149732953180395
20.99,0.006555277209203388
21.0,0.006940166113012917
21.01,0.007104588075498308
21.02,0.007125746199338996
21.03,0.006915155673913807
21.04,0.006439588690478336
21.05,0.005863435038037935
21.06,0.005333201180865515
21.07,0.005048789883876471
21.08,0.0048653409208761714
21.09,0.00484183981014903
21.1,0.004804176363587492
21.11,0.004727566748678376
21.12,0.004462667179372585
21.13,0.0041894586150505835
21.14,0.004037962670094028
21.15,0.0041185336624463284
21.16,0.004377664710723741
21.17,0.00461416312432912
21.18,0.004808362272666502
21.19,0.004881828977580247
21.2,0.0048214210256638775
21.21,0.004775470017982223
21.22,0.004973270069845618
21.23,0.0051323768952709
21.24,0.005473907677819737
21.25,0.005722956842284492
21.26,0.00598420955262561
21.27,0.0060922857817743425
21.28,0.006260066287380826
21.29,0.006296318444566915
21.3,0.006380820329138206
21.31,0.006100598546355142
21.32,0.005856957827316083
21.33,0.0054207469256423195
21.34,0.00509459477244522
21.35,0.0049185295142171355
21.36,0.004956658891753102
21.37,0.004958407380075815
21.38,0.005029223270495667
21.39,0.004951737811197902
21.4,0.004876469408899587
21.41,0.004771675795233915
21.42,0.004749071564477124
21.43,0.004935967097201078
21.44,0.00502236398752267
21.45,0.005194169654780155
21.46,0.0052664352572432726
21.47,0.00534364353859531
21.48,0.005171046846739038
21.49,0.004974776760515304
21.5,0.004698926433027327
21.51,0.004350961636424276
21.52,0.0041278555696364775
21.53,0.003969683648535069
21.54,0.0039290179648903065
21.55,0.0043155426897109
21.56,0.004486637826200964
21.57,0.004870669839894768
21.58,0.0050528957037962105
21.59,0.005022556345677961
21.6,0.004944168155536446
21.61,0.004796354170689653
21.62,0.004975679485000725
21.63,0.005144231503442446
21.64,0.005381798119592158
21.65,0.005693577187277817
21.66,0.005697234506678303
21.67,0.005404297456043432
21.68,0.005138325516314192
21.69,0.00481385080725056
21.7,0.004934103139426649
21.71,0.005193321651554568
21.72,0.00571873932247705
21.73,0.006192624245858398
21.74,0.006530465535526683
21.75,0.0066113104990118765
21.76,0.0066679634908454605
21.77,0.006408836610447255
21.78,0.006275706903610872
21.79,0.005924690828742019
21.8,0.005653829419185716
21.81,0.0053708651901792975
21.82,0.005123868572079946
21.83,0.005119226908858389
21.84,0.005135568846449149
21.85,0.005157490552039568
21.86,0.005188568288446753
21.87,0.0050017560516942665
21.88,0.004765801418833994
21.89,0.004630041370333429
21.9,0.004500467130967254
21.91,0.004452827257650128
21.92,0.004529877998387103
21.93,0.004573769887998845
21.94,0.004754238212249945
21.95,0.004873404911427034
21.96,0.004970951325353838
21.97,0.005148228261178592
21.98,0.005264109138059715
21.99,0.005368490029812698
22.0,0.005449905818577413
22.01,0.005462102509145032
22.02,0.0055459277130651225
22.03,0.005415773198777207
22.04,0.005222018383080435
22.05,0.004935641440824749
22.06,0.004549228017576336
22.07,0.004310810760498974
22.08,0.004326006481337
22.09,0.0045069127309614035
22.1,0.004862720756044026
22.11,0.005240744532365527
22.12,0.005689527783232264
22.13,0.005977435089441993
22.14,0.0063926527762234895
22.15,0.006961372715284077
22.16,0.007460087710221396
22.17,0.007994042108250264
22.18,0.008284085421234474
22.19,0.00816355591111291
22.2,0.007872167217638892
22.21,0.0072947592536862504
22.22,0.0069851193932291295
22.23,0.006547381334414116
22.24,0.006164958261634391
22.25,0.0058118121889437335
22.26,0.0053453668234571755
22.27,0.004847248255574838
22.28,0.004515957460205948
22.29,0.0042944413800594244
22.3,0.004398821873498096
22.31,0.004503966909752926
22.32,0.004684925805687145
22.33,0.004819508589458833
22.34,0.004892702284305977
22.35,0.004951355738946923
22.36,0.005102606116685832
22.37,0.005239210398846813
22.38,0.005391612837853519
22.39,0.005559729574982379
22.4,0.006012474203292312
22.41,0.006429906707685416
22.42,0.006981974806597737
22.43,0.007449382519257247
22.44,0.0076618570769722725
22.45,0.007362685738772357
22.46,0.006695815988711028
22.47,0.005761547818478149
22.48,0.004850361794230438
22.49,0.004140588666257381
22.5,0.003898675399959283
22.51,0.003819638541125679
22.52,0.0038592181934569325
22.53,0.003892233569530001
22.54,0.004074803481328986
22.55,0.0040662461169551495
22.56,0.0041894586150505704
22.57,0.004319837660974196
22.58,0.004428068230283645
22.59,0.004533483069792324
22.6,0.00452776623400748
22.61,0.0046374809282282315
22.62,0.004712314611965696
22.63,0.004814860518970252
22.64,0.005025534340366901
22.65,0.005121766984531614
22.66,0.005030427978073156
22.67,0.004842929611027336
22.68,0.004689139157615054
22.69,0.004541216673335716
22.7,0.004362385131162365
22.71,0.0045483489663750735
22.72,0.004753340769527517
22.73,0.004982977256099105
22.74,0.005169652987818231
22.75,0.00527007097830992
22.76,0.0053257712370505545
22.77,0.00528630064690381
22.78,0.0052464511913188575
22.79,0.005285676777000046
22.8,0.0051922040095135095
22.81,0.005022090977456076
22.82,0.004882831712921992
22.83,0.004757355356032251
22.84,0.004813111467895332
22.85,0.004877093841555174
22.86,0.005114687900553897
22.87,0.005283301616633216
22.88,0.005298466289495317
22.89,0.00530303050126041
22.9,0.005312456740003734
22.91,0.0053676948373345915
22.92,0.005544204428203204
22.93,0.0057086047923547165
22.94,0.005953275291270302
22.95,0.006017203893116451
22.96,0.006093704445841283
22.97,0.005942507277164187
22.98,0.0056484736200697406
22.99,0.005335422007429679
23.0,0.004898303650639453
23.01,0.004488630914316771
23.02,0.0040975694205798606
23.03,0.0036844845337599317
23.04,0.003561330690927003
23.05,0.0035131410279121084
23.06,0.003699372426990665
23.07,0.004184182905093278
23.08,0.004748257980478029
23.09,0.005155525469524442
23.1,0.005322027983975946
23.11,0.005306340565950729
23.12,0.005055406806444454
23.13,0.004721846706080654
23.14,0.004494095775616952
23.15,0.004337846467552181
23.16,0.0041466381347958995
23.17,0.0040174637964499075
23.18,0.003993598442240977
23.19,0.004201946144453948
23.2,0.004479859195139114
23.21,0.00489606555805831
23.22,0.005187969622003822
23.23,0.005284254912478335
23.24,0.005171319856805744
23.25,0.004974720344640908
23.26,0.0047120942482090636
23.27,0.004558518314038327
23.28,0.004446518162689579
23.29,0.004278972649154682
23.3,0.00397430483892654
23.31,0.003592595339289273
23.32,0.0031661707519616794
23.33,0.002726103367150154
23.34,0.0024687176003827713
23.35,0.0025390982094899194
23.36,0.0030235482136755027
23.37,0.0038543207861858266
23.38,0.004847875895043096
23.39,0.005723857491818967
23.4,0.006076740168522804
23.41,0.005994305218396284
23.42,0.0053877041067197165
23.43,0.004715558646701378
23.44,0.004264812951022256
23.45,0.00396664980072356
23.46,0.004089484394447245
23.47,0.004381493352698115
23.48,0.0045767510895000805
23.49,0.004736474972889355
23.5,0.004730050408477183
23.51,0.004760336557533648
23.52,0.004723380839599359
23.53,0.0046944675138818085
23.54,0.0047733990800957315
23.55,0.004770831561573329
23.56,0.004799471877224309
23.57,0.004781326565612926
23.58,0.004816474741647595
23.59,0.004711905096865829
23.6,0.004667761232769575
23.61,0.0046028513294778155
23.62,0.0046329693627730276
23.63,0.0047104548220707615
23.64,0.0047993353721912085
23.65,0.0048141527903429945
23.66,0.0047224839596290155
23.67,0.004413801000143984
23.68,0.0040262355156277935
23.69,0.0037006609932918296
23.7,0.0033880999523352136
23.71,0.003250101811253479
23.72,0.003193637970763098
23.73,0.0032534645222536958
23.74,0.00340515602582035
23.75,0.0035397324023249944
23.76,0.0037276128416217826
23.77,0.004054006394157398
23.78,0.004311553306667021
23.79,0.004580765676005191
23.8,0.004665575786498163
23.81,0.004561036791377966
23.82,0.004342876610291718
23.83,0.003906224582790193
23.84,0.0036699927719842846
23.85,0.0036411068891156165
23.86,0.003786125623350123
23.87,0.004252570988836684
23.88,0.004767906775946483
23.89,0.005205732861363925
23.9,0.005476422948346299
23.91,0.005452424295916808
23.92,0.0052803736241936895
23.93,0.004951874316231005
23.94,0.004652869569974039
23.95,0.0044357153310426185
23.96,0.004352026632155765
23.97,0.00437105099496833
23.98,0.00429258535972873
23.99,0.004259706488688959
24.0,0.0040672090268796595
24.01,0.003874106086687636
24.02,0.003606722857583015
24.03,0.0034873137980012577
24.04,0.0034499549722342327
24.05,0.0035172120302917206
24.06,0.003656468088012845
24.07,0.0038377838527369887
24.08,0.004075819037563363
24.09,0.00431715467300038
24.1,0.004573959602094029
24.11,0.004781326565613195
24.12,0.004851076897549495
24.13,0.004822626295993585
24.14,0.00474068191755038
24.15,0.004744811410754694
24.16,0.004728600133682036
24.17,0.0047764329279069056
24.18,0.004821095369287477
24.19,0.004804312868620945
24.2,0.004661315632775824
24.21,0.004480948996017456
24.22,0.004334017825578008
24.23,0.00426442824106957
24.24,0.0041828765100233286
24.25,0.004179156531918682
24.26,0.004059695224341313
24.27,0.003821796544548152
24.28,0.0033170648236624154
24.29,0.0029690532252645615
24.3,0.002644410400439657
24.31,0.0024444739434874583
24.32,0.0023728670284688083
24.33,0.0024208669773885683
24.34,0.002424121188956361
24.35,0.002417802479915842
24.36,0.002527371055023553
24.37,0.0026900229308522944
24.38,0.003007235249110336
24.39,0.0033476798359080425
24.4,0.003901986027401639
24.41,0.004335331595339923
24.42,0.004791407886674175
24.43,0.005153174545194699
24.44,0.005454991814439805
24.45,0.005496050145481521
24.46,0.0053368938805590975
24.47,0.005011161254855938
24.48,0.004763229732432702
24.49,0.00448761535808245
24.5,0.004532550809529504
24.51,0.004703406387754801
24.52,0.004803468634960414
24.53,0.0049936087651723925
24.54,0.004999241179481949
24.55,0.004898874874233838
24.56,0.004669652633393009
24.57,0.0044669579827570725
24.58,0.004246833117470383
24.59,0.004082699356118313
24.6,0.004098528560939968
24.61,0.004262133732613611
24.62,0.0044283105906886625
24.63,0.004732460386384641
24.64,0.004942966092020073
24.65,0.00496991473353718
24.66,0.004853613766410027
24.67,0.004650820628735825
24.68,0.004235844341292814
24.69,0.0038733457117505316
24.7,0.003544243967780287
24.71,0.003377107969345256
24.72,0.003486739367594547
24.73,0.003711348355487529
24.74,0.004181237083885031
24.75,0.004440392374557003
24.76,0.004554094212433762
24.77,0.0043564054621427605
24.78,0.0038497291315722124
24.79,0.003318160469056077
24.8,0.002873114626748587
24.81,0.0026076754445766804
24.82,0.0026981918157083576
24.83,0.0029107295948791125
24.84,0.0032796211781055745
24.85,0.0034373835841071316
24.86,0.0037077964931438645
24.87,0.0037827138711671797
24.88,0.003973509083696554
24.89,0.0041224997705202725
24.9,0.00440587351462653
24.91,0.004590118232856615
24.92,0.004810103386297307
24.93,0.005070848094500275
24.94,0.0051961347372949185
24.95,0.005242710177632309
24.96,0.005222599220754163
24.97,0.005067870662563589
24.98,0.004723983673921282
24.99,0.0043391780660833055
25.0,0.004037254941466686
25.01,0.003790966614746665
25.02,0.0037103117636709854
25.03,0.003804684617940604
25.04,0.0038700915001827875
25.05,0.003971904475099041
25.06,0.0038976984308300012
25.07,0.003835027182871366
25.08,0.003740429796965988
25.09,0.0036204715104383497
25.1,0.0036349284546731675
25.11,0.0036356710008412572
25.12,0.003609843770930296
25.13,0.0034814399843531773
25.14,0.003180270827406568
25.15,0.0029241177738177112
25.16,0.00265687104974627
25.17,0.0024753345229509434
25.18,0.0025907037925669276
25.19,0.0027195422977048145
25.2,0.0030157339582217325
25.21,0.003313648903600448
25.22,0.003551242962599015
25.23,0.0037150162500338593
25.24,0.0037943825348085466
25.25,0.00372187497025493
25.26,0.0036422531058686
25.27,0.003579942331827193
25.28,0.003683552273497094
25.29,0.0037795967273850204
25.3,0.003939895041180964
25.31,0.004077269312358823
25.32,0.004152428652472652
25.33,0.004036594014634231
25.34,0.003977558487742396
25.35,0.0037676546553625997
25.36,0.0035597164682495256
25.37,0.0034454960530885302
25.38,0.0033867587397241445
25.39,0.003652256975472748
25.4,0.004001556577419693
25.41,0.004478900054778714
25.42,0.00488655546059114
25.43,0.005046664060292131
25.44,0.005019880327723565
25.45,0.004738958632688376
25.46,0.004364161062333916
25.47,0.004059089183206696
25.48,0.0036375307907363795
25.49,0.0033584478500142973
25.5,0.003026228962261359
25.51,0.0028705471082259696
25.52,0.003007178833235904
25.53,0.0033333245791659447
25.54,0.0038562063422940616
25.55,0.004363593608304647
25.56,0.00464210532543265
25.57,0.0045091061146767175
25.58,0.00423799913790275
25.59,0.003854184281152795
25.6,0.003529510408351944
25.61,0.0034433380496662297
25.62,0.0035690062019597436
25.63,0.003802064453108464
25.64,0.003982970702732801
25.65,0.00396818810212157
25.66,0.0037917623699763622
25.67,0.0034784587828517117
25.68,0.003164500113409655
25.69,0.0028692058956150774
25.7,0.0027104417153378632
25.71,0.0027158007212664485
25.72,0.002633752011269887
25.73,0.0026020155874180648
25.74,0.002599149292616189
25.75,0.002534260987658105
25.76,0.0023552402941416266
25.77,0.0024473492896170696
25.78,0.002496712447796006
25.79,0.0025641592199485918
25.8,0.0026219684409289415
25.81,0.0028408417968431693
25.82,0.0029558015513593597
25.83,0.003021580891772722
25.84,0.0031279580784542038
25.85,0.003154334535311071
25.86,0.0030273810235291773
25.87,0.002993213586188268
25.88,0.0029031003228892367
25.89,0.0029673299404026445
25.9,0.002951342632213811
25.91,0.003066134270968727
25.92,0.003308184042300104
25.93,0.003437022547438079
25.94,0.0036828977539313445
25.95,0.003875121642922283
25.96,0.004034764874400893
25.97,0.004110474402526935
25.98,0.003941345315976182
25.99,0.0036837768051326825
26.0,0.0033106150557893795
26.01,0.0029133497597112912
26.02,0.0027338063210315994
26.03,0.0025979445850385858
26.04,0.0028442851597541307
26.05,0.003185055402928135
26.06,0.003543148322386725
26.07,0.003904312146585096
26.08,0.00419914003509101
26.09,0.004309640870461757
26.1,0.004317779105656044
26.11,0.004353613411984273
26.12,0.004301194807660501
26.13,0.004036541368324331
26.14,0.0038455221869110805
26.15,0.0035682984733321228
26.16,0.003374760814579216
26.17,0.003336631437043279
26.18,0.00343721169878114
26.19,0.0035889069719125424
26.2,0.00368601866727858
26.21,0.003593474390490491
26.22,0.003394273105014554
26.23,0.003058862266083438
26.24,0.0029555770197236706
26.25,0.002796593038441685
26.26,0.0029143869142798174
26.27,0.0032382439962691575
26.28,0.0034809424426509587
26.29,0.003680712307660119
26.3,0.00384915790797808
26.31,0.00391992058933606
26.32,0.0038507414809937604
26.33,0.003713177495720779
26.34,0.003541623802948051
26.35,0.0033179397069848402
26.36,0.003139359576544296
26.37,0.003204044948200342
26.38,0.0033515015015053483
26.39,0.0037029555017477124
26.4,0.004052889150430221
26.41,0.004419349720167602
26.42,0.00449847460560369
26.43,0.004466492614534343
26.44,0.004190526817594911
26.45,0.003793863957524511
26.46,0.0033084296095179577
26.47,0.0029739468629708526
26.48,0.002642932682795609
26.49,0.0025208379911792365
26.5,0.002564981855275621
26.51,0.002818374071119976
26.52,0.002969712475461383
26.53,0.0030437229611201956
26.54,0.0030042055691785817
26.55,0.002844719878315106
26.56,0.0026342668189894016
26.57,0.002598652313665948
26.58,0.002587123924622548
26.59,0.0027452642349959475
26.6,0.0029513426322139436
26.61,0.0032881999763756564
26.62,0.003585978416721194
26.63,0.003946266396531168
26.64,0.0041795170058357605
26.65,0.004298186726062354
26.66,0.004160790856550653
26.67,0.003898160592239836
26.68,0.00355933439599872
26.69,0.0034046058378082614
26.7,0.0033794340885291117
26.71,0.0035711083522597365
26.72,0.0037600043477910403
26.73,0.003920302661587001
26.74,0.0038502793195841407
26.75,0.003685055757353927
26.76,0.0034243695399759485
26.77,0.0032622636842803117
26.78,0.0032063710673839404
26.79,0.003402420391536619
26.8,0.0036358075058744734
26.81,0.003908084372685378
26.82,0.004091642397869975
26.83,0.004288017378399028
26.84,0.004358507049690572
26.85,0.0043972076508205764
26.86,0.004379062339209291
26.87,0.004327786182073487
26.88,0.004226796405235866
26.89,0.004081855122457696
26.9,0.003913167161734697
26.91,0.0037608485814514298
26.92,0.0035545498204767366
26.93,0.003330949981551294
26.94,0.0032014247833680076
26.95,0.0032078487850282647
26.96,0.00322927351166836
26.97,0.0032408372810043195
26.98,0.003207579544526353
26.99,0.0031380490135948175
27.0,0.002955220713685641
27.01,0.0029561175936560725
27.02,0.0031748860552650473
27.03,0.0033884293782763496
27.04,0.0036266268343489666
27.05,0.003668742792788934
27.06,0.0036359440109079103
27.07,0.0033638562954400736
27.08,0.003181440717443498
27.09,0.0031327426539762707
27.1,0.0031290785289943383
27.11,0.003159778361029708
27.12,0.0031378502481721744
27.13,0.003030604022683572
27.14,0.002952186865874674
27.15,0.0027500740139787994
27.16,0.0027609785331182417
27.17,0.002706998352426781
27.18,0.0027715261834677283
27.19,0.0028527838688654724
27.2,0.0029305981913523107
27.21,0.0030537268307243436
27.22,0.0032061819160408766
27.23,0.0034092264654477533
27.24,0.003667372607152256
27.25,0.0038424044803766835
27.26,0.003923336509398038
27.27,0.003852275614512529
27.28,0.0036532450888586278
27.29,0.003369321156740237
27.3,0.003151595694214755
27.31,0.003131621242369948
27.32,0.0032305620779693703
27.33,0.0034540786209233715
27.34,0.003717499909833025
27.35,0.0038542406970273313
27.36,0.003960204763481834
27.37,0.003968650263531267
27.38,0.00403317809457217
27.39,0.003975646051537337
27.4,0.004035037884467188
27.41,0.00417959709499443
27.42,0.004212224554301524
27.43,0.004306576372989338
27.44,0.0043446525414635095
27.45,0.004098259320438114
27.46,0.003795640451448117
27.47,0.0033709079365686775
27.48,0.002974136014313861
27.49,0.0026676390638522645
27.5,0.0025616749973977914
27.51,0.00260843958907832
27.52,0.0027158539303281364
27.53,0.0028662068653446766
27.54,0.0029618376362537087
27.55,0.0029812408645044594
27.56,0.002968643710164773
27.57,0.002897582815279227
27.58,0.0027157174252947607
27.59,0.0025495131243707765
27.6,0.002473176519528184
27.61,0.0023919188341304898
27.62,0.002555005428519924
27.63,0.002765788312100986
27.64,0.0029622197085045
27.65,0.0030684077438427764
27.66,0.003029675531984821
27.67,0.002801921394708393
27.68,0.002532919775047167
27.69,0.002375822463757236
27.7,0.0023226338704165762
27.71,0.002357289235379989
27.72,0.002575287707972027
27.73,0.0027850856849802015
27.74,0.0029112481721633144
27.75,0.0029397519827810375
27.76,0.0028798722222286265
27.77,0.0027402340922565013
27.78,0.0024884286562407228
27.79,0.002359338176618118
27.8,0.0022112581517236027
27.81,0.002218855812985451
27.82,0.0022768015389991064
27.83,0.002315800353656525
27.84,0.0023672130158255943
27.85,0.0023221717090069153
27.86,0.002223612945658375
27.87,0.002128224535154168
27.88,0.00200739040423795
27.89,0.0020152926862942754
27.9,0.0021321332662874335
27.91,0.002381150820024145
27.92,0.0027215079429713475
27.93,0.00293904425415377
27.94,0.0031590390216742112
27.95,0.003042633160241862
27.96,0.0028793752432784174
27.97,0.0027988311310230985
27.98,0.0026886285091798534
27.99,0.002714130645466425
28.0,0.002831713771627586
28.01,0.002937215113920517
28.02,0.0029808061459438997
28.03,0.0028705196653771737
28.04,0.002880334383638417
28.05,0.002837206075776557
28.06,0.0028925526725397817
28.07,0.003096991643619338
28.08,0.003244798658447301
28.09,0.003412207666948962
28.1,0.00346260797969625
28.11,0.003445170396712203
28.12,0.0032927679577054877
28.13,0.0030054845213995994
28.14,0.002771091464906927
28.15,0.0026224612520002466
28.16,0.002613658883160765
28.17,0.002683325919125556
28.18,0.00293576483912497
28.19,0.0031536268066837195
28.2,0.0031944547615745784
28.21,0.003153978229272948
28.22,0.0030468675477513586
28.23,0.0029355192719073423
28.24,0.002907251414427467
28.25,0.00306446363241694
28.26,0.003381241232114209
28.27,0.003566196885784297
28.28,0.003748550203391287
28.29,0.003939512968929945
28.3,0.004045203462565929
28.31,0.0041789636110108625
28.32,0.00429780465381139
28.33,0.004441870092200947
28.34,0.004394450980954968
28.35,0.004125176351227216
28.36,0.0037326429843612245
28.37,0.003295089909010303
28.38,0.002842152359792603
28.39,0.002680046504096905
28.4,0.0026636771236571584
28.41,0.0028271457902975007
28.42,0.0030361527427069097
28.43,0.0032182636999090234
28.44,0.003205719754631185
28.45,0.0031024038586097646
28.46,0.002935817485434839
28.47,0.0028705471082258616
28.48,0.0028684981669876175
28.49,0.002979275219237596
28.5,0.0034245899037325055
28.51,0.0037726009393784198
28.52,0.004124024289959214
28.53,0.004321393791140901
28.54,0.004315518453674541
28.55,0.00427446749096614
28.56,0.004054928477588334
28.57,0.003993461937207363
28.58,0.0041369309485420214
28.59,0.004041245291935228
28.6,0.004032579990881029
28.61,0.003842215329033443
28.62,0.0034327623937156233
28.63,0.0030250516975326527
28.64,0.0027612203307712424
28.65,0.002807931713389929
28.66,0.0030191246748227383
28.67,0.003256309218721531
28.68,0.0035005169934754347
28.69,0.0035458313103606627
28.7,0.0033275066186403465
28.71,0.0030812773454971477
28.72,0.002662146759703187
28.73,0.002294810345577253
28.74,0.002048444567400758
28.75,0.0018653212607768622
28.76,0.0018803278302718027
28.77,0.001956937445180982
28.78,0.0020535837723245865
28.79,0.0021904610645521643
28.8,0.00229984048831672
28.81,0.0025375678455358975
28.82,0.0027558645316553615
28.83,0.003048696687984883
28.84,0.0032107498973707183
28.85,0.003136680358135048
28.86,0.0029267733189425223
28.87,0.002534124482625018
28.88,0.002114611824580104
28.89,0.002021492719070768
28.9,0.0019806625247918135
28.91,0.0021842262142347745
28.92,0.0023389547724252395
28.93,0.0024993890285025596
28.94,0.0025348111756701352
28.95,0.0024621570936890613
28.96,0.0025818482146652976
28.97,0.002676031917591804
28.98,0.00272118228659483
28.99,0.002873066148317314
29.0,0.0030419739100449694
29.01,0.003188362260805633
29.02,0.003370410957618113
29.03,0.0035901643257999507
29.04,0.003714276910678595
29.05,0.0036611199280658685
29.06,0.003636515234501667
29.07,0.0034454121943650563
29.08,0.0034565897235711426
29.09,0.003446700760666275
29.1,0.003620800936379655
29.11,0.0037412255521961047
29.12,0.0037246880559951793
29.13,0.003508853994092768
29.14,0.003158023465439712
29.15,0.002696366843353894
29.16,0.00234203709866736
29.17,0.002043414424661222
29.18,0.0019915670439314254
29.19,0.0021353036191319244
29.2,0.002364095309291123
29.21,0.0026412658138082676
29.22,0.002933852402920198
29.23,0.0030396519587406025
29.24,0.0031561636755446454
29.25,0.003145532166471721
29.26,0.0031874864164175526
29.27,0.0031449609428777794
29.28,0.003005866593650778
29.29,0.0029056468058300524
29.3,0.002818510576153181
29.31,0.0025802339919880654
29.32,0.002487931677290364
29.33,0.0024135423261932927
29.34,0.0023779278208698722
29.35,0.002421245842826763
29.36,0.002511520251868113
29.37,0.002625877172062397
29.38,0.002638918659042668
29.39,0.0025078350913044626
29.4,0.0023234296256465143
29.41,0.002077084883051832
29.42,0.001815989150573984
29.43,0.0018050810263073333
29.44,0.001999767539515235
29.45,0.0023121114235279674
29.46,0.0026325473036921242
29.47,0.0028366074093336053
29.48,0.0028559574285226346
29.49,0.0027953883308640655
29.5,0.0026539989104292752
29.51,0.0025873130759657523
29.52,0.002509828179420001
29.53,0.0024519699172568885
29.54,0.0024296386965666325
29.55,0.002319243716567514
29.56,0.0022668777585535286
29.57,0.002322633870416612
29.58,0.0024662339405837987
29.59,0.0025980536472230004
29.6,0.002738048645985115
29.61,0.0027118393438232418
29.62,0.00245743477855714
29.63,0.0021387195391940647
29.64,0.0018166442328915247
29.65,0.0015562035827311428
29.66,0.0013956012108925452
29.67,0.0014454829463556092
29.68,0.001589029807461031
29.69,0.0017108172342221867
29.7,0.0018681659572449406
29.71,0.0020242567636282274
29.72,0.0022652383324152188
29.73,0.0024021408281036964
29.74,0.0025981901522563597
29.75,0.0027533282255466822
29.76,0.002698472200466718
29.77,0.002649602814425422
29.78,0.0024891363848681407
29.79,0.0022841788365043263
29.8,0.002189010789756828
29.81,0.0022464063277583142
29.82,0.002495560386528281
29.83,0.0028847310423941942
29.84,0.0033253486152179206
29.85,0.0037798729442642576
29.86,0.003980214032867471
29.87,0.0040107667847233824
29.88,0.0038312017477098352
29.89,0.003435383121299897
29.9,0.00298258207711539
29.91,0.0028062922872515157
29.92,0.0026586469809177253
29.93,0.0026834624241588796
29.94,0.0027655991607578563
29.95,0.0027847600286037485
29.96,0.0026443835203427014
29.97,0.0025273184087138186
29.98,0.0024801717447824273
29.99,0.002570856231675483
30.0,0.0027000557734825
30.01,0.0029027220202031963
30.02,0.0028570261938190445
30.03,0.0027125470724506115
30.04,0.002439940779698635
30.05,0.0021258145572472325
30.06,0.0019165974179128475
30.07,0.0018839109050289315
30.08,0.0018418201500498147
30.09,0.0018237490830820711
30.1,0.001821401365564419
30.11,0.001948056663818807
30.12,0.0019393633571636348
30.13,0.0020853944408199478
30.14,0.0022229052170311212
30.15,0.002187154206674456
30.16,0.002029203610396086
30.17,0.0018374977359374791
30.18,0.0016861382960142433
30.19,0.0015600290178928982
30.2,0.0014889933264683097
30.21,0.0016898272261427654
30.22,0.0018438690912878247
30.23,0.0021250541823098243
30.24,0.0023515513640131
30.25,0.0025394001925818995
30.26,0.002628287149969437
30.27,0.0026382319659969578
30.28,0.0025852641347273325
30.29,0.0025329197750471938
30.3,0.002439751628355251
30.31,0.0023709852419255624
30.32,0.002412474123648942
30.33,0.0025442374144135737
30.34,0.0026470563314846293
30.35,0.0027413555038625355
30.36,0.002764152092775207
30.37,0.002683770251766016
30.38,0.002525977196102818
30.39,0.0023586830943006475
30.4,0.0022845883516040477
30.41,0.002173023481568041
30.42,0.0021577439020065542
30.43,0.002129811314982838
30.44,0.002190923225961826
30.45,0.0022895346356201947
30.46,0.0025048506829903677
30.47,0.0027537629441073664
30.48,0.00295274026069949
30.49,0.002928360098770999
30.5,0.0027593643104407693
30.51,0.0025442374144136947
30.52,0.0023765301923845735
30.53,0.002221889660796558
30.54,0.0022341079496980684
30.55,0.002233400221070778
30.56,0.0021196983831940183
30.57,0.0019825755237488107
30.58,0.0018928717755496227
30.59,0.0017608881210282796
30.6,0.0017489992580678856
30.61,0.0018870812578731212
30.62,0.002045001204489847
30.63,0.002220548448185703
30.64,0.002445352994688794
30.65,0.0026219990905906442
30.66,0.0027207475680342047
30.67,0.002689806336660299
30.68,0.002592588785922716
30.69,0.002297928052111709
30.7,0.0020175871947502267
30.71,0.0017934687785405338
30.72,0.0018000508835678377
30.73,0.0018903042570272484
30.74,0.0022418947623030613
30.75,0.0026384000817584463
30.76,0.0029538827078876236
30.77,0.003191589029524945
30.78,0.0032515520860487935
30.79,0.003136623942260514
30.8,0.0030903220747415033
30.81,0.0029205379058732384
30.82,0.002857677506571509
30.83,0.0028096555610035365
30.84,0.0026805160401982835
30.85,0.0026678846310699703
30.86,0.0025090365920693663
30.87,0.0024547265871225354
30.88,0.002410043110160203
30.89,0.0024428903704719475
30.9,0.0025747691306879437
30.91,0.0027615497567123246
30.92,0.0027653261506913485
30.93,0.0027661177380420435
30.94,0.0025644670475559
30.95,0.00229481034557721
30.96,0.0019552141603191623
30.97,0.0017229791072491242
30.98,0.0017037123840316225
30.99,0.0018422823114593462
31.0,0.0020316872701950715
31.01,0.0023741555947700485
31.02,0.002512483161792912
31.03,0.0025425178991166863
31.04,0.0024433040534507836
31.05,0.002269172267009535
31.06,0.002074082645968842
31.07,0.0019314358716465327
31.08,0.0019996310344821576
31.09,0.002081842015724772
31.1,0.0021403063190225838
31.11,0.002195354702258429
31.12,0.002241187033675857
31.13,0.0022318660875521707
31.14,0.0022073178098624088
31.15,0.0022643940987545088
31.16,0.002242773813504254
31.17,0.0021277623737445614
31.18,0.0021513999895050482
31.19,0.0020568900674502373
31.2,0.002026495418961372
31.21,0.0021126467420652384
31.22,0.0023134526361388067
31.23,0.002563587996354464
31.24,0.002654931170691997
31.25,0.0026602901766205824
31.26,0.0025572262550838643
31.27,0.0021701513422510404
31.28,0.0018301730847421426
31.29,0.0014613337495111589
31.3,0.0011387962817990523
31.31,0.0010534681567738384
31.32,0.0012296699200351456
31.33,0.0016305713354942792
31.34,0.0020492613582123575
31.35,0.002524509092538467
31.36,0.0029596828396438114
31.37,0.0031019943435099573
31.38,0.003061020832258032
31.39,0.002861176722605213
31.4,0.0025992331513397422
31.41,0.0021666521262177166
31.42,0.001972651743303261
31.43,0.0018767754051766102
31.44,0.00182727574196448
31.45,0.001965137940764975
31.46,0.00223602038590318
31.47,0.002608004870517685
31.48,0.002880579950856041
31.49,0.003058918681958065
31.5,0.0031885551817137413
31.51,0.0030239376606182892
31.52,0.0027537629441073525
31.53,0.002395471259225764
31.54,0.0019912940338649627
31.55,0.0016899637311760917
31.56,0.0014454829463556235
31.57,0.0014092133587148058
31.58,0.0015044094110631258
31.59,0.0015876885948501588
31.6,0.001798880993531067
31.61,0.001928679201780981
31.62,0.0019515816460652583
31.63,0.0019112416187969388
31.64,0.0017732429149632024
31.65,0.0015646496455326234
31.66,0.0014894028415681317
31.67,0.0015769480235927713
31.68,0.001849796113997681
31.69,0.0022913111295437163
31.7,0.0027398245771567526
31.71,0.0029943382046072925
31.72,0.003127852785834713
31.73,0.002947762764270027
31.74,0.002634648891240429
31.75,0.0021769015630399603
31.76,0.0019065677820956132
31.77,0.001788140422273909
31.78,0.0018748007085822112
31.79,0.002101794869235903
31.8,0.002513600405520184
31.81,0.0027699215748702697
31.82,0.003023304176634752
31.83,0.0031154141331764416
31.84,0.0030404961924010705
31.85,0.002836361842115962
31.86,0.0026797208477205422
31.87,0.002478368370761858
31.88,0.0024995223267234093
31.89,0.002414113549787505
31.9,0.0024402702056395753
31.91,0.0025040903080532405
31.92,0.0025182736794695064
31.93,0.0024765924395902528
31.94,0.0023797569611035485
31.95,0.0022353126572757977
31.96,0.002130084325049448
31.97,0.0019393633571637078
31.98,0.0018270027318979093
31.99,0.001656538840003305
32.0,0.001495883259102968
32.01,0.0014398815800221556
32.02,0.00155010523744726
32.03,0.0016897433674193335
32.04,0.0020057509780995993
32.05,0.002314657906468414
32.06,0.0026431256037032025
32.07,0.00292696247028548
32.08,0.00315304596900994
32.09,0.0033204549775116524
32.1,0.0034071248778998336
32.11,0.003386243932004867
32.12,0.003374162148136578
32.13,0.003234303654407746
32.14,0.003053779477034137
32.15,0.002885746598628542
32.16,0.002658132173198067
32.17,0.002478452229485123
32.18,0.0024126632749920515
32.19,0.002333045015732813
32.2,0.0023574257404133615
32.21,0.00240151695820004
32.22,0.002410617540567019
32.23,0.002273411385150315
32.24,0.002011079334366848
32.25,0.0017290774525330517
32.26,0.0014250115155604512
32.27,0.0011837010835843073
32.28,0.0011475680009767652
32.29,0.0011525981437162144
32.3,0.0012825328569993871
32.31,0.001500966048152177
32.32,0.0017382312439617124
32.33,0.0018579165204228706
32.34,0.0019893289513503005
32.35,0.002011849323383756
32.36,0.0021358748427262758
32.37,0.002226835944813019
32.38,0.002295192417828589
32.39,0.002279593589157756
32.4,0.0021006772271945843
32.41,0.0018782788890339347
32.42,0.001652542082267668
32.43,0.0014906601954557913
32.44,0.0015650591606325053
32.45,0.001625544962319588
32.46,0.0017760876114311685
32.47,0.0018093759975706693
32.48,0.0017451738229060383
32.49,0.0016847970834032585
32.5,0.0016084330357117103
32.51,0.0017072648091267272
32.52,0.0019409775798409912
32.53,0.0021961150771953424
32.54,0.002410723395938216
32.55,0.0025543541157670943
32.56,0.0025175133045323445
32.57,0.0023415749372578403
32.58,0.0021563462735212486
32.59,0.0019689628131748026
32.6,0.0019135635701016747
32.61,0.00199454824543278
32.62,0.002137188612487972
32.63,0.0022685177474438727
32.64,0.002332803218079996
32.65,0.0023547523665193425
32.66,0.002281061692721784
32.67,0.002112808450559543
32.68,0.002011985828416759
32.69,0.0017726716913689584
32.7,0.0016190645447846292
32.71,0.0015754703059485686
32.72,0.0015722999531042482
32.73,0.0015803112973450145
32.74,0.0016638634911986536
32.75,0.0017500674606124218
32.76,0.0018583786818325721
32.77,0.0019670503769698314
32.78,0.0021318602562211066
32.79,0.002297928052111722
32.8,0.002401951676760372
32.81,0.0024401337006061076
32.82,0.0025650657139987387
32.83,0.0025615384923644295
32.84,0.0026070983764673833
32.85,0.0025957064924574604
32.86,0.00243294876125716
32.87,0.0020947469976718004
32.88,0.0016627114299309282
32.89,0.0012788965731808828
32.9,0.0010769692675010073
32.91,0.0009670438236032793
32.92,0.0011041666830484194
32.93,0.0012265875937931023
32.94,0.001256432617021709
32.95,0.0012442143281202228
32.96,0.0011406254220322784
32.97,0.001071340458318419
32.98,0.0011089512585701952
32.99,0.001180530730739937
33.0,0.001313499291834186
33.01,0.0015497795810707642
33.02,0.0017777544804182517
33.03,0.0020437964969120623
33.04,0.0022753238213547708
33.05,0.0025339353312816585
33.06,0.0026406945902140615
33.07,0.002651897322881077
33.08,0.002575151202938682
33.09,0.002462927082706188
33.1,0.002244220881486952
33.11,0.0021250541823099886
33.12,0.001989381597660056
33.13,0.0019570739502143553
33.14,0.0018575344481720163
33.15,0.0019746480382315974
33.16,0.0020425701910006208
33.17,0.0020771939452358854
33.18,0.0021430419533057473
33.19,0.00211283910022071
33.2,0.0020256511853004445
33.21,0.002004027693237645
33.22,0.0020244459149711177
33.23,0.0021401972568381076
33.24,0.0021683754110795508
33.25,0.002233263716037539
33.26,0.0021960624308855364
33.27,0.0019442569948697353
33.28,0.001712729670426969
33.29,0.0015162456277134926
33.3,0.0013711678399020532
33.31,0.00134678767797359
33.32,0.00136911889866382
33.33,0.0013708421835256512
33.34,0.0013791791841428187
33.35,0.001267116772404553
33.36,0.001298247155121641
33.37,0.0013432352528785555
33.38,0.0016488005058291504
33.39,0.0022216440935791462
33.4,0.0027353656580115203
33.41,0.003311410811019526
33.42,0.0035608410866688547
33.43,0.0034952976993934165
33.44,0.0032512232228599715
33.45,0.002747527531038565
33.46,0.0022926523421548505
33.47,0.0018478310314829225
33.48,0.001550847783615063
33.49,0.0013849697018193336
33.5,0.001227484473763347
33.51,0.0012024798791791355
33.52,0.0011473788496335503
33.53,0.001199362735396741
33.54,0.0012841722831378154
33.55,0.0014405893086494711
33.56,0.001596025595467315
33.57,0.0017523619690682608
33.58,0.0018399077138449222
33.59,0.0017992630657821054
33.6,0.001854118528110194
33.61,0.0018704040498264826
33.62,0.0018462694551156773
33.63,0.0020100733922122725
33.64,0.0020359038289360205
33.65,0.0020849597222595195
33.66,0.0020799822258297817
33.67,0.0020731229428567325
33.68,0.0022217279523023725
33.69,0.002393505613958857
33.7,0.0027713896784343265
33.71,0.0031005440687145594
33.72,0.003235564777859775
33.73,0.0032157800401100643
33.74,0.002890885803552496
33.75,0.002483398513501331
33.76,0.0021148848346466144
33.77,0.0017836815031282002
33.78,0.0017229791072490939
33.79,0.0017606989696851325
33.8,0.0018698892421065744
33.81,0.0019668612256265863
33.82,0.001994982963993493
33.83,0.002015727404855236
33.84,0.0020381951305788086
33.85,0.0021750724228064336
33.86,0.002282266400299516
33.87,0.002347039798558082
33.88,0.002417231256322166
33.89,0.0023777913158369852
33.9,0.002237278302542654
33.91,0.0020367174129346842
33.92,0.0018056870674422638
33.93,0.0015110263336311953
33.94,0.001326316247178611
33.95,0.0012719539942361567
33.96,0.001316255961699471
33.97,0.0013997871199710411
33.98,0.0015356520627767627
33.99,0.0016232504538632908
34.0,0.0016245294060847106
34.01,0.0015978015266387277
34.02,0.0017732703578119944
34.03,0.0018594468843769496
34.04,0.0020853944408200484
34.05,0.0023028216898180634
34.06,0.0024383045603729586
34.07,0.002443440558484073
34.08,0.0024009361205261214
34.09,0.0023272544980564264
34.1,0.0021905975695855687
34.11,0.0019009921819748627
34.12,0.0016412592604417662
34.13,0.001320578375811945
34.14,0.0010609819593121797
34.15,0.0009516551818574436
34.16,0.0010108272137825578
34.17,0.0013207148808452782
34.18,0.0017189645207442872
34.19,0.0021354126813163885
34.2,0.0024537990574903666
34.21,0.0026429890986701112
34.22,0.00264572473295366
34.23,0.0024075530430938768
34.24,0.002183707636950736
34.25,0.0019741294609473057
34.26,0.0017402801851997913
34.27,0.0017592486948899157
34.28,0.0018006569247027411
34.29,0.0019237855640747846
34.3,0.001921736622836567
34.31,0.001805932634659809
34.32,0.0016615689827426952
34.33,0.0013434808200961388
34.34,0.0011301304179926976
34.35,0.0010435443763281119
34.36,0.0010782830372630446
34.37,0.001341322816673754
34.38,0.0016363656227357014
34.39,0.0018903606729019468
34.4,0.002010318959429521
34.41,0.0019891924463168445
34.42,0.0019464424411412596
34.43,0.0019398255185733015
34.44,0.0019620202342303817
34.45,0.0020329758364963446
34.46,0.002124157302339855
34.47,0.002202868504797003
34.48,0.0021992854300399976
34.49,0.0021844153655782017
34.5,0.0021693345514394737
34.51,0.002131671104877801
34.52,0.0020466411933800508
34.53,0.0020713470116849827
34.54,0.0020502204985724244
34.55,0.001988176890082404
34.56,0.0019773562296664065
34.57,0.002034317049107139
34.58,0.0019236490590414772
34.59,0.0018514361028881756
34.6,0.0018490883853706404
34.61,0.0018389754535819455
34.62,0.0018613598833339905
34.63,0.0020174506897173024
34.64,0.00208794036100876
34.65,0.002166925136284307
34.66,0.0021954073485681105
34.67,0.0022742024097486564
34.68,0.002263052886143425
34.69,0.002208333366096709
34.7,0.002200573996340741
34.71,0.0022014182300014403
34.72,0.0021473015442767954
34.73,0.0022325211698696937
34.74,0.0021521425356733088
34.75,0.0020934890810323722
34.76,0.0019494236426427253
34.77,0.0018221090941917437
34.78,0.001732955534004675
34.79,0.0016365021277688436
34.8,0.0016408245418810257
34.81,0.0017295960298172293
34.82,0.0017713831250681716
34.83,0.0018408045938153638
34.84,0.0019307281430193564
34.85,0.0019786974422775355
34.86,0.0019447755721542874
34.87,0.0018298474283660465
34.88,0.0016101563205738333
34.89,0.0012874264947057854
34.9,0.0010332949395061445
34.91,0.000989837205703245
34.92,0.0011911058239384715
34.93,0.0015166803462744766
34.94,0.0019009921819748915
34.95,0.0022006304122156152
34.96,0.0022662264458010108
34.97,0.002059048633625077
34.98,0.0017159000232717244
34.99,0.001398854859708665
35.0,0.0011421031396768263
35.01,0.0009881703367160808
35.02,0.0009618245295208972
35.03,0.001011979275050534
35.04,0.0009618245295208973
35.05,0.0009499883128703066
35.06,0.000913147501635453
35.07,0.0008544940469945169
35.08,0.0007432548333348326
35.09,0.000674541093214967
35.1,0.0007173711875492999
35.11,0.0008166376795251216
35.12,0.0010157208514888585
35.13,0.001292891356005971
35.14,0.0015388224156216916
35.15,0.0016511830408874758
35.16,0.0017282548172062838
35.17,0.0017552867546949628
35.18,0.0017458815515335444
35.19,0.001764005827563048
35.2,0.001757392111807771
35.21,0.001727547088579085
35.22,0.0016621402063367423
35.23,0.0015339814242251396
35.24,0.0014662273872171941
35.25,0.0014248750105270535
35.26,0.0015717287295100647
35.27,0.001695155582409563
35.28,0.0018355852997323954
35.29,0.0019405154184312368
35.3,0.0018873268250904837
35.31,0.001698136783910766
35.32,0.0014302033667939282
35.33,0.0011088147535368964
35.34,0.0007559352836457522
35.35,0.0005217039356474198
35.36,0.0005826793415931402
35.37,0.0007836749497618104
35.38,0.001178807445878245
35.39,0.0016844714270270295
35.4,0.002098246213705116
35.41,0.002303067257035592
35.42,0.002231922503426618
35.43,0.002055632713562799
35.44,0.0017936052835738996
35.45,0.0015222817126078836
35.46,0.0014280453633715698
35.47,0.0013985292033319658
35.48,0.0013915866243875436
35.49,0.0014003583435654044
35.5,0.001419708362754436
35.51,0.0014780636038679064
35.52,0.00147341553337936
35.53,0.0015370991307597766
35.54,0.001707264809126806
35.55,0.0017832193417184324
35.56,0.0019501313712696569
35.57,0.002119316310942931
35.58,0.0022790960474547524
35.59,0.0024817590873627763
35.6,0.002740286738566383
35.61,0.0029843580082871525
35.62,0.00317168882232382
35.63,0.0031467932899239973
35.64,0.0030603437532925877
35.65,0.0027432679400677742
35.66,0.002392353552691253
35.67,0.002102204384335481
35.68,0.00184960696265458
35.69,0.0017170520845391666
35.7,0.0016032137416291535
35.71,0.0014940234692077208
35.72,0.0014349879423158328
35.73,0.001409349863747909
35.74,0.0014279088583381478
35.75,0.0014839105374188958
35.76,0.0015539654901496722
35.77,0.001495746754069501
35.78,0.0013621763197196027
35.79,0.0012775027142598156
35.8,0.0011212221937814217
35.81,0.0009932004794551295
35.82,0.0008474149630164306
35.83,0.0008439990429543937
35.84,0.0008040937342467909
35.85,0.0008151599618804852
35.86,0.0009338919424966931
35.87,0.0010780938859195426
35.88,0.0012110624470138593
35.89,0.001336538241151615
35.9,0.0014071644174764293
35.91,0.0014297686482332634
35.92,0.0013915866243875607
35.93,0.0014073009225098326
35.94,0.0014022707797703977
35.95,0.001407300922509902
35.96,0.0013534046005419364
35.97,0.001315359081729384
35.98,0.001244214328120368
35.99,0.0011962450288621788
36.0,0.001173206079544603
36.01,0.0011805307307398891
36.02,0.0012110624470140056
36.03,0.001272283420177379
36.04,0.0013586238946243763
36.05,0.0014022707797703164
36.06,0.0014559779503951881
36.07,0.0014727078047519103
36.08,0.0014577012352568965
36.09,0.0015093030487690836
36.1,0.0015290877865188747
36.11,0.001552813428881883
36.12,0.0015320163417103982
36.13,0.0014744310896139447
36.14,0.0013359670175578685
36.15,0.001108044764520201
36.16,0.0009565488195636904
36.17,0.0008391054052485653
36.18,0.000857800904872036
36.19,0.001033158434472795
36.2,0.0012773662092267167
36.21,0.0014990536119472745
36.22,0.0016637269861652425
36.23,0.0017274105835455916
36.24,0.0016137087456688085
36.25,0.0014503765840616805
36.26,0.0012080812455126943
36.27,0.0009394933088303438
36.28,0.0007765432194742367
36.29,0.0006758823058257519
36.3,0.0006898206727763596
36.31,0.0006951490290433123
36.32,0.000870208345116639
36.33,0.0009944051870330623
36.34,0.0010766161682757341
36.35,0.0011936248640301691
36.36,0.0013505599040740722
36.37,0.0014172773492655945
36.38,0.0015484383684602695
36.39,0.0017064205754666504
36.4,0.0017955741356537078
36.41,0.001708631787951002
36.42,0.0016032137416295547
36.43,0.0013497156704135697
36.44,0.0010313825033013199
36.45,0.0007715130767349494
36.46,0.0006429195760626848
36.47,0.0006086994924119449
36.48,0.00080423023928041
36.49,0.001230738122579528
36.5,0.0018304460948088627
36.51,0.002417665974882881
36.52,0.0029025855151700334
36.53,0.0030736834538002446
36.54,0.0028368529765514273
36.55,0.0023740190897369017
36.56,0.001832495036047068
36.57,0.0013816064280675262
36.58,0.0012779648756696778
36.59,0.0014349879423160173
36.6,0.0019308646480524704
36.61,0.002412064608549364
36.62,0.0029017064639686074
36.63,0.0031394686387284662
36.64,0.0031701052493078126
36.65,0.0029592174714213287
36.66,0.0025725520736881455
36.67,0.0021557750499268794
36.68,0.0018167807379244716
36.69,0.0014903345390790516
36.7,0.0013624493297861547
36.71,0.0012616519111045255
36.72,0.0012129748832191503
36.73,0.0011944690976907603
36.74,0.0011523251336499518
36.75,0.001218712754586008
36.76,0.001346352959413246
36.77,0.0015133734883968602
36.78,0.0017589756848233908
36.79,0.0020106446158057265
36.8,0.0021971306334297273
36.81,0.0023466050799969165
36.82,0.0023414384322242104
36.83,0.002337886007128984
36.84,0.0022443573865200037
36.85,0.00212491767727662
36.86,0.0020762406493912188
36.87,0.002000013106732971
36.88,0.0019237855640747738
36.89,0.0019514725838809044
36.9,0.002022669983799673
36.91,0.0021406319753989565
36.92,0.002254715885526591
36.93,0.0022613328080945483
36.94,0.002091440139793926
36.95,0.001771193973724857
36.96,0.0013917757757307286
36.97,0.001038514233588635
36.98,0.000761018072695144
36.99,0.0006690762319146729
37.0,0.000673969869620835
37.01,0.0007557987786125219
37.02,0.0008908162809449649
37.03,0.001109522482164263
37.04,0.0013204418707785915
37.05,0.0016415322705082562
37.06,0.0019180476927079897
37.07,0.00211466824045473
37.08,0.002165944397590558
37.09,0.002126640962138662
37.1,0.0019944117403996884
37.11,0.00189656070567844
37.12,0.0019134797113782363
37.13,0.0020226699837996463
37.14,0.00210226080020998
37.15,0.0022440317301435867
37.16,0.002245807661315144
37.17,0.0021561571221776965
37.18,0.001977545381009097
37.19,0.0018007934297356405
37.2,0.0015803112973447608
37.21,0.0013208239430294623
37.22,0.0010811277337308585
37.23,0.000793980802458269
37.24,0.00048352191180161505
37.25,0.00031567818473923054
37.26,0.00022881913300801962
37.27,0.00031567818473923797
37.28,0.0005217039356474199
37.29,0.0008702083451165576
37.3,0.0011678502804287922
37.31,0.0013743946086210682
37.32,0.0014882329515310449
37.33,0.0014852517500297284
37.34,0.0014993792683234263
37.35,0.0015323946443965132
37.36,0.001587688594850019
37.37,0.0016563496886600787
37.38,0.0016480126880430552
37.39,0.0015751446495722787
37.4,0.001466798610811341
37.41,0.0013812807716910307
37.42,0.0013761979826417286
37.43,0.001346462021597389
37.44,0.001325717580735692
37.45,0.0012285000299981279
37.46,0.0010381885772122682
37.47,0.0008859226432388374
37.48,0.0009517916868907158
37.49,0.0011370729969371839
37.5,0.0013796139027037867
37.51,0.0015854505022688445
37.52,0.001652906325749302
37.53,0.001521384832637624
37.54,0.0013800760641134598
37.55,0.0012288783326843361
37.56,0.0012345635577411668
37.57,0.001254138108565815
37.58,0.0013225472278910893
37.59,0.0013234230722796393
37.6,0.001262359639731544
37.61,0.0012007565943174265
37.62,0.001158199510049733
37.63,0.0011679867854622393
37.64,0.0013430461015356274
37.65,0.0013864199766150972
37.66,0.001487217395296923
37.67,0.0015440417097044405
37.68,0.0015232972688427342
37.69,0.0014540655141906135
37.7,0.0013101924339568207
37.71,0.0011367473405608937
37.72,0.000906477932757453
37.73,0.0007020916079876131
37.74,0.0007124775498428993
37.75,0.0007610180726950714
37.76,0.0009187488679687173
37.77,0.0011348349043558488
37.78,0.001294614640867728
37.79,0.0014121945602160945
37.8,0.001412765783810068
37.81,0.0013309368748182844
37.82,0.0013431826065686606
37.83,0.0012510204020314431
37.84,0.0013143435254948043
37.85,0.0013792318304529422
37.86,0.0014214316476164506
37.87,0.0014916763144422667
37.88,0.0016434447067133716
37.89,0.0017883021307679727
37.9,0.0019382951546192747
37.91,0.002065419988975121
37.92,0.002181552840341
37.93,0.002057136197419866
37.94,0.0019118128423908556
37.95,0.0017034393739650824
37.96,0.00144561945138891
37.97,0.0012323781114697246
37.98,0.0011698992216669472
37.99,0.0011194462626098595
38.0,0.0010105015574060447
38.01,0.0009236425056748831
38.02,0.0008370564640102754
38.03,0.0006689397268814008
38.04,0.0006467450112243656
38.05,0.0007123410448096456
38.06,0.0009415422500685757
38.07,0.0011885947212904348
38.08,0.0013918321916051265
38.09,0.0014549445653915523
38.1,0.0013432916687530834
38.11,0.0010586600080074453
38.12,0.0008429834867201695
38.13,0.000701846040770057
38.14,0.0008167741845582161
38.15,0.001058796513040587
38.16,0.0013970514856877217
38.17,0.001613001017041524
38.18,0.0016792521329443081
38.19,0.0015594303514499044
38.2,0.0014024072848035898
38.21,0.0012827220083425218
38.22,0.00122379554363508
38.23,0.001216663813347617
38.24,0.0013203892244689575
38.25,0.0013220286506073768
38.26,0.0012810551393554073
38.27,0.00137461120281339
38.28,0.0015962980427820287
38.29,0.001878986617661127
38.3,0.0021820407679637864
38.31,0.002458586839825133
38.32,0.002472525206775714
38.33,0.0022533746729158153
38.34,0.0020000657530429224
38.35,0.0017299216861935808
38.36,0.001450513089095076
38.37,0.0013103289389898292
38.38,0.0013205783758118907
38.39,0.0012773662092266783
38.4,0.0013261797421453517
38.41,0.0014016995561763038
38.42,0.00145267109251755
38.43,0.0014865096666692188
38.44,0.001452671092517459
38.45,0.0014398815800219873
38.46,0.0014024072848035822
38.47,0.0013640887559245817
38.48,0.001374149041403553
38.49,0.0012946146408676974
38.5,0.001249244470859892
38.51,0.0012726090765537298
38.52,0.001320631022121655
38.53,0.0014510843126889375
38.54,0.0015262784703434624
38.55,0.001648149193076066
38.56,0.0016182203111240344
38.57,0.0016473227881848302
38.58,0.0016842785061192257
38.59,0.0019210773726401347
38.6,0.00218299990832381
38.61,0.0025118496778094826
38.62,0.002638509143942975
38.63,0.0025392110412392073
38.64,0.0022159626380870126
38.65,0.0017889572130855807
38.66,0.001331262531194906
38.67,0.0011199084240198377
38.68,0.0010677880332234828
38.69,0.0012982471551218416
38.7,0.0015425639920600854
38.71,0.0018698892421067847
38.72,0.0020322681078688756
38.73,0.0020384406977963015
38.74,0.0019650014357314883
38.75,0.0018063947960693712
38.76,0.0016842258598092864
38.77,0.0015878250998833292
38.78,0.0016084330357117715
38.79,0.0017278727449551751
38.8,0.0017349243860838705
38.81,0.0017969685573258779
38.82,0.0018163185765149093
38.83,0.0017450373178727395
38.84,0.0016503039896861248
38.85,0.0015440417097042631
38.86,0.0015129387698362279
38.87,0.0014767223912571716
38.88,0.001450811302622729
38.89,0.0015441782147375353
38.9,0.0015490718524436395
38.91,0.0015219560562314963
38.92,0.001596025595467196
38.93,0.001594631173794521
38.94,0.0015370991307598028
38.95,0.0015860491687118576
38.96,0.0015888933024279799
38.97,0.0016572465686307343
38.98,0.001682748142165334
38.99,0.0017418669650286216
39.0,0.0017482915294407305
39.01,0.0016137087456689612
39.02,0.0014676776620126538
39.03,0.001320714880845278
39.04,0.001147568000976869
39.05,0.0012064944656843494
39.06,0.0013155482330725415
39.07,0.0014401271472398215
39.08,0.0015369099794166452
39.09,0.001500640391775802
39.1,0.0014073009225098634
39.11,0.001216852964690682
39.12,0.0011095224821642891
39.13,0.001108951258570289
39.14,0.0011423487068941936
39.15,0.0011990897253301702
39.16,0.00123410139633158
39.17,0.0011798230021127106
39.18,0.0011250476289434866
39.19,0.0010919483941470268
39.2,0.0011857500248226428
39.21,0.00135876039965778
39.22,0.0015927187375895922
39.23,0.0018856035402289209
39.24,0.002167993338828614
39.25,0.002386563035014679
39.26,0.0025371056841262877
39.27,0.0025650382711500507
39.28,0.0024450273383125696
39.29,0.0022391380924376056
39.3,0.0018749720311559248
39.31,0.0015273118553472413
39.32,0.0012495701272360626
39.33,0.0010401010134170072
39.34,0.0009063414277240343
39.35,0.0008475514680499414
39.36,0.0007674984902299181
39.37,0.0006621336529703096
39.38,0.0005321989396871785
39.39,0.0005286465145919064
39.4,0.0006362500071847499
39.41,0.0008477406193930632
39.42,0.0011247746188768535
39.43,0.0013689297473208906
39.44,0.001467488510669363
39.45,0.001440127147239648
39.46,0.0013849697018195142
39.47,0.0013000230862932748
39.48,0.0012775027142599494
39.49,0.00133610352259111
39.5,0.0014088877023384757
39.51,0.0014990536119473007
39.52,0.0015703875168993696
39.53,0.001615239109622986
39.54,0.0016621402063367154
39.55,0.001684471427026951
39.56,0.001691277500938094
39.57,0.0015857761586451902
39.58,0.0013796139027037854
39.59,0.0011749293644065832
39.6,0.000989648054360185
39.61,0.00092410466708472
39.62,0.001000195704709724
39.63,0.0011249111239103376
39.64,0.0012822072006232136
39.65,0.001490281892769469
39.66,0.001608296530678506
39.67,0.001759683413450556
39.68,0.001940841074807663
39.69,0.002192510005790079
39.7,0.0023670765107921005
39.71,0.002456093565945897
39.72,0.002363198429320477
39.73,0.0020172615383736684
39.74,0.0015370991307595654
39.75,0.0012016008279779643
39.76,0.0009361300350782277
39.77,0.0008860591482721093
39.78,0.0010050366961060475
39.79,0.0012841196368280348
39.8,0.0015370991307597486
39.81,0.0017056505864493571
39.82,0.00191329056003495
39.83,0.0020118493233834567
39.84,0.0020210031148122434
39.85,0.0019597821416490083
39.86,0.0017955741356534259
39.87,0.0014934522456138504
39.88,0.0012068765379352983
39.89,0.0009564123145304378
39.9,0.0007890871647522352
39.91,0.0006565322866368592
39.92,0.0006865138148988295
39.93,0.0006895476627099237
39.94,0.0007439625619620902
39.95,0.0008264249549374527
39.96,0.0008925395658069302
39.97,0.0009168364317638509
39.98,0.0009618245295207114
39.99,0.0010451311561566355
40.0,0.0011351605607322203
40.01,0.0012447855517144345
40.02,0.0013740125363703476
40.03,0.0014245493541509132
40.04,0.001320116214402359
40.05,0.0012499521994872255
40.06,0.0011194989089199023
40.07,0.0010664468206124738
40.08,0.0011401907034717575
40.09,0.0012409074702428068
40.1,0.0014228260692889982
40.11,0.0015370991307596849
40.12,0.0016051261778340386
40.13,0.0016009192331732497
40.14,0.0015013481204029359
40.15,0.0014065931938824167
40.16,0.0012292077586252793
40.17,0.0010587965130405524
40.18,0.0009464358877747379
40.19,0.0007938442974249699
40.2,0.0007815733622137054
40.21,0.0007626048525237449
40.22,0.000814588738286835
40.23,0.0008632657661722792
40.24,0.0009687671084652063
40.25,0.0011194462626100674
40.26,0.001173451646762432
40.27,0.0012547093321601858
40.28,0.001266682053844079
40.29,0.0012617884161378395
40.3,0.0012599286262426868
40.31,0.0012829675755601556
40.32,0.0013254720135180182
40.33,0.0013709786885590044
40.34,0.0013358305125243076
40.35,0.0012603106984933386
40.36,0.0010811277337307392
40.37,0.000892676070839919
40.38,0.0007278661915886773
40.39,0.000641578363451498
40.4,0.0006084264823452271
40.41,0.0006359243508082663
40.42,0.0007295894764506771
40.43,0.0008908162809451038
40.44,0.0010975497604805583
40.45,0.0013586238946245502
40.46,0.0015388224156216916
40.47,0.0015854505022688695
40.48,0.0014936978128314334
40.49,0.0012616519111044644
40.5,0.0010053623524823377
40.51,0.0008323519776472006
40.52,0.0008372456153533932
40.53,0.001000143058399766
40.54,0.0012285000299981006
40.55,0.0014401271472396886
40.56,0.0015094121109535223
40.57,0.0014783091710854183
40.58,0.0013047275726562981
40.59,0.001086865605097597
40.6,0.0009289983047907893
40.61,0.0008546831983375153
40.62,0.000814588738286862
40.63,0.0008475514680501189
40.64,0.0008974332035132115
40.65,0.0009237790107083681
40.66,0.0009013112849848083
40.67,0.0009082538639291716
40.68,0.0009896480543601545
40.69,0.001228962191407777
40.7,0.0015165438412410531
40.71,0.0017974032758866212
40.72,0.0020428996169414705
40.73,0.0021051887926490506
40.74,0.0021562936272108485
40.75,0.0020693507167562544
40.76,0.002045708933116807
40.77,0.0020252164667398996
40.78,0.0019102292693749482
40.79,0.001817439988121147
40.8,0.0016365021277687374
40.81,0.001365429968535484
40.82,0.0012603381413423963
40.83,0.001109249472097745
40.84,0.0011249111239102182
40.85,0.0011349714093892326
40.86,0.0011541849235449963
40.87,0.001145519059738799
40.88,0.0011512569311055755
40.89,0.001240661903025363
40.9,0.001338015958796224
40.91,0.0014108533476053474
40.92,0.0016309007614355702
40.93,0.0018333740872484568
40.94,0.0019118128423910724
40.95,0.0021181116033658185
40.96,0.002262863172048934
40.97,0.002244602953738158
40.98,0.002120956299833898
40.99,0.0019654668039543284
41.0,0.001722271378622164
41.01,0.0014392480960387635
41.02,0.0012667347001539483
41.03,0.001365975988668811
41.04,0.0014348514372827881
41.05,0.001662574924897536
41.06,0.0018348775711053463
41.07,0.0018716125269685499
41.08,0.0017324407262851106
41.09,0.001461442811695459
41.1,0.0011299939129594252
41.11,0.0008216678222643587
41.12,0.0005441716613708282
41.13,0.00044547639298905887
41.14,0.00040226422640381594
41.15,0.00040729436914328467
41.16,0.00039158007102105773
41.17,0.0003533980471753231
41.18,0.0004074308741766415
41.19,0.0004679967650225184
41.2,0.0006417148684849551
41.21,0.0008194823759930202
41.22,0.0010504068661137684
41.23,0.0012541381085660525
41.24,0.0013539758241358298
41.25,0.0014279088583382367
41.26,0.001577466600876868
41.27,0.0016201327473289622
41.28,0.001759494262107391
41.29,0.0018418201500494012
41.3,0.0018336196544655205
41.31,0.0017364553127897236
41.32,0.001664052642541375
41.33,0.001566562081737328
41.34,0.0014873539003298752
41.35,0.0013532680955086645
41.36,0.001436847732211224
41.37,0.0014174138542988124
41.38,0.0014515190312500675
41.39,0.0015140601814424086
41.4,0.0014594245201191068
41.41,0.0013077087741577976
41.42,0.00113051249024375
41.43,0.000875154629132697
41.44,0.0007231090589159683
41.45,0.0005440351563376878
41.46,0.0005546666654106224
41.47,0.0005370925773932519
41.48,0.0005878185465168889
41.49,0.0006410071398576324
41.5,0.0007890871647522007
41.51,0.0010101194851553272
41.52,0.001267253277438045
41.53,0.0014657652258077817
41.54,0.0016256814673527944
41.55,0.0016356578941082078
41.56,0.0015808825209388782
41.57,0.0014835284651679899
41.58,0.0014142435014541284
41.59,0.0013310733798515065
41.6,0.0013692554036973616
41.61,0.0014141069964210278
41.62,0.0014177959265496136
41.63,0.0014991901169806934
41.64,0.0015890298074612518
41.65,0.0016952920874432364
41.66,0.0017312886650175062
41.67,0.0018337561594993046
41.68,0.001798173264903823
41.69,0.0016574921358481853
41.7,0.00150903003870274
41.71,0.0013505599040738604
41.72,0.0012164182461298601
41.73,0.001158063005016353
41.74,0.0011629566427225084
41.75,0.001211198952047151
41.76,0.0011264979037384968
41.77,0.0010743216598196295
41.78,0.0009187488679686642
41.79,0.0007833492933853504
41.8,0.0006516386489305583
41.81,0.0005114544988253835
41.82,0.000526734078386854
41.83,0.0005391415186314177
41.84,0.0006847905300368298
41.85,0.0008908162809450151
41.86,0.0010659846592027378
41.87,0.0011884055699475273
41.88,0.0011802050743637358
41.89,0.0010811277337310517
41.9,0.0008964176472786158
41.91,0.0007992000965410266
41.92,0.00077285428934587
41.93,0.0008808398541897004
41.94,0.0011400541984385396
41.95,0.0014753279695844121
41.96,0.0017638693225296724
41.97,0.0019622131551380894
41.98,0.0021084956505270877
41.99,0.002071021355308601
42.0,0.0018736308185450443
42.01,0.001689690721109546
42.02,0.0014316810844383404
42.03,0.0011887312263238877
42.04,0.0009674258958542013
42.05,0.0007882429310915737
42.06,0.0007073947607936887
42.07,0.000597794973272424
42.08,0.000614027848678878
42.09,0.0006947143104826336
42.1,0.0008614366259389147
42.11,0.0010206144891951056
42.12,0.0011997974539577204
42.13,0.0013045910676233435
42.14,0.0013378268074530559
42.15,0.0012597394748995962
42.16,0.0012342905476747377
42.17,0.0011681759368051686
42.18,0.0012014116766348852
42.19,0.0012178685209251337
42.2,0.001244596400371275
42.21,0.0012041198680697504
42.22,0.0010729272381472012
42.23,0.000857664399838829
42.24,0.0006190579914183969
42.25,0.00041410044305458394
42.26,0.000358890351324504
42.27,0.0002773596558601646
42.28,0.0005169468029744106
42.29,0.0008316442490197856
42.3,0.00130054166357739
42.31,0.0017687629602357148
42.32,0.0021268865293561073
42.33,0.002274426941384621
42.34,0.0021858129940636566
42.35,0.0018573979431387442
42.36,0.0015274483603807017
42.37,0.0012183306823348352
42.38,0.0010990274781245777
42.39,0.0010643978793740023
42.4,0.0011298047616161724
42.41,0.0011315280464779885
42.42,0.0010586073616974151
42.43,0.0009951129156602126
42.44,0.0009133366529783973
42.45,0.0009347361761576347
42.46,0.0010325872108789683
42.47,0.0012028619514304673
42.48,0.001329024438613594
42.49,0.0013970514856880046
42.5,0.0013809551153148266
42.51,0.0013693919087306866
42.52,0.0013535937518849388
42.53,0.00140227077977031
42.54,0.001422826069288825
42.55,0.001452099868923446
42.56,0.0014296321431999436
42.57,0.0013954647058591538
42.58,0.0013154117280391522
42.59,0.0012999704399835484
42.6,0.0012492444708600112
42.61,0.0013054353012839004
42.62,0.0014174138542988124
42.63,0.0015065674144858429
42.64,0.0015801747923118322
42.65,0.0016638634911985688
42.66,0.0015974758702624336
42.67,0.001504654978280602
42.68,0.001282259846932721
42.69,0.0010556261601961418
42.7,0.0008959829287176365
42.71,0.0009692292698747686
42.72,0.0011144687661804483
42.73,0.0013679141910866528
42.74,0.0016249737387258028
42.75,0.0017465714513918845
42.76,0.0016324042452927259
42.77,0.0014127657838103349
42.78,0.0011107271897421776
42.79,0.0007766797245076863
42.8,0.0004940169158414043
42.81,0.0003760549242420818
42.82,0.00039707237517033235
42.83,0.0004298147411768254
42.84,0.0005758458248331579
42.85,0.0007101029522285232
42.86,0.000856217331856343
42.87,0.000976967604049072
42.88,0.0010649691029682615
42.89,0.0011348875506657066
42.9,0.0012462106230487126
42.91,0.0012715756915499885
42.92,0.0013747202649974167
42.93,0.001422878715598683
42.94,0.0015011025531853199
42.95,0.0014727078047519558
42.96,0.0014507586563126476
42.97,0.001335830512524427
42.98,0.0012187127545856904
42.99,0.0010101194851551971
43.0,0.0009139917352958323
43.01,0.000961578962303074
43.02,0.0010887780413026062
43.03,0.001275453773021745
43.04,0.001516491194931196
43.05,0.001653095477092144
43.06,0.0017538928957739107
43.07,0.0017174868030998282
43.08,0.001707128304093455
43.09,0.0015752811546053886
43.1,0.0014734155333792868
43.11,0.001363517532330531
43.12,0.0011910257347795862
43.13,0.001063826655780106
43.14,0.0010402375184504734
43.15,0.0010432713662616097
43.16,0.0011894389549512413
43.17,0.0013427730914690832
43.18,0.0016153229683465702
43.19,0.0017431248816680732
43.2,0.0018479927399773575
43.21,0.001900746614757344
43.22,0.0018719381833450283
43.23,0.0018194889293595134
43.24,0.0017820146341409942
43.25,0.0016688097752145616
43.26,0.0015597033615165025
43.27,0.0013534046005417941
43.28,0.0012775027142599507
43.29,0.001282722008342479
43.3,0.0013487001141786795
43.31,0.001460871588101381
43.32,0.001554347562400557
43.33,0.0015055340294818382
43.34,0.0013033863600453639
43.35,0.0009775388276428727
43.36,0.0007299151328270128
43.37,0.0005493909554535043
43.38,0.000565487325826706
43.39,0.0007659117104013834
43.4,0.00105562616019634
43.41,0.001335967017557806
43.42,0.0015268496939377096
43.43,0.0016462894031811944
43.44,0.0016357943991415066
43.45,0.001511461052191824
43.46,0.0015425914349088924
43.47,0.0015616684440313603
43.48,0.0017334741112888788
43.49,0.0018730595949512094
43.5,0.0019533049309271504
43.51,0.0019211653992426358
43.52,0.0016642982097594015
43.53,0.0013792318304529424
43.54,0.0011096589871976007
43.55,0.0008213948121978292
43.56,0.0007384977006617041
43.57,0.0006307577030355073
43.58,0.0005927121842230274
43.59,0.0004990470585807227
43.6,0.0003865499282816631
43.61,0.00035875384629123193
43.62,0.0004300877512432612
43.63,0.000669265383257706
43.64,0.0009775388276428727
43.65,0.0012494900380773753
43.66,0.0014725186534088552
43.67,0.0015006403917757368
43.68,0.0013571461769802267
43.69,0.001216989469723965
43.7,0.0011108636947752602
43.71,0.0010763706010580424
43.72,0.0011179685449657281
43.73,0.0011852878634128368
43.74,0.0012286365350313382
43.75,0.0011679867854620621
43.76,0.0012344270527079014
43.77,0.0012874791410153184
43.78,0.0013159303053231807
43.79,0.0013077087741573978
43.8,0.001235824681193143
43.81,0.0010255081269008209
43.82,0.0008534784907596203
43.83,0.0007398915595823966
43.84,0.0007785921607124026
43.85,0.0008299773800326015
43.86,0.0009947872592838613
43.87,0.0011035954594543554
43.88,0.001124911123910045
43.89,0.0010642613743407302
43.9,0.0010000065533663244
43.91,0.0008975697085461658
43.92,0.0007988744401644361
43.93,0.0007333310528889979
43.94,0.0007228360488493699
43.95,0.0008598498461102522
43.96,0.0010275570681394148
43.97,0.001260310698493636
43.98,0.001465765225807773
43.99,0.0015180779747599549
44.0,0.0013895376831494746
44.01,0.001173588151795623
44.02,0.0008976223548561177
44.03,0.0006849270350700979
44.04,0.000521703935647308
44.05,0.0005009594947855893
44.06,0.0004990470585806611
44.07,0.0006692127369478258
44.08,0.0008871273508164083
44.09,0.00118440881221163
44.1,0.0014814795239299345
44.11,0.0017416778136853995
44.12,0.0017860113918768015
44.13,0.0018151138689375271
44.14,0.0017396251028826172
44.15,0.001647322788185077
44.16,0.0015246916905153854
44.17,0.0014487930110462844
44.18,0.0012646331126059623
44.19,0.001075029388447245
44.2,0.0008820972080770753
44.21,0.0007993366015741482
44.22,0.0007383611956283743
44.23,0.0008543575419609272
44.24,0.0009286726484142604
44.25,0.0009724560385935425
44.26,0.0010657390919849561
44.27,0.001109385977130921
44.28,0.0011943325926571874
44.29,0.0012665455488104834
44.3,0.0012564326170217092
44.31,0.0011660743492570677
44.32,0.0010124139936110083
44.33,0.000880321276905333
44.34,0.0008480136294596345
44.35,0.0008976223548562295
44.36,0.0010486835812519963
44.37,0.0012216939560870544
44.38,0.0013220286506071836
44.39,0.0013033863600453942
44.4,0.0011992262303632958
44.41,0.0010242502102613886
44.42,0.0008578009048717085
44.43,0.0006571035102305135
44.44,0.0006535510851352514
44.45,0.0007937352352404852
44.46,0.0009137187252291107
44.47,0.0011610442065175214
44.48,0.001337690302419396
44.49,0.0013757358212319278
44.5,0.0013623128247528442
44.51,0.0012341540426414111
44.52,0.0011525981437162955
44.53,0.0010432187199518217
44.54,0.0011319902078878723
44.55,0.0012492971171696365
44.56,0.0013421396074850922
44.57,0.0014603003645071572
44.58,0.0014869750348913725
44.59,0.0013670699574254994
44.6,0.0013143435254945376
44.61,0.0011868182273667917
44.62,0.0011251841339766414
44.63,0.0010743216598198412
44.64,0.0012255188284969565
44.65,0.0013793683354861642
44.66,0.001499624835541286
44.67,0.0016356578941082829
44.68,0.001668757128904727
44.69,0.0014936978128313795
44.7,0.0012928913560058134
44.71,0.0009844814065873594
44.72,0.000722972553882642
44.73,0.0005598859594931743
44.74,0.0005009594947857135
44.75,0.000537229082426524
44.76,0.0005927121842230544
44.77,0.0006689397268813161
44.78,0.0007001791717826884
44.79,0.0007557987786124803
44.8,0.0007882429310914654
44.81,0.0008044758064978553
44.82,0.0007813003521470074
44.83,0.0007732363615964311
44.84,0.0007327598292948428
44.85,0.000750905140906249
44.86,0.0007657752053679724
44.87,0.0008808398541894602
44.88,0.0010325872108787404
44.89,0.00121857624955247
44.9,0.001400358343565385
44.91,0.001592718737589486
44.92,0.0016912775009380054
44.93,0.0017157108719282564
44.94,0.0016412592604416578
44.95,0.0015822237335498678
44.96,0.0014836649702014118
44.97,0.0014404528036161572
44.98,0.0014453464413223375
44.99,0.0014402636522730355
45.0,0.0013964802620937537
45.01,0.0013866929866812965
45.02,0.0012979741450549502
45.03,0.0012067400329017017
45.04,0.0010861578764701388
45.05,0.0009636843194155462
45.06,0.0008194823759927509
45.07,0.0007284374151827165
45.08,0.0006741590209638715
45.09,0.0007072582557604004
45.1,0.0007606924163188118
45.11,0.0008855969868625017
45.12,0.0010000065533664853
45.13,0.0010762340960247202
45.14,0.0010867291000643516
45.15,0.0010917592428037622
45.16,0.0010605197979023616
45.17,0.0009618245295205699
45.18,0.0008632657661720637
45.19,0.0008215313172310199
45.2,0.0007833492933852582
45.21,0.0007488561996680438
45.22,0.0007988744401643277
45.23,0.0008056805140754015
45.24,0.0007870382235136681
45.25,0.000776406714440726
45.26,0.0008007868763692091
45.27,0.0007814368571802599
45.28,0.0009190218780352084
45.29,0.0010931531017245829
45.3,0.0012554170607873495
45.31,0.0013339180763196326
45.32,0.0013725654683878002
45.33,0.0012541381085660794
45.34,0.0010318172218618598
45.35,0.0008752911341658802
45.36,0.0008875368659162911
45.37,0.0008700718400833274
45.38,0.0011181050499991466
45.39,0.0013809551153148572
45.4,0.0016101563205738441
45.41,0.0016981367839111969
45.42,0.0017455558951571654
45.43,0.0017446025993121863
45.44,0.0016365021277688456
45.45,0.0015146314050362175
45.46,0.0015011025531854797
45.47,0.0014573191630062124
45.48,0.0014177959265495054
45.49,0.0013796139027037288
45.5,0.0013047275726563424
45.51,0.0011473788496335795
45.52,0.001020750994228058
45.53,0.0009032237211895294
45.54,0.0008145887382866886
45.55,0.0007608289213519866
45.56,0.0007676349952631791
45.57,0.0008145887382868276
45.58,0.0008582356234328144
45.59,0.0009895115493269203
45.6,0.0010605197979026175
45.61,0.001064072222997859
45.62,0.0010917592428038964
45.63,0.0010831766749691179
45.64,0.0011302669230259695
45.65,0.0012932170123820838
45.66,0.0015390115669645227
45.67,0.0017380420926184279
45.68,0.0018090503411941018
45.69,0.001821212214221022
45.7,0.0016846605783698277
45.71,0.0014666621057778182
45.72,0.0013205783758116355
45.73,0.0011973970901297587
45.74,0.0010917592428036358
45.75,0.0009880338316824234
45.76,0.0009464358877746863
45.77,0.000864606978782972
45.78,0.0008044758064978859
45.79,0.0008958464236842832
45.8,0.0010401010134169259
45.81,0.0011455190597383213
45.82,0.0012653408412327117
45.83,0.0012888767695006526
45.84,0.0012391315390709234
45.85,0.0010692915170802837
45.86,0.0009032237211896333
45.87,0.0007278661915888887
45.88,0.0005546666654107112
45.89,0.00042962558983371864
45.9,0.0003310668264851819
45.91,0.00020113211320199668
45.92,0.00011440956650405044
45.93,7.636404769154837e-05
45.94,0.0001144095665040233
45.95,0.0002774961608934909
45.96,0.0004835219118016457
45.97,0.0007557987786125343
45.98,0.001004900191072624
45.99,0.0011959193724858
46.0,0.0012977849937119445
46.01,0.0013103289389898023
46.02,0.0012442143281203152
46.03,0.0011630931477559002
46.04,0.001038052072178946
46.05,0.0010001430583997575
46.06,0.0009131475016353338
46.07,0.0008425213253105654
46.08,0.0007814368571805256
46.09,0.0008772874290943471
46.1,0.0010709583860677606
46.11,0.0013473589015679883
46.12,0.00162871531516405
46.13,0.0018384606458624485
46.14,0.0018798130225526199
46.15,0.0018582421767994316
46.16,0.0017333902525654918
46.17,0.0016085695407451323
46.18,0.0014571300116630295
46.19,0.001299508278573703
46.2,0.0011179685449656362
46.21,0.0010003322097427842
46.22,0.0009585977608017874
46.23,0.0009776753326762213
46.24,0.0010640722229978009
46.25,0.0012127857318759133
46.26,0.0011903180061523559
46.27,0.0010367108595680144
46.28,0.0008526342570992409
46.29,0.0006760188108590241
46.3,0.0006030981260784133
46.31,0.0006797603872974496
46.32,0.0008857861382056084
46.33,0.0010917592428039509
46.34,0.0012614627597614767
46.35,0.0013201162144024438
46.36,0.0012221286746479539
46.37,0.0010969785368865725
46.38,0.00091519644287355
46.39,0.0007383611956284625
46.4,0.0006239516291243509
46.41,0.0005232907154757993
46.42,0.0004123245118826843
46.43,0.00024980914108726343
46.44,0.00022881913300793833
46.45,0.00026700115685371253
46.46,0.0005551288268201848
46.47,0.0009182302906845138
46.48,0.001326425309363031
46.49,0.001605487214503291
46.5,0.001655200834205202
46.51,0.00152958532822147
46.52,0.0012398919140082926
46.53,0.0009133366529783822
46.54,0.0007281392016552484
46.55,0.0005232907154757452
46.56,0.0004990470585805419
46.57,0.0004941534208743797
46.58,0.0006812381049413554
46.59,0.0009134731580113875
46.6,0.001161615430111441
46.61,0.0014118689038392922
46.62,0.0015073938193766727
46.63,0.001389537683149032
46.64,0.0012224543310238546
46.65,0.0010277462194822201
46.66,0.0008703448501497631
46.67,0.000765722559058246
46.68,0.0008163120231486539
46.69,0.0008908162809450843
46.7,0.0009726451899368106
46.71,0.001038052072178996
46.72,0.001114226968527349
46.73,0.0011522724873397996
46.74,0.001239320690414115
46.75,0.0012930805073488895
46.76,0.0013642252609578956
46.77,0.0014346622859396274
46.78,0.0014244128491176413
46.79,0.0013082799977517682
46.8,0.0011630931477560073
46.81,0.0010121684263935215
46.82,0.0008859226432389112
46.83,0.0008250837423265322
46.84,0.0008975697085464564
46.85,0.001011979275050534
46.86,0.0011406254220326334
46.87,0.0013035755113888286
46.88,0.0014678141670461105
46.89,0.001505670534515471
46.9,0.0015701983655562895
46.91,0.0015596195027930617
46.92,0.0015604637364534928
46.93,0.0015091665437357387
46.94,0.001436956794395113
46.95,0.0013077087741574249
46.96,0.0011147981921212728
46.97,0.0009183667957177537
46.98,0.00075612443498887
46.99,0.0006084264823452772
47.0,0.0006741063746539878
47.01,0.0006912709475714867
47.02,0.0007488561996680714
47.03,0.0008909527859782872
47.04,0.001029469504344301
47.05,0.0011943325926574342
47.06,0.001308279997751853
47.07,0.0013549913803705487
47.08,0.0012265875937933286
47.09,0.0010437899435458036
47.1,0.0010173877204761237
47.11,0.0010334840908493056
47.12,0.001194332592657461
47.13,0.001418811482784233
47.14,0.001571785145384894
47.15,0.0015732322133673456
47.16,0.0015397192955919432
47.17,0.0014831463929171728
47.18,0.0014304763768606503
47.19,0.0013789061740765009
47.2,0.0013814736925989504
47.21,0.001249107965826739
47.22,0.001081835462358371
47.23,0.0008908162809451655
47.24,0.000745303774573038
47.25,0.0007072582557605359
47.26,0.0007277296865556979
47.27,0.0007612636399129131
47.28,0.0007863304948867996
47.29,0.0007575220634745072
47.3,0.0007327598292951086
47.31,0.0006902553913371197
47.32,0.0006846540250036117
47.33,0.0007503339173123438
47.34,0.000778129999302795
47.35,0.0008299773800326015
47.36,0.0008043393014647067
47.37,0.0007501974122790446
47.38,0.0007072582557603624
47.39,0.0006846540250035536
47.4,0.0007333310528890018
47.41,0.0007988744401645159
47.42,0.0008593876847005901
47.43,0.0009619610345540806
47.44,0.001091948394147081
47.45,0.0012342905476748422
47.46,0.001374149041403643
47.47,0.0015007768968090742
47.48,0.0015212483276041576
47.49,0.0014664729544348277
47.5,0.0013586238946242694
47.51,0.0012080812455126943
47.52,0.0010694280221135292
47.53,0.0009618245295207197
47.54,0.0008925395658068836
47.55,0.0007814368571804985
47.56,0.000636359069369104
47.57,0.0005265975733535819
47.58,0.0004248684571606393
47.59,0.0003204353174120663
47.6,0.0003261731887788118
47.61,0.0003586173412578405
47.62,0.0005010959998188613
47.63,0.0006133201200514199
47.64,0.0007281117588063375
47.65,0.0008037680778705475
47.66,0.0008544940469941721
47.67,0.0009289983047906393
47.68,0.0010106907087491515
47.69,0.0011630931477558718
47.7,0.001347939739241627
47.71,0.0014193827063780874
47.72,0.0014157469853113016
47.73,0.0013485109628356305
47.74,0.0012024798791793502
47.75,0.0010645343844074518
47.76,0.0009393568037972563
47.77,0.0008925395658069647
47.78,0.0008039045829041395
47.79,0.0007939808024584007
47.8,0.0008371091103201211
47.81,0.0010109637188157263
47.82,0.0011955373002348329
47.83,0.0014195192114112036
47.84,0.0015193358913991838
47.85,0.001468059734263443
47.86,0.0012491079658265456
47.87,0.0009188853730019895
47.88,0.0005597494544598914
47.89,0.00031567818473923054
47.9,0.00015259159034974334
47.91,0.00015259159034974334
47.92,0.00023931413704768214
47.93,0.00040729436914333883
47.94,0.0005545301603773074
47.95,0.0007608289213520534
47.96,0.0009131475016353643
47.97,0.0010436534385125696
47.98,0.0011505492024782096
47.99,0.0011646799275846316
48.0,0.0010966528805101557
48.01,0.0009342740147479335
48.02,0.0007451672695396466
48.03,0.0005598859594931941
48.04,0.0003642187075914372
48.05,0.0002823897985997106
48.06,0.0002235998389255293
48.07,0.00024434427978723566
48.08,0.0002773596558602729
48.09,0.0003260366837457171
48.1,0.0004123245118829229
48.11,0.00044706317281778654
48.12,0.000460865034735095
48.13,0.00041778937318312807
48.14,0.000414236948087856
48.15,0.00039679936510378817
48.16,0.0004510777593227096
48.17,0.0005646430921662034
48.18,0.0006588267950927253
48.19,0.0007101029522284961
48.2,0.0007350543377509474
48.21,0.0006895476627098349
48.22,0.0007336040629555188
48.23,0.0007727177843123037
48.24,0.0008807033491560428
48.25,0.0009599120933155174
48.26,0.0011161394047320176
48.27,0.0011955373002346433
48.28,0.0012379794778029894
48.29,0.0012822598469325894
48.3,0.0012841196368277047
48.31,0.0011453299083952727
48.32,0.001010501557405956
48.33,0.0008595768360434949
48.34,0.0006847905300367484
48.35,0.0005703809635327753
48.36,0.0005440351563375957
48.37,0.0006310307131020194
48.38,0.0006895476627096419
48.39,0.0007994456637583323
48.4,0.0008625580375446637
48.41,0.0008442446101720581
48.42,0.0007481484710406673
48.43,0.0007128596220937469
48.44,0.0006635275118909294
48.45,0.0007285739202161193
48.46,0.000781300352147246
48.47,0.0008873202717243281
48.48,0.0008573387434623725
48.49,0.000842657830343807
48.5,0.0007884320824347507
48.51,0.0008048014628744497
48.52,0.0008194823759930278
48.53,0.0008873202717243585
48.54,0.0008955207673081321
48.55,0.0008043393014646942
48.56,0.0007228360488492972
48.57,0.0006742955259971251
48.58,0.0006258640653293368
48.59,0.00066702729067641
48.6,0.0007400844804903775
48.61,0.0007500609072459044
48.62,0.0007439625619620631
48.63,0.000765911710401418
48.64,0.0008771509240610674
48.65,0.001020750994228204
48.66,0.0012498156944538723
48.67,0.001429495638166821
48.68,0.0014938343178646418
48.69,0.0014069752661334057
48.7,0.001261651911104383
48.71,0.0010157208514886466
48.72,0.0007715130767347218
48.73,0.0006203992040291316
48.74,0.000544171661370922
48.75,0.0004940169158413157
48.76,0.0004940169158413502
48.77,0.0005059896375252399
48.78,0.0005823536852168154
48.79,0.000722836048849451
48.8,0.0009344631660910635
48.81,0.0011298047616164072
48.82,0.0012232807359155832
48.83,0.0012440251767772107
48.84,0.001162956642722547
48.85,0.0010106907087490933
48.86,0.0008909527859781177
48.87,0.0008439990429544748
48.88,0.0009514660305141524
48.89,0.0011406254220322784
48.9,0.0013640887559245164
48.91,0.0015595668564832039
48.92,0.0015923930812131784
48.93,0.0015318798366771745
48.94,0.0013309368748183413
48.95,0.0010331584344728073
48.96,0.0008042302392804296
48.97,0.0006153690612897986
48.98,0.0005703809635329255
48.99,0.0005752746012391454
49.0,0.000571967743361507
49.01,0.000542122720132836
49.02,0.00047340898001297017
49.03,0.000396662860070516
49.04,0.0004025372364704834
49.05,0.0005112089316077302
49.06,0.0007020916079876215
49.07,0.0008786544079179845
49.08,0.000999680896990029
49.09,0.001006623475934452
49.1,0.0008681594038783757
49.11,0.0006902553913371002
49.12,0.0005492544504202864
49.13,0.0004630504810065723
49.14,0.0004121880068496508
49.15,0.00043522695616719597
49.16,0.0004503700306954249
49.17,0.00046291397597330024
49.18,0.00044533988795596017
49.19,0.0004559713970289023
49.2,0.0004678076136794928
49.21,0.000505989637525267
49.22,0.0005321989396871514
49.23,0.0006084264823454006
49.24,0.000707121750727175
49.25,0.0007988744401645555
49.26,0.000847414963016715
49.27,0.0008855969868625017
49.28,0.000836919958977088
49.29,0.0007176167547668796
49.3,0.000728002696622215
49.31,0.0007678241466064053
49.32,0.00089641764727867
49.33,0.0010361396359742407
49.34,0.0012253296771540271
49.35,0.0013303656512245689
49.36,0.001342139607485536
49.37,0.0013028677827615714
49.38,0.0012029984564637666
49.39,0.001009930333812329
49.4,0.0008425213253106542
49.41,0.0006464720011579569
49.42,0.0006363865122181032
49.43,0.0006429195760626848
49.44,0.0008583721284661137
49.45,0.0011123671786324085
49.46,0.0013119157188185237
49.47,0.0013563858020431347
49.48,0.0012827784242170515
49.49,0.0012181941773015917
49.5,0.0012016008279781417
49.51,0.001216852964690774
49.52,0.0013534046005420056
49.53,0.0013912609680114204
49.54,0.0013307477234753278
49.55,0.001162956642722708
49.56,0.0010003322097428425
49.57,0.0008754276391991218
49.58,0.0008320263212707983
49.59,0.0008524451057561651
49.6,0.0009080647125860649
49.61,0.0009513295254811731
49.62,0.0009344631660911447
49.63,0.0009013112849848624
49.64,0.0008593876847007094
49.65,0.000744978118196659
49.66,0.0006621336529703637
49.67,0.0005547193117205458
49.68,0.000516810297941316
49.69,0.0004885520545411992
49.7,0.0005339222245490049
49.71,0.0006183502627911123
49.72,0.0006363590693691927
49.73,0.0006515021438974216
49.74,0.0006308942080689875
49.75,0.000554530160377439
49.76,0.0005372290824266162
49.77,0.0005391415186315223
49.78,0.000559749454459922
49.79,0.0005808759675725035
49.8,0.0006739698696208226
49.81,0.0007676349952631791
49.82,0.0008632657661722717
49.83,0.0009775388276430574
49.84,0.0010936716790089344
49.85,0.0011348349043559607
49.86,0.001119691829827701
49.87,0.0010811277337309814
49.88,0.0009569308918145312
49.89,0.0008145887382867387
49.9,0.0008216678222643315
49.91,0.0008213948121977208
49.92,0.0009119427940574191
49.93,0.0009667181672266432
49.94,0.0010017298382280213
49.95,0.0009494170892758549
49.96,0.0008756732064166086
49.97,0.0008421392530594394
49.98,0.0007939808024582149
49.99,0.0007606924163186924
50.0,0.0007606924163186925
50.01,0.0007557987786124678
50.02,0.0008040937342469914
50.03,0.0009415422500685757
50.04,0.001135024055698836
50.05,0.0013208239430294723
50.06,0.001411868903839616
50.07,0.0013481853064592454
50.08,0.0011679867854620645
50.09,0.0009239681620512202
50.1,0.0007179424111430464
50.11,0.0006029616210449568
50.12,0.0005339222245487143
50.13,0.0005039406962868232
50.14,0.000549773027704341
50.15,0.0005872999692327073
50.16,0.000652209872524598
50.17,0.0007432548333347439
50.18,0.000876825267684658
50.19,0.0009286726484144291
50.2,0.0009881703367159076
50.21,0.0010607089492456355
50.22,0.0011907801675620426
50.23,0.001292891356005812
50.24,0.0014019451233939892
50.25,0.0014451572899791976
50.26,0.0013152225766960223
50.27,0.0010867291000643518
50.28,0.000852770762132513
50.29,0.0006153690612897445
50.3,0.0004836584168349522
50.31,0.00044547639298923234
50.32,0.00046277747094002807
50.33,0.0004990470585808692
50.34,0.0005546666654107111
50.35,0.0006584447228418195
50.36,0.0008096951005807236
50.37,0.0009775388276431116
50.38,0.0012236063922921466
50.39,0.0013582982382482178
50.4,0.0014125766324670813
50.41,0.0014121945602161364
50.42,0.0013329858160565785
50.43,0.0012218831074301668
50.44,0.0011630931477559531
50.45,0.0011367473405607818
50.46,0.001206305314341228
50.47,0.0012010021615352225
50.48,0.0012116336706081792
50.49,0.0011730169282017043
50.5,0.0010779573808866853
50.51,0.0009443869465367752
50.52,0.0007820080807745924
50.53,0.0006584447228418195
50.54,0.0005823536852167883
50.55,0.0005703809635328985
50.56,0.0006464720011578681
50.57,0.0007939808024583627
50.58,0.000956359668220506
50.59,0.0010659846592026836
50.6,0.0011610442065176946
50.61,0.0011472423446003597
50.62,0.0010987018217481354
50.63,0.001020750994228031
50.64,0.0010282647967664333
50.65,0.001086347027813365
50.66,0.00111479819212131
50.67,0.0011397285420620036
50.68,0.0010884523849262666
50.69,0.000906204922690947
50.7,0.000695285534076619
50.71,0.00045228246690035814
50.72,0.000358890351324504
50.73,0.00039190572739748714
50.74,0.0006310833594119168
50.75,0.000939493308830398
50.76,0.0013153590817292671
50.77,0.0016581256198317108
50.78,0.0018960985442685188
50.79,0.001954751998909433
50.8,0.0018648590993671367
50.81,0.0016026425180351842
50.82,0.001310465444023153
50.83,0.0010814533901073026
50.84,0.0009190745243451196
50.85,0.000852770762132513
50.86,0.0008593876847004708
50.87,0.0008317006648943418
50.88,0.0008301138850658123
50.89,0.0007401371268001235
50.9,0.0007229725538826149
50.91,0.0007278661915888075
50.92,0.0007730998565633261
50.93,0.0009877356181551018
50.94,0.00109353517397548
50.95,0.0012116336706080996
50.96,0.0012804839157612986
50.97,0.0012583450532269288
50.98,0.0011936248640301494
50.99,0.0010542849475855044
51.0,0.0009406980164081659
51.01,0.0008703448501498717
51.02,0.0007382246905951944
51.03,0.0007557987786125304
51.04,0.0007120153884332829
51.05,0.0006795712359542727
51.06,0.0006515021438973023
51.07,0.000625864065329434
51.08,0.0005752746012390913
51.09,0.0005164846415649099
51.1,0.00042962558983371864
51.11,0.0003310668264851819
51.12,0.00020113211320199668
51.13,0.00011440956650405044
51.14,7.636404769154837e-05
51.15,7.622754265827625e-05
51.16,0.00020126861823526878
51.17,0.00035861734125801397
51.18,0.0005114544988254723
51.19,0.0006288452668307824
51.2,0.000663720432798918
51.21,0.0006739698696209543
51.22,0.0006084264823454547
51.23,0.0006035328446392622
51.24,0.0006791891637035259
51.25,0.0007732363615967757
51.26,0.00094941708927624
51.27,0.001065984659202803
51.28,0.0010916227377706328
51.29,0.0010155317001455677
51.3,0.0008543575419609812
51.31,0.0006896841677429572
51.32,0.0005273053019808085
51.33,0.000511208931607676
51.34,0.0006536875901687364
51.35,0.0008908162809450151
51.36,0.0011734516467623252
51.37,0.0013687932422877132
51.38,0.0013912609680112704
51.39,0.0012389950340378861
51.4,0.0009775388276430305
51.41,0.0007179424111432584
51.42,0.0005493909554536128
51.43,0.0005392780236648485
51.44,0.0006133201200516474
51.45,0.0007662937826523778
51.46,0.0008418135966833694
51.47,0.0008649890510341597
51.48,0.0008194823759930548
51.49,0.0007889506597189285
51.5,0.0007277296865555786
51.51,0.0006795712359543
51.52,0.0005976058219292865
51.53,0.0005546666654106224
51.54,0.00044533988795590607
51.55,0.0003642187075914642
51.56,0.00028238979859973774
51.57,0.0002617818627713035
51.58,0.00028238979859971064
51.59,0.00036421870759143713
51.6,0.000559885959493194
51.61,0.0007451672695396465
51.62,0.0009724560385936534
51.63,0.0011346983993225496
51.64,0.0012133569554698984
51.65,0.0011554428401841907
51.66,0.000984863478838152
51.67,0.0008471693957989745
51.68,0.0007022281130208936
51.69,0.0006466085061910665
51.7,0.0006896841677430333
51.71,0.000735054337750824
51.72,0.0007863304948865609
51.73,0.0007455493417904081
51.74,0.0006945778054491498
51.75,0.0006260005703626173
51.76,0.0005979314783056223
51.77,0.0006847905300368406
51.78,0.0007556622735792582
51.79,0.00089062712960182
51.8,0.0009842922552441122
51.81,0.0009998700483330718
51.82,0.00094998831287001
51.83,0.0008369199589769368
51.84,0.0007295894764506229
51.85,0.0005752746012390567
51.86,0.0004891232781351576
51.87,0.0004730269077620101
51.88,0.00046291397597324603
51.89,0.00046086503473500624
51.9,0.0005164846415647905
51.91,0.000505853132491809
51.92,0.00045597139702869427
51.93,0.0003691123452974759
51.94,0.00041437345312086087
51.95,0.0004348448839159813
51.96,0.000537800306020301
51.97,0.0006563957816032021
51.98,0.0007193400396283378
51.99,0.000671920928382391
52.0,0.0006364955744021986
52.01,0.0005491179453869061
52.02,0.0005274418070141766
52.03,0.0005265975733537013
52.04,0.0006483317910530282
52.05,0.0007050728094890044
52.06,0.0007662937826522891
52.07,0.0007500609072458392
52.08,0.0006795712359543
52.09,0.0006516386489305744
52.1,0.0006915966039480403
52.11,0.0008096951005806695
52.12,0.0009825689703825493
52.13,0.001126497903738892
52.14,0.0012265875937933716
52.15,0.0011577373486402031
52.16,0.0010380520721790419
52.17,0.0008909527859783453
52.18,0.0007020916079877103
52.19,0.0006898206727763596
52.2,0.0007071217507271283
52.21,0.0008320263212708066
52.22,0.0009443869465365907
52.23,0.001027939140390146
52.24,0.0010479758526245923
52.25,0.0009517115977319557
52.26,0.0008194823759929735
52.27,0.0007022281130209628
52.28,0.0005597494544599219
52.29,0.0004941534208745572
52.3,0.00046780761367936106
52.31,0.00046780761367937353
52.32,0.0004177893731830394
52.33,0.0003691123452976298
52.34,0.0003380094054295526
52.35,0.00028238979859973774
52.36,0.000287991164933215
52.37,0.00032043531741223977
52.38,0.0003485044094692497
52.39,0.0003359604641913745
52.4,0.00042486845716071674
52.41,0.0004728904027286298
52.42,0.0005378003060203896
52.43,0.0006565322866365285
52.44,0.000746890554401197
52.45,0.0007919318612199189
52.46,0.0008250837423263201
52.47,0.0008006503713361734
52.48,0.0007433913383680234
52.49,0.0006413892121086575
52.5,0.0005820806751502712
52.51,0.0004941534208746766
52.52,0.0004454763929892323
52.53,0.0004904644907461323
52.54,0.0005321989396871787
52.55,0.0006621336529703638
52.56,0.0008056805140758004
52.57,0.0009237790107083951
52.58,0.0009930639744222462
52.59,0.0010173076313174131
52.6,0.0009668546722602733
52.61,0.0008093694442042255
52.62,0.0006307577030355835
52.63,0.0004836584168348872
52.64,0.0003155416797059584
52.65,0.00023931413704771673
52.66,0.0002443442797872085
52.67,0.0002616453577380314
52.68,0.0002928848026394077
52.69,0.00029288480263940767
52.7,0.0002616453577380314
52.71,0.00020616225594146146
52.72,0.00012490457054372043
52.73,7.622754265827625e-05
52.74,3.8182023845774186e-05
52.75,3.8182023845774186e-05
52.76,0.0001144095665040233
52.77,0.0002393141370477167
52.78,0.0003691123452975952
52.79,0.0005546666654105375
52.8,0.0006738333645874421
52.81,0.0008044758064978553
52.82,0.0008575278948052837
52.83,0.0008981409321401515
52.84,0.00090074006139053
52.85,0.0008599589082944558
52.86,0.0008194823759928814
52.87,0.000793980802458269
52.88,0.0007451672695395924
52.89,0.0007765432194742367
52.9,0.0007938442974250095
52.91,0.0008369199589769639
52.92,0.0008093694442041367
52.93,0.0007225103924729183
52.94,0.0006308942080687745
52.95,0.0005598859594930822
52.96,0.0005166737929078664
52.97,0.0005703809635327522
52.98,0.0006739698696207414
52.99,0.0008163120231485345
53.0,0.0009062049226908471
53.01,0.0009674258958541616
53.02,0.0009562231631872192
53.03,0.0008649890510340093
53.04,0.0007432548333346321
53.05,0.0007022281130208581
53.06,0.0006741590209638531
53.07,0.0006952855340764651
53.08,0.0007606924163186876
53.09,0.0008212056608547347
53.1,0.0007711874203583931
53.11,0.0006619971479369182
53.12,0.0005773235424771376
53.13,0.00047302690776183676
53.14,0.0005274418070139919
53.15,0.0006408706348241868
53.16,0.0007837313656361552
53.17,0.0008399011604781978
53.18,0.0008060625863265289
53.19,0.0006945778054492531
53.2,0.0006036693496724258
53.21,0.0005060422838350131
53.22,0.0005323354447203314
53.23,0.0005213782792709979
53.24,0.0005769978861008524
53.25,0.0005752746012390567
53.26,0.0005653508207934068
53.27,0.0006361135021514777
53.28,0.0008216678222644975
53.29,0.001038052072179027
53.3,0.001265204336199789
53.31,0.0014069752661335427
53.32,0.0014520998689237145
53.33,0.0013309368748183953
53.34,0.001151120426072157
53.35,0.0009513295254811384
53.36,0.0007295894764507422
53.37,0.0005372290824265891
53.38,0.0004022642264039392
53.39,0.00031554167970595837
53.4,0.00024434427978711634
53.41,0.0002235998389253976
53.42,0.0002823897985996184
53.43,0.0003642187075914026
53.44,0.00048352191180165316
53.45,0.000592712184223132
53.46,0.0006462828498147614
53.47,0.0006462828498147308
53.48,0.0006308942080688557
53.49,0.0005979314783056656
53.5,0.0006798968923307217
53.51,0.0008039572292139201
53.52,0.0009517115977321059
53.53,0.0010635009994039658
53.54,0.0010884523849264169
53.55,0.0010206144891950516
53.56,0.0008964176472785812
53.57,0.0007451672695396466
53.58,0.0007122883984998146
53.59,0.0006689397268812619
53.6,0.0006951490290431349
53.61,0.0007001791717825732
53.62,0.0006914074526047045
53.63,0.0006357878457748874
53.64,0.0006190579914181308
53.65,0.0005977949732722852
53.66,0.0005878185465168347
53.67,0.0005421227201327166
53.68,0.000495740200703142
53.69,0.0004503700306953437
53.7,0.00036421870759141003
53.71,0.00027735965586018417
53.72,0.00028252630363286344
53.73,0.0003761914292751681
53.74,0.0005597494544598026
53.75,0.0007438260569286372
53.76,0.000928672648414375
53.77,0.001044805499780264
53.78,0.0010153951951123567
53.79,0.0009118062890243592
53.8,0.0007451672695396069
53.81,0.000544171661370922
53.82,0.0003692488503308673
53.83,0.00035372370355171294
53.84,0.0003917692223641879
53.85,0.00045597139702872484
53.86,0.0005595603031166652
53.87,0.0006150434049132104
53.88,0.000623951629124351
53.89,0.0006466085061910515
53.9,0.0006534145801022466
53.91,0.0007003156768160836
53.92,0.0007606924163189005
53.93,0.0008161755181154705
53.94,0.0007919318612202769
53.95,0.0007176167547669337
53.96,0.0006202626989960454
53.97,0.0004941534208746766
53.98,0.0004072943691434581
53.99,0.0003760549242420818
54.0,0.00036924885033095607
54.01,0.000407294369143431
54.02,0.0004627774709399739
54.03,0.0004990470585807805
54.04,0.0005546666654105375
54.05,0.0005820806751500312
54.06,0.000580875967572326
54.07,0.0005370925773930439
54.08,0.0004852451966632431
54.09,0.00037414248803688293
54.1,0.0002879911649330376
54.11,0.00026686465182049467
54.12,0.0002774961608934908
54.13,0.0002928848026394077
54.14,0.00039158007102121657
54.15,0.00046780761367946574
54.16,0.0005321989396871244
54.17,0.000608426482345366
54.18,0.0008216678222644669
54.19,0.0009893750442935977
54.2,0.001222265179681161
54.21,0.0014170881979224262
54.22,0.0015131843370538888
54.23,0.00144832764282381
54.24,0.0012777482814777614
54.25,0.0011088147535371251
54.26,0.0009465723928081479
54.27,0.0007713765717015039
54.28,0.0007765432194742367
54.29,0.0007294529714173508
54.3,0.0006844648736604654
54.31,0.0006239516291244703
54.32,0.0005771870374439898
54.33,0.0005217039356474545
54.34,0.0004941534208746494
54.35,0.0005822171801835433
54.36,0.0006689397268814896
54.37,0.0007488561996682829
54.38,0.0008369199589771226
54.39,0.0008925395658069302
54.4,0.000944523451569928
54.41,0.0009949764106269667
54.42,0.001114416119870425
54.43,0.0012443508331535797
54.44,0.0013101924339565573
54.45,0.0013846440454432247
54.46,0.0013534046005419366
54.47,0.0012234698872588203
54.48,0.0010694280221137677
54.49,0.0008700718400834862
54.5,0.0007834857984188121
54.51,0.0006896841677431958
54.52,0.0006363590693691927
54.53,0.0006565322866368865
54.54,0.0006101497672072811
54.55,0.0005370925773933713
54.56,0.00045597139702890227
54.57,0.00033787290039630766
54.58,0.00028252630363298276
54.59,0.00020113211320194253
54.6,0.00020113211320190797
54.61,0.00020616225594134214
54.62,0.0002235998389253705
54.63,0.0003205718224453384
54.64,0.00040226422640381594
54.65,0.0005321989396869781
54.66,0.0006357878457749672
54.67,0.0007019024566444841
54.68,0.0007050728094888504
54.69,0.0006363590693690069
54.7,0.0005265975733535548
54.71,0.0003866864333149352
54.72,0.0002442077747539094
54.73,0.00020126861823524167
54.74,0.00022881913300810085
54.75,0.00031554167970604716
54.76,0.0004559713970288752
54.77,0.000635787845775126
54.78,0.0007399479754571054
54.79,0.0007919318612201305
54.8,0.0008320263212707983
54.81,0.0008595768360436081
54.82,0.0008632657661721523
54.83,0.0008474149630166609
54.84,0.0008212056608547888
54.85,0.0007990109451978582
54.86,0.0007990635915077274
54.87,0.000957256548190975
54.88,0.0011350240556989935
54.89,0.0013051096449073092
54.9,0.0013787170227332758
54.91,0.0013051096449071802
54.92,0.0010586600080072497
54.93,0.0007666194390284906
54.94,0.000587572979299143
54.95,0.0005668285384374368
54.96,0.0006571035102306328
54.97,0.000829977380032421
54.98,0.0009253657905365542
54.99,0.0008955207673079205
55.0,0.0007662937826521118
55.01,0.0006359769971180973
55.02,0.0005168102979411804
55.03,0.0004454763929891436
55.04,0.0005059896375251206
55.05,0.0005927121842230274
55.06,0.0007001791717826578
55.07,0.0007556622735792278
55.08,0.0007606924163187147
55.09,0.000722646897506252
55.1,0.0006307577030356266
55.11,0.0005321989396871244
55.12,0.0004836584168349251
55.13,0.0004522824669002498
55.14,0.0004941534208744991
55.15,0.0006134566250846267
55.16,0.0007244228286776877
55.17,0.0008682959089114091
55.18,0.0009236425056747069
55.19,0.0009792621125045663
55.2,0.0010257811369674954
55.21,0.0009742319697652341
55.22,0.0009443869465366018
55.23,0.0008475514680499329
55.24,0.000729452971417405
55.25,0.0006516386489306051
55.26,0.0005271687969476597
55.27,0.0005217039356474815
55.28,0.0005823536852168154
55.29,0.0006307577030357154
55.3,0.00074885619966831
55.31,0.0008751019828229509
55.32,0.0009305850846195211
55.33,0.0009168364317639973
55.34,0.0008474149630168467
55.35,0.0007294529714175242
55.36,0.0005372290824266433
55.37,0.0003642187075914642
55.38,0.000305046675666323
55.39,0.00031567818473923054
55.4,0.0004072943691433117
55.41,0.0005545301603772532
55.42,0.0006462828498146421
55.43,0.0006462828498146421
55.44,0.0005927121842230003
55.45,0.0004835219118015338
55.46,0.000402400731437088
55.47,0.0003586173412578405
55.48,0.00042486845716063927
55.49,0.0005265975733535819
55.5,0.0006745410932148782
55.51,0.0008194823759930277
55.52,0.000979398617538156
55.53,0.0010811277337310517
55.54,0.0011354061279499426
55.55,0.0010916227377706785
55.56,0.0009842922552443106
55.57,0.0007606924163188119
55.58,0.0005321989396871244
55.59,0.00031554167970602
55.6,0.00019077361419559882
55.61,0.00015259159034982462
55.62,0.00023931413704774375
55.63,0.000407294369143404
55.64,0.0005545301603773503
55.65,0.0007990109451977192
55.66,0.001027557068139155
55.67,0.001206603527868399
55.68,0.0013672064624588563
55.69,0.0014313554280616081
55.7,0.0013582982382477479
55.71,0.0011666455728509945
55.72,0.0009462993827413996
55.73,0.0007348087705330735
55.74,0.0005705174685660168
55.75,0.0005215674306140284
55.76,0.0005496365226710607
55.77,0.0005803047439784637
55.78,0.0005719677433614182
55.79,0.0005752746012390641
55.8,0.0005703809635328714
55.81,0.0005771870374439898
55.82,0.0006134566250848003
55.83,0.0006032071882627516
55.84,0.0006739698696208349
55.85,0.000707121750727175
55.86,0.0007333310528891212
55.87,0.000776406714441115
55.88,0.0007781299993029684
55.89,0.0007275405352125911
55.9,0.0006413892121086304
55.91,0.0005597494544599564
55.92,0.0005168102979412272
55.93,0.0004835219118016151
55.94,0.0005546666654105524
55.95,0.0006739698696207809
55.96,0.0008320263212708066
55.97,0.0009775388276429381
55.98,0.001124911123910179
55.99,0.0012285000299981856
56.0,0.0012389950340378553
56.01,0.0011402997656560685
56.02,0.001000006553366525
56.03,0.0008215313172312255
56.04,0.0006847905300369219
56.05,0.0006084264823453735
56.06,0.0005927121842231245
56.07,0.0005595603031167846
56.08,0.00047830261771903104
56.09,0.0003691123452975646
56.1,0.00023931413704768214
56.11,0.00011440956650399628
56.12,3.818202384574706e-05
56.13,0.0
56.14,0.0
56.15,0.0
56.16,0.0
56.17,3.8182023845774186e-05
56.18,7.622754265827625e-05
56.19,0.0001630865943894675
56.2,0.00035875384629123193
56.21,0.0005390050135982156
56.22,0.0007488561996681636
56.23,0.0008904906245686278
56.24,0.0010399118620740637
56.25,0.0010636901507468646
56.26,0.001049254804845915
56.27,0.0011295591943987504
56.28,0.0012256553335302284
56.29,0.0012753172679885658
56.3,0.0013520633879310347
56.31,0.0012888767695010367
56.32,0.0011142269685275265
56.33,0.000786901718480758
56.34,0.0005166737929080166
56.35,0.00030518318069964925
56.36,0.00019077361419559882
56.37,0.00020113211320199668
56.38,0.0002928848026394077
56.39,0.00035339804717544237
56.4,0.0003533980471754424
56.41,0.00033106682648518187
56.42,0.0002773596558602729
56.43,0.0002774961608935451
56.44,0.00028238979859973774
56.45,0.0003866864333150239
56.46,0.0004884155495079271
56.47,0.0005601315267109164
56.48,0.0006183502627911122
56.49,0.0006101497672072811
56.5,0.0005752746012391454
56.51,0.0005321989396871785
56.52,0.00046277747094002807
56.53,0.00045050653572869707
56.54,0.0003865499282817518
56.55,0.0003691123452976839
56.56,0.0003310668264851819
56.57,0.00033800940542957973
56.58,0.00039679936510376106
56.59,0.00045094125428938334
56.6,0.0005370925773932826
56.61,0.0006151799099466266
56.62,0.0006357878457750213
56.63,0.0006189214863849513
56.64,0.0005702444584995031
56.65,0.0005059896375250936
56.66,0.00039158007102105773
56.67,0.00033106682648506255
56.68,0.0003155416797059584
56.69,0.000315541679705993
56.7,0.0003692488503309289
56.71,0.0004678076136794928
56.72,0.0005927121842231862
56.73,0.0006619971479370375
56.74,0.0006794347309210708
56.75,0.0006357878457750608
56.76,0.0005928486892562995
56.77,0.0005215674306140088
56.78,0.0005273053019807198
56.79,0.0005265975733534084
56.8,0.0005721042483944885
56.81,0.0005801682389450994
56.82,0.0005983135505565132
56.83,0.000564643092166095
56.84,0.0005115910038586902
56.85,0.0004885520545411991
56.86,0.0005391415186315765
56.87,0.0006084264823454276
56.88,0.0007001791717828118
56.89,0.0007399479754571054
56.9,0.0007275405352124718
56.91,0.0006413892121085258
56.92,0.0005215674306141171
56.93,0.00040240073143717675
56.94,0.0003205718224454306
56.95,0.0002998273815837243
56.96,0.000292884802639319
56.97,0.00029288480263928835
56.98,0.00029982738158367385
56.99,0.00032057182244539257
57.0,0.0003260366837456284
57.01,0.0004072943691433769
57.02,0.00046780761367941153
57.03,0.0004783026177190741
57.04,0.0005754111062722168
57.05,0.0006534145801020606
57.06,0.0007333310528887897
57.07,0.0008301138850656043
57.08,0.0009148707864968028
57.09,0.0009286726484141486
57.1,0.0008737607702116755
57.11,0.0008213948121977604
57.12,0.0007834857984185719
57.13,0.0007001791717826926
57.14,0.0007176167547667562
57.15,0.000788379436124777
57.16,0.000832026321270717
57.17,0.0009394933088303398
57.18,0.0010380520721788463
57.19,0.0011091968257878056
57.2,0.0010966528805099551
57.21,0.000989757116544369
57.22,0.0008194823759928813
57.23,0.0006260005703626089
57.24,0.000473026907761945
57.25,0.00044058275528295095
57.26,0.0005217039356474001
57.27,0.0007453037745729025
57.28,0.0009618245295207197
57.29,0.0011402997656560158
57.3,0.0012008130101920256
57.31,0.0011140904634941043
57.32,0.0008855969868624435
57.33,0.0006466085061910936
57.34,0.00042995124620998917
57.35,0.00031567818473923054
57.36,0.00032057182244539257
57.37,0.0004247319521273672
57.38,0.0005370925773931978
57.39,0.00064138921210848
57.4,0.0006738333645875087
57.41,0.0007177532598000469
57.42,0.0007659117104013527
57.43,0.0008651782023772048
57.44,0.0009443869465367751
57.45,0.0010329692831298472
57.46,0.001065413435608899
57.47,0.0010105015574063416
57.48,0.0008631292611390883
57.49,0.0007071217507272638
57.5,0.000505989637525267
57.51,0.00036924885033092896
57.52,0.00031554167970599295
57.53,0.0003537237035517326
57.54,0.00040729436914333883
57.55,0.0004783026177190311
57.56,0.0005213782792710104
57.57,0.0004783026177190741
57.58,0.0004072943691433769
57.59,0.00031554167970596585
57.6,0.00023931413704768214
57.61,0.00020616225594134214
57.62,0.0002235998389253705
57.63,0.00028238979859956427
57.64,0.00032603668374553966
57.65,0.00040729436914325757
57.66,0.0004678076136792798
57.67,0.00047830261771895477
57.68,0.0004608650347348869
57.69,0.00042473195212731305
57.7,0.00035861734125781333
57.71,0.0002879911649330376
57.72,0.00028238979859953716
57.73,0.00033800940542936674
57.74,0.0004072943691432501
57.75,0.0004940169158411964
57.76,0.0005545301603772532
57.77,0.0005595603031167574
57.78,0.0004783026177190741
57.79,0.0004072943691433769
57.8,0.00031554167970596585
57.81,0.00023931413704768214
57.82,0.00024434427978711634
57.83,0.0002616453577378997
57.84,0.0003310668264850626
57.85,0.0004072943691433694
57.86,0.0004627774709399739
57.87,0.0005372290824265891
57.88,0.0005545301603773849
57.89,0.0005927121842231245
57.9,0.0005752746012390261
57.91,0.0005114544988253406
57.92,0.00045037003069530563
57.93,0.0003866864333149352
57.94,0.0003586173412579327
57.95,0.00036421870759141003
57.96,0.00040729436914336935
57.97,0.0004678076136793735
57.98,0.0005928486892563537
57.99,0.0007659117104013527
58.0,0.0009519007490751511
58.01,0.0011123671786324627
58.02,0.0012183870982096022
58.03,0.0012333936677045864
58.04,0.001173588151795809
58.05,0.0010155843464555868
58.06,0.0008702083451166696
58.07,0.000673969869620835
58.08,0.0005164846415648054
58.09,0.0004072943691433388
58.1,0.0003537237035517326
58.11,0.0003537237035517672
58.12,0.000407294369143431
58.13,0.000516484641564937
58.14,0.0005976058219294059
58.15,0.0006032071882628833
58.16,0.0006134566250849196
58.17,0.0005771870374440786
58.18,0.0005703809635329527
58.19,0.0006516386489306395
58.2,0.0007244228286779512
58.21,0.0007919318612200994
58.22,0.0007711874203583319
58.23,0.0007676349952630349
58.24,0.0006896841677429572
58.25,0.0006140278486787547
58.26,0.0006410071398576163
58.27,0.000648331791052947
58.28,0.0006670272906764676
58.29,0.0007176167547667872
58.3,0.0007069852456938058
58.31,0.0006621336529701558
58.32,0.000554530160377231
58.33,0.0005823536852165482
58.34,0.0006361135021512502
58.35,0.0007283009101493556
58.36,0.0008681594038781409
58.37,0.0009303959332759918
58.38,0.0009129583502919883
58.39,0.0007869017184805459
58.4,0.0006415783634515746
58.41,0.0005875729792992514
58.42,0.0005391415186314877
58.43,0.0005857696052786961
58.44,0.0006462828498147184
58.45,0.0006150434049133545
58.46,0.0004990470585807805
58.47,0.000326036683745663
58.48,0.00022881913300807374
58.49,0.00019077361419559882
58.5,0.00023931413704777086
58.51,0.00040729436914343104
58.52,0.0005927121842231591
58.53,0.0007225103924730376
58.54,0.0007711874203584513
58.55,0.0008370564640103171
58.56,0.0008213948121979228
58.57,0.0008965541523118532
58.58,0.0009719374613096072
58.59,0.0010453767233744502
58.6,0.001046063416419898
58.61,0.0009309671568704268
58.62,0.0007326233242618906
58.63,0.0005656238308600322
58.64,0.0003811377132913813
58.65,0.0004025372364705105
58.66,0.00041218800684959665
58.67,0.0006102862722404645
58.68,0.0007708053481075455
58.69,0.0009243502343022488
58.7,0.0010255081269011249
58.71,0.0010504068661137645
58.72,0.0010481123576578483
58.73,0.0010713404583184336
58.74,0.0010487362275615648
58.75,0.0010694280221133752
58.76,0.0010829875236257353
58.77,0.0010654134356084053
58.78,0.0009604833169095329
58.79,0.0008526342570989901
58.8,0.0007522463535170369
58.81,0.0006516386489303664
58.82,0.0006571035102306023
58.83,0.0007069852456937516
58.84,0.0007990109451977733
58.85,0.000836919958977088
58.86,0.0009951129156604247
58.87,0.0011350240556991017
58.88,0.0013054353012839001
58.89,0.0014170881979224262
58.9,0.0015063782631426705
58.91,0.0014933157405805514
58.92,0.001392157847981604
58.93,0.0012649587689820138
58.94,0.0011700357267002191
58.95,0.0010380520721788536
58.96,0.0009550184556095053
58.97,0.0008161755181152429
58.98,0.0006739698696207684
58.99,0.00045597139702878295
59.0,0.00027735965586018417
59.01,0.00015259159034977047
59.02,7.636404769152124e-05
59.03,0.00011440956650405042
59.04,0.00020113211320199668
59.05,0.00036924885033095607
59.06,0.0005058531324919949
59.07,0.0006795712359544317
59.08,0.0008194823759930818
59.09,0.0009361864509529441
59.1,0.0009874626080887074
59.11,0.0009898936215777879
59.12,0.000918041139341514
59.13,0.0008044758064980329
59.14,0.0006133201200515586
59.15,0.0004629139759732461
59.16,0.0003587538462912589
59.17,0.0003919057273975955
59.18,0.0005548558167538179
59.19,0.0008527707621326363
59.2,0.0011472423446005442
59.21,0.001368793242287799
59.22,0.0014174702701731819
59.23,0.001277040552850302
59.24,0.0010000065533664329
59.25,0.0006847905300368257
59.26,0.00046813327005573637
59.27,0.0003919057273974871
59.28,0.00048365841683491775
59.29,0.000630757703035596
59.3,0.0007711874203584388
59.31,0.0008524451057561922
59.32,0.000854357541961156
59.33,0.000776406714441088
59.34,0.0006571035102308719
59.35,0.0006203992040293175
59.36,0.0006203992040293175
59.37,0.0006189214863851248
59.38,0.0006619971479370917
59.39,0.0006914074526050221
59.4,0.0006739698696209272
59.41,0.0006189214863850707
59.42,0.0005702444584995919
59.43,0.000544171661370922
59.44,0.0005441716613708553
59.45,0.0005702444584994531
59.46,0.0006571035102306328
59.47,0.0007120153884331635
59.48,0.0007019024566444016
59.49,0.0006288452668305436
59.5,0.000549636522671069
59.51,0.00043484488391618193
59.52,0.00036435521262470914
59.53,0.0003967993651037881
59.54,0.0005009594947858022
59.55,0.0006239516291245896
59.56,0.0007225103924731263
59.57,0.0008163120231487426
59.58,0.0008194823759931089
59.59,0.0007612636399129131
59.6,0.0007327598292951626
59.61,0.0006865138148988295
59.62,0.0006515021438973945
59.63,0.0007334675579223932
59.64,0.0007832127883521791
59.65,0.0008475514680499996
59.66,0.0008524451057561797
59.67,0.0009307215896526736
59.68,0.000928861799757606
59.69,0.0009069126513182857
59.7,0.0009181776443748907
59.71,0.0009531893153763257
59.72,0.0009443869465368024
59.73,0.0009449581701307878
59.74,0.0009131475016353643
59.75,0.0008213421658880882
59.76,0.0006462828498147185
59.77,0.0005703809635328334
59.78,0.00046799676502251087
59.79,0.0004787647791287055
59.8,0.0005647795971993401
59.81,0.000735054337750824
59.82,0.0009112350654302813
59.83,0.0011043031880816128
59.84,0.0012335828190472918
59.85,0.0012984927223391128
59.86,0.0012596029698660313
59.87,0.00124607411801523
59.88,0.001081127733730674
59.89,0.0009450946751636704
59.9,0.0008803212769050671
59.91,0.0008389689002149289
59.92,0.0007919318612198608
59.93,0.0007711874203581544
59.94,0.0006912709475713784
59.95,0.0006135931301178988
59.96,0.00047849176906209216
59.97,0.0003574111563727392
59.98,0.00048275521302001577
59.99,0.0010975667475740004
60.0,0.0
